timestamp,farm_id,crop,temperature,humidity,soil_moisture,light,rain_probability,leaf_wetness,irrigation_needed,disease_risk
2026-07-15 11:49:36.462562,FARM_001,Tomato,26.84,65.16,41.54,23.51,38.99,33.47,0,MEDIUM
2026-07-15 11:59:36.462562,FARM_001,Tomato,24.49,64.96,43.44,26.75,38.17,32.57,0,MEDIUM
2026-07-15 12:09:36.462562,FARM_001,Tomato,27.4,55.97,41.95,29.58,22.8,30.04,0,LOW
2026-07-15 12:19:36.462562,FARM_001,Tomato,30.64,65.79,45.56,55.35,41.9,32.49,0,MEDIUM
2026-07-15 12:29:36.462562,FARM_001,Tomato,24.13,72.91,51.11,5.88,15.82,35.3,0,HIGH
2026-07-15 12:39:36.462562,FARM_001,Tomato,24.13,59.46,41.07,2.99,26.36,31.78,0,LOW
2026-07-15 12:49:36.462562,FARM_001,Tomato,30.84,75.02,50.1,63.81,9.41,34.89,0,HIGH
2026-07-15 12:59:36.462562,FARM_001,Tomato,27.84,71.27,41.01,14.19,54.24,27.73,0,MEDIUM
2026-07-15 13:09:36.462562,FARM_001,Tomato,23.26,63.08,40.68,0.0,31.68,29.06,0,LOW
2026-07-15 13:19:36.462562,FARM_001,Tomato,27.01,67.05,49.17,13.53,61.9,28.31,0,MEDIUM
2026-07-15 13:29:36.462562,FARM_001,Tomato,23.29,78.71,49.7,18.06,44.72,29.28,0,HIGH
2026-07-15 13:39:36.462562,FARM_001,Tomato,23.28,72.91,49.34,73.1,40.25,39.84,0,HIGH
2026-07-15 13:49:36.462562,FARM_001,Tomato,25.9,68.06,38.29,54.7,27.21,36.64,0,HIGH
2026-07-15 13:59:36.462562,FARM_001,Tomato,18.0,66.41,42.62,61.21,21.42,26.36,0,LOW
2026-07-15 14:09:36.462562,FARM_001,Tomato,18.62,68.51,49.2,51.64,41.19,34.99,0,MEDIUM
2026-07-15 14:19:36.462562,FARM_001,Tomato,22.92,64.57,45.21,55.33,33.7,30.27,0,LOW
2026-07-15 14:29:36.462562,FARM_001,Tomato,21.25,53.9,39.52,7.61,17.73,28.61,0,LOW
2026-07-15 14:39:36.462562,FARM_001,Tomato,26.16,81.68,47.34,21.9,15.49,24.03,0,HIGH
2026-07-15 14:49:36.462562,FARM_001,Tomato,21.64,69.04,41.35,0.0,22.52,38.04,0,HIGH
2026-07-15 14:59:36.462562,FARM_001,Tomato,19.77,70.67,54.15,21.55,57.54,24.73,0,LOW
2026-07-15 15:09:36.462562,FARM_001,Tomato,30.42,67.61,52.88,47.68,62.49,32.2,0,MEDIUM
2026-07-15 15:19:36.462562,FARM_001,Tomato,24.16,63.07,48.08,31.63,37.18,27.11,0,LOW
2026-07-15 15:29:36.462562,FARM_001,Tomato,25.25,66.75,51.94,66.0,36.48,36.92,0,MEDIUM
2026-07-15 15:39:36.462562,FARM_001,Tomato,19.73,57.28,45.33,0.0,30.36,30.59,0,LOW
2026-07-15 15:49:36.462562,FARM_001,Tomato,22.99,83.26,48.9,42.31,22.83,31.73,0,HIGH
2026-07-15 15:59:36.462562,FARM_001,Tomato,25.41,59.73,52.54,0.0,51.93,31.93,0,LOW
2026-07-15 16:09:36.462562,FARM_001,Tomato,20.74,61.09,46.25,30.45,58.21,34.22,0,LOW
2026-07-15 16:19:36.462562,FARM_001,Tomato,26.39,65.05,43.7,49.32,23.34,32.57,0,MEDIUM
2026-07-15 16:29:36.462562,FARM_001,Tomato,22.78,76.63,36.31,21.44,33.56,32.25,0,HIGH
2026-07-15 16:39:36.462562,FARM_001,Tomato,23.92,68.1,44.58,43.79,28.93,29.55,0,MEDIUM
2026-07-15 16:49:36.462562,FARM_001,Tomato,22.77,59.72,49.2,0.0,29.3,23.52,0,LOW
2026-07-15 16:59:36.462562,FARM_001,Tomato,31.85,76.4,49.82,0.0,49.54,26.12,0,HIGH
2026-07-15 17:09:36.462562,FARM_001,Tomato,24.95,72.9,47.57,43.97,18.07,36.6,0,HIGH
2026-07-15 17:19:36.462562,FARM_001,Tomato,21.09,71.61,42.24,78.63,40.48,30.76,0,MEDIUM
2026-07-15 17:29:36.462562,FARM_001,Tomato,28.04,72.8,34.92,0.0,43.78,28.72,0,MEDIUM
2026-07-15 17:39:36.462562,FARM_001,Tomato,20.48,84.04,42.47,63.39,32.81,24.49,0,HIGH
2026-07-15 17:49:36.462562,FARM_001,Tomato,25.77,82.64,43.45,28.97,45.85,22.7,0,HIGH
2026-07-15 17:59:36.462562,FARM_001,Tomato,18.0,63.4,43.4,0.0,36.46,28.49,0,LOW
2026-07-15 18:09:36.462562,FARM_001,Tomato,20.09,78.88,48.15,0.0,49.94,37.56,0,HIGH
2026-07-15 18:19:36.462562,FARM_001,Tomato,25.73,70.57,55.13,28.16,15.42,29.32,0,MEDIUM
2026-07-15 18:29:36.462562,FARM_001,Tomato,27.73,71.34,45.63,15.89,30.21,34.78,0,HIGH
2026-07-15 18:39:36.462562,FARM_001,Tomato,25.63,56.66,43.89,0.0,33.7,29.06,0,LOW
2026-07-15 18:49:36.462562,FARM_001,Tomato,24.57,66.86,43.68,0.0,0.93,36.14,0,MEDIUM
2026-07-15 18:59:36.462562,FARM_001,Tomato,23.89,62.55,45.63,2.98,20.92,30.5,0,LOW
2026-07-15 19:09:36.462562,FARM_001,Tomato,19.53,73.55,40.78,33.36,24.35,25.48,0,MEDIUM
2026-07-15 19:19:36.462562,FARM_001,Tomato,22.34,75.18,45.61,27.51,46.55,30.97,0,HIGH
2026-07-15 19:29:36.462562,FARM_001,Tomato,23.3,54.1,47.3,13.06,25.69,42.95,0,LOW
2026-07-15 19:39:36.462562,FARM_001,Tomato,28.91,67.85,46.07,33.6,24.29,42.7,0,HIGH
2026-07-15 19:49:36.462562,FARM_001,Tomato,26.27,75.52,47.33,58.07,44.9,35.27,0,HIGH
2026-07-15 19:59:36.462562,FARM_001,Tomato,18.48,66.75,47.21,39.21,14.21,31.72,0,LOW
2026-07-15 20:09:36.462562,FARM_001,Tomato,26.2,72.88,35.96,24.16,8.5,34.23,1,HIGH
2026-07-15 20:19:36.462562,FARM_001,Tomato,23.58,70.35,48.25,54.8,30.04,34.31,0,MEDIUM
2026-07-15 20:29:36.462562,FARM_001,Tomato,22.5,70.29,41.58,0.0,16.36,32.27,0,MEDIUM
2026-07-15 20:39:36.462562,FARM_001,Tomato,27.26,66.18,39.41,21.13,16.84,35.01,0,MEDIUM
2026-07-15 20:49:36.462562,FARM_001,Tomato,28.81,59.85,39.37,21.83,41.83,33.69,0,LOW
2026-07-15 20:59:36.462562,FARM_001,Tomato,28.45,60.49,47.21,0.0,45.64,30.7,0,LOW
2026-07-15 21:09:36.462562,FARM_001,Tomato,21.89,72.75,43.86,15.44,44.54,25.69,0,MEDIUM
2026-07-15 21:19:36.462562,FARM_001,Tomato,23.86,68.13,36.42,0.0,48.57,29.88,0,MEDIUM
2026-07-15 21:29:36.462562,FARM_001,Tomato,26.23,67.07,47.44,83.54,50.24,37.06,0,MEDIUM
2026-07-15 21:39:36.462562,FARM_001,Tomato,28.61,65.16,37.66,0.33,7.78,32.32,1,MEDIUM
2026-07-15 21:49:36.462562,FARM_001,Tomato,23.23,65.96,45.71,74.01,40.28,34.21,0,MEDIUM
2026-07-15 21:59:36.462562,FARM_001,Tomato,24.31,75.01,46.22,28.81,27.93,30.89,0,HIGH
2026-07-15 22:09:36.462562,FARM_001,Tomato,20.91,65.75,49.52,44.19,25.18,26.46,0,LOW
2026-07-15 22:19:36.462562,FARM_001,Tomato,20.57,59.01,54.09,13.43,41.66,31.14,0,LOW
2026-07-15 22:29:36.462562,FARM_001,Tomato,28.01,72.98,38.04,33.77,12.8,26.67,0,MEDIUM
2026-07-15 22:39:36.462562,FARM_001,Tomato,30.02,66.63,44.73,46.69,12.54,26.31,0,LOW
2026-07-15 22:49:36.462562,FARM_001,Tomato,24.73,68.21,43.59,47.1,42.58,39.37,0,HIGH
2026-07-15 22:59:36.462562,FARM_001,Tomato,28.71,78.77,47.21,50.32,40.75,30.11,0,HIGH
2026-07-15 23:09:36.462562,FARM_001,Tomato,26.34,67.86,46.1,16.94,36.32,28.27,0,MEDIUM
2026-07-15 23:19:36.462562,FARM_001,Tomato,22.61,69.94,43.2,13.67,23.51,41.72,0,HIGH
2026-07-15 23:29:36.462562,FARM_001,Tomato,26.34,60.1,42.75,0.0,43.97,37.15,0,MEDIUM
2026-07-15 23:39:36.462562,FARM_001,Tomato,30.69,66.53,39.31,42.98,43.17,30.38,0,MEDIUM
2026-07-15 23:49:36.462562,FARM_001,Tomato,24.87,72.08,50.04,59.31,35.67,34.94,0,HIGH
2026-07-15 23:59:36.462562,FARM_001,Tomato,30.79,57.58,47.34,74.89,19.77,31.16,0,LOW
2026-07-16 00:09:36.462562,FARM_001,Tomato,18.0,69.35,49.68,36.61,29.24,28.55,0,LOW
2026-07-16 00:19:36.462562,FARM_001,Tomato,28.04,68.68,43.42,5.32,45.16,35.21,0,HIGH
2026-07-16 00:29:36.462562,FARM_001,Tomato,25.32,68.28,41.65,0.0,51.32,30.65,0,MEDIUM
2026-07-16 00:39:36.462562,FARM_001,Tomato,23.89,74.95,39.5,58.12,30.49,32.93,0,HIGH
2026-07-16 00:49:36.462562,FARM_001,Tomato,25.34,70.24,46.83,0.0,31.45,38.32,0,HIGH
2026-07-16 00:59:36.462562,FARM_001,Tomato,18.0,77.9,39.7,17.75,32.56,37.69,0,HIGH
2026-07-16 01:09:36.462562,FARM_001,Tomato,24.19,61.34,54.43,21.15,38.06,29.36,0,LOW
2026-07-16 01:19:36.462562,FARM_001,Tomato,26.32,68.91,38.33,25.67,27.28,35.27,0,HIGH
2026-07-16 01:29:36.462562,FARM_001,Tomato,30.47,68.57,46.4,28.75,0.0,26.07,0,MEDIUM
2026-07-16 01:39:36.462562,FARM_001,Tomato,23.08,60.84,52.99,31.73,49.63,35.07,0,LOW
2026-07-16 01:49:36.462562,FARM_001,Tomato,22.01,74.41,48.06,0.0,57.21,33.35,0,HIGH
2026-07-16 01:59:36.462562,FARM_001,Tomato,23.14,83.58,45.9,28.13,26.88,34.66,0,HIGH
2026-07-16 02:09:36.462562,FARM_001,Tomato,28.39,67.89,40.06,0.0,21.16,30.8,0,MEDIUM
2026-07-16 02:19:36.462562,FARM_001,Tomato,26.22,71.38,37.95,49.08,32.87,44.38,0,HIGH
2026-07-16 02:29:36.462562,FARM_001,Tomato,23.04,68.57,48.93,11.49,32.24,27.36,0,LOW
2026-07-16 02:39:36.462562,FARM_001,Tomato,26.9,63.22,52.68,0.0,47.14,38.04,0,MEDIUM
2026-07-16 02:49:36.462562,FARM_001,Tomato,25.36,55.8,42.76,3.93,35.29,26.62,0,LOW
2026-07-16 02:59:36.462562,FARM_001,Tomato,28.58,63.27,39.19,11.05,24.61,35.37,0,MEDIUM
2026-07-16 03:09:36.462562,FARM_001,Tomato,22.4,58.67,32.46,62.47,17.99,35.78,1,LOW
2026-07-16 03:19:36.462562,FARM_001,Tomato,23.79,79.42,40.0,33.44,45.51,32.81,0,HIGH
2026-07-16 03:29:36.462562,FARM_001,Tomato,23.55,67.23,44.42,37.76,42.15,29.68,0,MEDIUM
2026-07-16 03:39:36.462562,FARM_001,Tomato,19.58,65.68,53.16,62.19,47.96,33.3,0,MEDIUM
2026-07-16 03:49:36.462562,FARM_001,Tomato,26.1,73.96,48.43,24.89,22.4,34.02,0,HIGH
2026-07-16 03:59:36.462562,FARM_001,Tomato,25.97,60.48,46.56,49.72,57.76,42.7,0,MEDIUM
2026-07-16 04:09:36.462562,FARM_001,Tomato,25.02,62.86,42.96,47.67,12.63,27.53,0,LOW
2026-07-16 04:19:36.462562,FARM_001,Tomato,24.13,68.46,42.03,0.0,43.54,29.33,0,MEDIUM
2026-07-16 04:29:36.462562,FARM_001,Tomato,19.76,74.89,52.17,70.71,10.54,34.12,0,HIGH
2026-07-16 04:39:36.462562,FARM_001,Tomato,23.44,71.36,46.02,0.0,24.64,31.04,0,MEDIUM
2026-07-16 04:49:36.462562,FARM_001,Tomato,23.73,69.66,34.28,54.49,54.27,31.93,0,MEDIUM
2026-07-16 04:59:36.462562,FARM_001,Tomato,22.03,68.52,41.56,0.0,45.08,38.6,0,HIGH
2026-07-16 05:09:36.462562,FARM_001,Tomato,24.4,70.68,40.62,45.26,27.72,16.42,0,LOW
2026-07-16 05:19:36.462562,FARM_001,Tomato,26.49,69.35,42.21,82.07,28.06,29.09,0,MEDIUM
2026-07-16 05:29:36.462562,FARM_001,Tomato,31.98,61.1,47.87,21.48,35.87,22.57,0,LOW
2026-07-16 05:39:36.462562,FARM_001,Tomato,25.65,68.31,44.45,20.21,41.08,25.68,0,LOW
2026-07-16 05:49:36.462562,FARM_001,Tomato,25.95,60.81,44.61,45.52,50.37,46.21,0,HIGH
2026-07-16 05:59:36.462562,FARM_001,Tomato,24.72,68.54,51.7,18.08,28.85,35.91,0,MEDIUM
2026-07-16 06:09:36.462562,FARM_001,Tomato,18.0,64.78,41.45,80.79,14.29,37.92,0,MEDIUM
2026-07-16 06:19:36.462562,FARM_001,Tomato,24.9,85.01,54.51,33.31,36.58,32.04,0,HIGH
2026-07-16 06:29:36.462562,FARM_001,Tomato,25.22,67.73,41.58,18.35,28.84,36.82,0,HIGH
2026-07-16 06:39:36.462562,FARM_001,Tomato,34.0,58.59,45.45,11.92,18.21,22.43,0,LOW
2026-07-16 06:49:36.462562,FARM_001,Tomato,24.29,67.1,43.57,0.46,38.35,38.42,0,HIGH
2026-07-16 06:59:36.462562,FARM_001,Tomato,26.12,71.48,45.63,9.37,31.91,27.83,0,MEDIUM
2026-07-16 07:09:36.462562,FARM_001,Tomato,24.87,79.21,47.27,17.46,38.46,29.47,0,HIGH
2026-07-16 07:19:36.462562,FARM_001,Tomato,20.68,64.05,47.21,13.46,23.33,35.38,0,MEDIUM
2026-07-16 07:29:36.462562,FARM_001,Tomato,29.23,57.4,41.16,8.48,40.73,34.3,0,LOW
2026-07-16 07:39:36.462562,FARM_001,Tomato,27.78,73.47,39.27,88.99,18.0,32.98,0,HIGH
2026-07-16 07:49:36.462562,FARM_001,Tomato,27.93,58.75,57.77,0.0,24.17,24.73,0,LOW
2026-07-16 07:59:36.462562,FARM_001,Tomato,21.64,65.08,42.53,31.98,31.54,33.07,0,MEDIUM
2026-07-16 08:09:36.462562,FARM_001,Tomato,30.19,66.27,48.57,45.0,56.55,37.98,0,HIGH
2026-07-16 08:19:36.462562,FARM_001,Tomato,19.81,67.53,36.8,46.1,44.49,29.46,0,LOW
2026-07-16 08:29:36.462562,FARM_001,Tomato,27.17,72.62,43.57,25.99,48.17,40.0,0,HIGH
2026-07-16 08:39:36.462562,FARM_001,Tomato,33.1,63.42,44.35,20.67,52.46,27.53,0,LOW
2026-07-16 08:49:36.462562,FARM_001,Tomato,21.34,66.17,47.41,40.89,80.0,32.54,0,MEDIUM
2026-07-16 08:59:36.462562,FARM_001,Tomato,22.9,67.9,31.12,35.48,35.12,41.25,0,HIGH
2026-07-16 09:09:36.462562,FARM_001,Tomato,25.37,69.0,45.85,20.14,52.5,28.62,0,MEDIUM
2026-07-16 09:19:36.462562,FARM_001,Tomato,23.14,68.66,39.14,0.0,47.36,38.51,0,HIGH
2026-07-16 09:29:36.462562,FARM_001,Tomato,19.26,70.92,46.65,14.04,47.15,43.76,0,HIGH
2026-07-16 09:39:36.462562,FARM_001,Tomato,25.25,73.65,39.71,0.0,56.96,33.47,0,HIGH
2026-07-16 09:49:36.462562,FARM_001,Tomato,21.07,70.63,40.64,8.22,29.32,29.5,0,MEDIUM
2026-07-16 09:59:36.462562,FARM_001,Tomato,26.75,71.04,43.6,28.67,28.32,28.1,0,MEDIUM
2026-07-16 10:09:36.462562,FARM_001,Tomato,21.6,57.4,39.63,38.18,38.63,39.94,0,LOW
2026-07-16 10:19:36.462562,FARM_001,Tomato,30.73,68.34,42.57,79.69,32.3,39.78,0,HIGH
2026-07-16 10:29:36.462562,FARM_001,Tomato,22.1,71.21,38.91,12.01,38.61,40.76,0,HIGH
2026-07-16 10:39:36.462562,FARM_001,Tomato,23.81,72.88,35.65,50.32,54.29,32.31,0,HIGH
2026-07-16 10:49:36.462562,FARM_001,Tomato,28.01,63.36,50.19,36.63,28.58,38.42,0,MEDIUM
2026-07-16 10:59:36.462562,FARM_001,Tomato,20.45,63.58,38.39,65.54,30.76,32.22,0,LOW
2026-07-16 11:09:36.462562,FARM_001,Tomato,25.84,64.15,44.09,44.53,36.8,27.47,0,LOW
2026-07-16 11:19:36.462562,FARM_001,Tomato,29.84,71.59,48.84,0.0,31.72,38.91,0,HIGH
2026-07-16 11:29:36.462562,FARM_001,Tomato,19.05,74.93,41.86,0.0,10.48,41.81,0,HIGH
2026-07-16 11:39:36.462562,FARM_001,Tomato,25.68,65.27,40.79,36.79,27.29,26.68,0,LOW
2026-07-16 11:49:36.462562,FARM_001,Tomato,25.96,74.08,46.15,12.27,43.26,26.58,0,MEDIUM
2026-07-16 11:59:36.462562,FARM_001,Tomato,27.89,68.83,50.7,0.0,52.71,32.73,0,MEDIUM
2026-07-16 12:09:36.462562,FARM_001,Tomato,20.42,67.17,39.04,0.0,20.05,37.95,0,MEDIUM
2026-07-16 12:19:36.462562,FARM_001,Tomato,20.11,66.58,44.23,32.4,19.99,26.04,0,LOW
2026-07-16 12:29:36.462562,FARM_001,Tomato,26.93,73.0,36.16,71.73,34.98,33.79,0,HIGH
2026-07-16 12:39:36.462562,FARM_001,Tomato,26.1,70.18,42.99,15.77,8.45,29.13,0,MEDIUM
2026-07-16 12:49:36.462562,FARM_001,Tomato,25.93,83.25,45.17,44.94,28.99,36.49,0,HIGH
2026-07-16 12:59:36.462562,FARM_001,Tomato,26.28,62.29,40.64,24.71,12.73,27.95,0,LOW
2026-07-16 13:09:36.462562,FARM_001,Tomato,22.48,71.47,42.67,0.0,51.85,36.9,0,HIGH
2026-07-16 13:19:36.462562,FARM_001,Tomato,25.86,64.45,37.82,49.16,24.91,31.6,0,LOW
2026-07-16 13:29:36.462562,FARM_001,Tomato,26.08,62.18,45.39,0.0,55.43,27.16,0,LOW
2026-07-16 13:39:36.462562,FARM_001,Tomato,22.36,67.93,50.38,28.33,48.63,32.86,0,MEDIUM
2026-07-16 13:49:36.462562,FARM_001,Tomato,31.9,68.92,39.4,17.73,26.46,21.45,0,LOW
2026-07-16 13:59:36.462562,FARM_001,Tomato,26.75,87.55,41.82,53.78,21.09,29.31,0,HIGH
2026-07-16 14:09:36.462562,FARM_001,Tomato,20.59,66.77,47.56,0.0,32.16,34.42,0,MEDIUM
2026-07-16 14:19:36.462562,FARM_001,Tomato,27.43,60.43,51.18,39.11,33.28,22.4,0,LOW
2026-07-16 14:29:36.462562,FARM_001,Tomato,21.39,69.83,37.38,3.18,38.96,17.84,0,LOW
2026-07-16 14:39:36.462562,FARM_001,Tomato,27.91,54.1,44.14,12.78,24.82,19.17,0,LOW
2026-07-16 14:49:36.462562,FARM_001,Tomato,29.29,67.38,46.44,0.0,44.0,40.06,0,HIGH
2026-07-16 14:59:36.462562,FARM_001,Tomato,21.96,68.11,44.48,88.79,37.94,32.06,0,MEDIUM
2026-07-16 15:09:36.462562,FARM_001,Tomato,28.56,73.32,32.37,43.78,30.31,29.46,0,HIGH
2026-07-16 15:19:36.462562,FARM_001,Tomato,26.53,74.52,47.56,5.29,25.63,37.89,0,HIGH
2026-07-16 15:29:36.462562,FARM_001,Tomato,28.04,64.63,52.75,0.0,32.27,30.19,0,LOW
2026-07-16 15:39:36.462562,FARM_001,Tomato,32.02,66.99,45.59,13.23,24.31,34.03,0,MEDIUM
2026-07-16 15:49:36.462562,FARM_001,Tomato,24.09,62.87,39.74,48.63,35.34,32.65,0,LOW
2026-07-16 15:59:36.462562,FARM_001,Tomato,22.21,60.44,42.38,0.0,35.68,29.82,0,LOW
2026-07-16 16:09:36.462562,FARM_001,Tomato,21.71,70.08,54.03,23.57,37.9,34.18,0,MEDIUM
2026-07-16 16:19:36.462562,FARM_001,Tomato,21.98,59.47,49.64,79.4,56.85,36.91,0,LOW
2026-07-16 16:29:36.462562,FARM_001,Tomato,24.71,65.22,48.26,0.0,32.93,31.45,0,MEDIUM
2026-07-16 16:39:36.462562,FARM_001,Tomato,26.26,61.33,46.82,30.05,47.26,29.87,0,LOW
2026-07-16 16:49:36.462562,FARM_001,Tomato,26.02,71.68,41.63,92.04,37.49,30.55,0,MEDIUM
2026-07-16 16:59:36.462562,FARM_001,Tomato,28.06,80.07,43.98,46.16,31.6,19.4,0,MEDIUM
2026-07-16 17:09:36.462562,FARM_001,Tomato,25.05,59.28,44.6,31.38,33.1,34.11,0,LOW
2026-07-16 17:19:36.462562,FARM_001,Tomato,30.38,55.58,47.8,42.49,33.86,25.61,0,LOW
2026-07-16 17:29:36.462562,FARM_001,Tomato,24.02,67.16,52.7,15.99,38.13,36.09,0,MEDIUM
2026-07-16 17:39:36.462562,FARM_001,Tomato,34.0,68.11,50.7,65.65,22.51,31.98,0,MEDIUM
2026-07-16 17:49:36.462562,FARM_001,Tomato,27.31,69.47,37.76,16.04,16.14,33.1,0,MEDIUM
2026-07-16 17:59:36.462562,FARM_001,Tomato,21.83,65.01,46.14,0.0,42.84,36.49,0,MEDIUM
2026-07-16 18:09:36.462562,FARM_001,Tomato,21.04,66.66,48.76,16.27,45.92,27.22,0,LOW
2026-07-16 18:19:36.462562,FARM_001,Tomato,26.79,70.46,48.16,0.0,44.0,34.6,0,HIGH
2026-07-16 18:29:36.462562,FARM_001,Tomato,24.17,74.97,41.79,19.49,36.55,34.03,0,HIGH
2026-07-16 18:39:36.462562,FARM_001,Tomato,27.64,54.9,59.86,20.13,44.27,31.45,0,LOW
2026-07-16 18:49:36.462562,FARM_001,Tomato,26.75,65.53,38.49,62.66,43.59,27.21,0,LOW
2026-07-16 18:59:36.462562,FARM_001,Tomato,24.73,69.43,39.48,48.0,44.52,35.89,0,HIGH
2026-07-16 19:09:36.462562,FARM_001,Tomato,21.87,61.85,46.19,35.39,23.77,36.51,0,MEDIUM
2026-07-16 19:19:36.462562,FARM_001,Tomato,19.4,79.6,55.8,27.61,20.78,33.15,0,HIGH
2026-07-16 19:29:36.462562,FARM_001,Tomato,23.35,63.74,40.74,0.0,29.7,26.4,0,LOW
2026-07-16 19:39:36.462562,FARM_001,Tomato,28.17,67.72,43.64,0.0,34.38,29.49,0,MEDIUM
2026-07-16 19:49:36.462562,FARM_001,Tomato,25.79,71.73,50.49,31.0,31.55,32.16,0,HIGH
2026-07-16 19:59:36.462562,FARM_001,Tomato,20.39,64.04,44.91,50.9,10.95,36.42,0,MEDIUM
2026-07-16 20:09:36.462562,FARM_001,Tomato,25.64,55.63,43.29,24.54,56.29,23.47,0,LOW
2026-07-16 20:19:36.462562,FARM_001,Tomato,26.43,65.13,47.88,12.08,31.15,29.29,0,LOW
2026-07-16 20:29:36.462562,FARM_001,Tomato,21.73,74.9,46.39,41.26,36.78,30.2,0,HIGH
2026-07-16 20:39:36.462562,FARM_001,Tomato,25.57,65.74,50.26,25.27,50.28,32.03,0,MEDIUM
2026-07-16 20:49:36.462562,FARM_001,Tomato,25.22,62.33,51.59,76.92,5.05,25.08,0,LOW
2026-07-16 20:59:36.462562,FARM_001,Tomato,20.77,74.2,46.57,63.7,28.15,31.26,0,HIGH
2026-07-16 21:09:36.462562,FARM_001,Tomato,26.32,65.78,46.49,55.72,29.72,30.73,0,MEDIUM
2026-07-16 21:19:36.462562,FARM_001,Tomato,27.07,64.58,46.09,49.83,30.36,26.59,0,LOW
2026-07-16 21:29:36.462562,FARM_001,Tomato,29.01,69.0,47.49,0.0,32.41,31.83,0,MEDIUM
2026-07-16 21:39:36.462562,FARM_001,Tomato,28.9,73.16,45.28,47.06,52.83,29.42,0,HIGH
2026-07-16 21:49:36.462562,FARM_001,Tomato,19.9,83.96,45.0,38.69,43.09,35.32,0,HIGH
2026-07-16 21:59:36.462562,FARM_001,Tomato,21.53,73.54,51.1,45.41,46.67,27.45,0,MEDIUM
2026-07-16 22:09:36.462562,FARM_001,Tomato,26.91,75.77,52.73,42.08,35.19,33.01,0,HIGH
2026-07-16 22:19:36.462562,FARM_001,Tomato,26.9,64.61,37.31,40.92,16.97,27.89,0,LOW
2026-07-16 22:29:36.462562,FARM_001,Tomato,26.91,61.13,45.05,100.0,8.4,29.08,0,LOW
2026-07-16 22:39:36.462562,FARM_001,Tomato,34.0,68.42,41.49,25.48,15.33,34.19,0,HIGH
2026-07-16 22:49:36.462562,FARM_001,Tomato,27.11,68.72,43.41,55.04,39.13,33.84,0,MEDIUM
2026-07-16 22:59:36.462562,FARM_001,Tomato,29.2,60.77,47.05,13.95,35.0,30.12,0,LOW
2026-07-16 23:09:36.462562,FARM_001,Tomato,28.53,66.83,48.41,50.79,31.95,30.96,0,MEDIUM
2026-07-16 23:19:36.462562,FARM_001,Tomato,27.41,70.68,44.43,55.13,29.96,24.21,0,MEDIUM
2026-07-16 23:29:36.462562,FARM_001,Tomato,23.83,70.41,35.24,38.34,59.95,40.5,0,HIGH
2026-07-16 23:39:36.462562,FARM_001,Tomato,27.81,71.38,40.08,76.44,24.23,36.42,0,HIGH
2026-07-16 23:49:36.462562,FARM_001,Tomato,22.14,69.95,49.57,1.88,46.29,36.21,0,HIGH
2026-07-16 23:59:36.462562,FARM_001,Tomato,24.12,64.6,31.02,13.47,34.62,23.41,0,LOW
2026-07-17 00:09:36.462562,FARM_001,Tomato,23.2,64.56,51.06,33.9,33.83,29.11,0,LOW
2026-07-17 00:19:36.462562,FARM_001,Tomato,25.3,59.97,47.66,53.42,49.43,30.59,0,LOW
2026-07-17 00:29:36.462562,FARM_001,Tomato,33.56,79.96,51.71,32.94,53.03,21.49,0,HIGH
2026-07-17 00:39:36.462562,FARM_001,Tomato,18.09,68.09,43.99,65.24,31.58,37.57,0,MEDIUM
2026-07-17 00:49:36.462562,FARM_001,Tomato,27.54,66.49,34.49,8.38,44.67,40.79,0,HIGH
2026-07-17 00:59:36.462562,FARM_001,Tomato,19.03,61.78,47.19,0.0,39.19,44.25,0,MEDIUM
2026-07-17 01:09:36.462562,FARM_001,Tomato,23.25,87.67,51.5,36.7,34.69,26.54,0,HIGH
2026-07-17 01:19:36.462562,FARM_001,Tomato,29.03,60.81,49.72,25.45,37.17,33.17,0,LOW
2026-07-17 01:29:36.462562,FARM_001,Tomato,25.24,65.13,41.62,43.55,25.93,40.04,0,HIGH
2026-07-17 01:39:36.462562,FARM_001,Tomato,21.01,70.79,45.44,26.9,30.74,31.05,0,MEDIUM
2026-07-17 01:49:36.462562,FARM_001,Tomato,22.35,72.02,42.28,17.77,27.28,29.27,0,MEDIUM
2026-07-17 01:59:36.462562,FARM_001,Tomato,27.51,74.42,40.82,25.51,45.96,21.86,0,MEDIUM
2026-07-17 02:09:36.462562,FARM_001,Tomato,22.3,80.11,49.87,28.54,33.4,38.96,0,HIGH
2026-07-17 02:19:36.462562,FARM_001,Tomato,25.8,71.39,38.89,18.79,18.25,32.39,0,MEDIUM
2026-07-17 02:29:36.462562,FARM_001,Tomato,25.17,60.92,40.44,21.77,25.48,28.34,0,LOW
2026-07-17 02:39:36.462562,FARM_001,Tomato,22.59,66.28,39.37,15.92,0.0,34.12,0,MEDIUM
2026-07-17 02:49:36.462562,FARM_001,Tomato,32.93,70.06,37.4,52.71,28.37,33.37,0,HIGH
2026-07-17 02:59:36.462562,FARM_001,Tomato,27.35,81.86,45.75,33.37,35.07,33.46,0,HIGH
2026-07-17 03:09:36.462562,FARM_001,Tomato,18.0,58.63,50.92,93.6,32.88,31.26,0,LOW
2026-07-17 03:19:36.462562,FARM_001,Tomato,25.69,76.06,44.06,32.39,59.55,41.75,0,HIGH
2026-07-17 03:29:36.462562,FARM_001,Tomato,22.55,69.21,37.32,11.61,41.84,31.74,0,MEDIUM
2026-07-17 03:39:36.462562,FARM_001,Tomato,28.15,73.61,49.28,100.0,41.28,41.73,0,HIGH
2026-07-17 03:49:36.462562,FARM_001,Tomato,22.07,67.32,53.6,39.78,13.89,35.72,0,MEDIUM
2026-07-17 03:59:36.462562,FARM_001,Tomato,24.58,62.36,41.7,56.61,30.01,34.5,0,MEDIUM
2026-07-17 04:09:36.462562,FARM_001,Tomato,26.87,73.03,42.56,44.99,28.47,31.85,0,HIGH
2026-07-17 04:19:36.462562,FARM_001,Tomato,28.2,72.38,47.63,45.89,24.7,38.05,0,HIGH
2026-07-17 04:29:36.462562,FARM_001,Tomato,20.56,74.51,53.27,43.34,24.52,33.14,0,HIGH
2026-07-17 04:39:36.462562,FARM_001,Tomato,23.76,67.91,42.35,0.0,11.82,27.19,0,LOW
2026-07-17 04:49:36.462562,FARM_001,Tomato,23.24,63.98,38.2,38.43,18.52,27.0,0,LOW
2026-07-17 04:59:36.462562,FARM_001,Tomato,22.58,57.56,48.22,0.0,45.61,34.91,0,LOW
2026-07-17 05:09:36.462562,FARM_001,Tomato,31.53,73.49,49.08,22.61,32.8,27.33,0,MEDIUM
2026-07-17 05:19:36.462562,FARM_001,Tomato,26.5,70.84,45.03,6.51,28.22,32.15,0,MEDIUM
2026-07-17 05:29:36.462562,FARM_001,Tomato,20.33,61.53,42.15,38.14,34.53,38.53,0,MEDIUM
2026-07-17 05:39:36.462562,FARM_001,Tomato,28.4,64.39,50.07,37.46,49.31,34.23,0,MEDIUM
2026-07-17 05:49:36.462562,FARM_001,Tomato,32.85,64.87,47.69,41.75,34.65,28.38,0,LOW
2026-07-17 05:59:36.462562,FARM_001,Tomato,28.82,58.06,41.08,36.09,41.41,40.54,0,MEDIUM
2026-07-17 06:09:36.462562,FARM_001,Tomato,19.38,62.52,45.25,9.98,23.93,35.62,0,LOW
2026-07-17 06:19:36.462562,FARM_001,Tomato,23.21,60.4,38.11,20.08,26.81,38.3,0,MEDIUM
2026-07-17 06:29:36.462562,FARM_001,Tomato,29.69,65.24,48.5,54.58,39.06,19.57,0,LOW
2026-07-17 06:39:36.462562,FARM_001,Tomato,22.38,63.05,43.66,58.88,58.45,34.39,0,LOW
2026-07-17 06:49:36.462562,FARM_001,Tomato,26.64,57.1,42.78,0.0,52.62,37.3,0,LOW
2026-07-17 06:59:36.462562,FARM_001,Tomato,27.87,81.55,44.83,0.0,41.94,42.19,0,HIGH
2026-07-17 07:09:36.462562,FARM_001,Tomato,21.57,76.39,45.21,6.47,36.51,24.16,0,MEDIUM
2026-07-17 07:19:36.462562,FARM_001,Tomato,24.78,62.78,49.56,58.22,52.25,39.37,0,MEDIUM
2026-07-17 07:29:36.462562,FARM_001,Tomato,18.0,69.83,48.01,63.17,44.61,41.87,0,HIGH
2026-07-17 07:39:36.462562,FARM_001,Tomato,21.21,70.8,44.2,0.7,5.7,21.0,0,LOW
2026-07-17 07:49:36.462562,FARM_001,Tomato,24.07,75.98,48.89,36.67,21.32,35.23,0,HIGH
2026-07-17 07:59:36.462562,FARM_001,Tomato,20.38,62.52,47.04,81.27,38.86,36.02,0,MEDIUM
2026-07-17 08:09:36.462562,FARM_001,Tomato,31.04,75.32,42.82,39.83,12.08,30.64,0,HIGH
2026-07-17 08:19:36.462562,FARM_001,Tomato,19.71,64.33,44.36,69.21,23.29,29.71,0,LOW
2026-07-17 08:29:36.462562,FARM_001,Tomato,23.37,59.05,44.24,56.86,25.78,36.31,0,LOW
2026-07-17 08:39:36.462562,FARM_001,Tomato,25.48,72.85,47.58,1.12,31.37,28.99,0,MEDIUM
2026-07-17 08:49:36.462562,FARM_001,Tomato,30.33,76.65,43.13,22.15,30.98,31.26,0,HIGH
2026-07-17 08:59:36.462562,FARM_001,Tomato,19.69,85.34,43.01,28.71,30.96,37.13,0,HIGH
2026-07-17 09:09:36.462562,FARM_001,Tomato,29.3,59.96,55.04,30.74,45.0,42.5,0,MEDIUM
2026-07-17 09:19:36.462562,FARM_001,Tomato,25.04,72.68,49.79,54.46,31.26,35.57,0,HIGH
2026-07-17 09:29:36.462562,FARM_001,Tomato,21.37,65.25,41.12,39.63,29.75,33.26,0,MEDIUM
2026-07-17 09:39:36.462562,FARM_001,Tomato,26.71,73.25,47.91,0.0,17.6,29.56,0,MEDIUM
2026-07-17 09:49:36.462562,FARM_001,Tomato,25.74,58.15,45.6,0.0,47.51,26.74,0,LOW
2026-07-17 09:59:36.462562,FARM_001,Tomato,22.78,59.54,47.0,0.0,26.14,38.82,0,MEDIUM
2026-07-17 10:09:36.462562,FARM_001,Tomato,25.26,62.8,45.7,32.82,20.9,31.63,0,LOW
2026-07-17 10:19:36.462562,FARM_001,Tomato,23.57,68.53,51.07,34.72,37.28,39.06,0,HIGH
2026-07-17 10:29:36.462562,FARM_001,Tomato,25.42,63.7,46.76,35.97,24.94,30.62,0,LOW
2026-07-17 10:39:36.462562,FARM_001,Tomato,27.45,72.42,44.68,0.0,27.97,28.8,0,MEDIUM
2026-07-17 10:49:36.462562,FARM_001,Tomato,30.87,74.88,50.32,47.39,37.86,34.9,0,HIGH
2026-07-17 10:59:36.462562,FARM_001,Tomato,20.42,72.02,46.19,48.61,30.49,32.06,0,MEDIUM
2026-07-17 11:09:36.462562,FARM_001,Tomato,32.89,78.85,45.62,0.0,63.73,25.63,0,HIGH
2026-07-17 11:19:36.462562,FARM_001,Tomato,18.0,70.79,46.6,0.0,33.66,42.86,0,HIGH
2026-07-17 11:29:36.462562,FARM_001,Tomato,24.44,59.85,44.52,27.7,42.38,28.93,0,LOW
2026-07-17 11:39:36.462562,FARM_001,Tomato,27.18,77.13,45.05,80.02,10.13,37.79,0,HIGH
2026-07-17 11:49:36.462562,FARM_001,Tomato,26.04,63.95,42.01,77.33,23.76,37.3,0,MEDIUM
2026-07-17 11:59:36.462562,FARM_001,Tomato,22.7,74.1,41.17,44.15,20.9,25.32,0,MEDIUM
2026-07-17 12:09:36.462562,FARM_001,Tomato,24.23,78.54,39.91,6.38,22.57,26.79,0,HIGH
2026-07-17 12:19:36.462562,FARM_001,Tomato,23.18,71.06,37.9,53.6,39.84,30.78,0,MEDIUM
2026-07-17 12:29:36.462562,FARM_001,Tomato,22.82,57.98,40.51,14.49,47.65,27.57,0,LOW
2026-07-17 12:39:36.462562,FARM_001,Tomato,28.14,61.85,44.11,5.29,38.94,42.34,0,HIGH
2026-07-17 12:49:36.462562,FARM_001,Tomato,26.32,76.86,45.53,0.0,31.74,31.36,0,HIGH
2026-07-17 12:59:36.462562,FARM_001,Tomato,22.44,66.87,43.62,30.69,26.65,37.57,0,MEDIUM
2026-07-17 13:09:36.462562,FARM_001,Tomato,28.33,68.53,32.99,9.31,48.63,35.43,0,HIGH
2026-07-17 13:19:36.462562,FARM_001,Tomato,26.14,73.08,53.03,30.52,60.7,34.0,0,HIGH
2026-07-17 13:29:36.462562,FARM_001,Tomato,28.01,72.67,50.54,0.0,36.3,32.73,0,HIGH
2026-07-17 13:39:36.462562,FARM_001,Tomato,27.33,69.87,47.27,32.66,46.44,39.55,0,HIGH
2026-07-17 13:49:36.462562,FARM_001,Tomato,21.93,66.6,54.73,0.0,38.93,27.8,0,LOW
2026-07-17 13:59:36.462562,FARM_001,Tomato,22.93,65.91,40.02,59.47,44.12,42.34,0,HIGH
2026-07-17 14:09:36.462562,FARM_001,Tomato,27.76,73.75,54.63,42.94,19.93,25.16,0,MEDIUM
2026-07-17 14:19:36.462562,FARM_001,Tomato,27.26,71.71,40.08,19.56,28.45,36.95,0,HIGH
2026-07-17 14:29:36.462562,FARM_001,Tomato,24.92,66.28,46.22,44.13,39.58,24.49,0,LOW
2026-07-17 14:39:36.462562,FARM_001,Tomato,25.43,75.25,38.5,0.0,49.88,30.7,0,HIGH
2026-07-17 14:49:36.462562,FARM_001,Tomato,29.73,67.14,45.07,29.81,24.29,33.03,0,MEDIUM
2026-07-17 14:59:36.462562,FARM_001,Tomato,22.81,62.29,46.97,50.91,8.98,29.73,0,LOW
2026-07-17 15:09:36.462562,FARM_001,Tomato,27.02,62.91,44.21,0.0,28.32,31.46,0,LOW
2026-07-17 15:19:36.462562,FARM_001,Tomato,24.25,61.44,48.64,14.64,47.33,24.59,0,LOW
2026-07-17 15:29:36.462562,FARM_001,Tomato,24.19,66.17,45.5,27.04,14.64,26.87,0,LOW
2026-07-17 15:39:36.462562,FARM_001,Tomato,29.07,76.27,42.34,21.97,19.77,35.34,0,HIGH
2026-07-17 15:49:36.462562,FARM_001,Tomato,28.05,62.61,42.11,70.25,36.56,32.67,0,LOW
2026-07-17 15:59:36.462562,FARM_001,Tomato,28.01,69.26,49.14,0.0,33.14,28.56,0,MEDIUM
2026-07-17 16:09:36.462562,FARM_001,Tomato,29.83,63.6,41.67,9.56,42.09,40.05,0,HIGH
2026-07-17 16:19:36.462562,FARM_001,Tomato,25.08,66.26,49.67,0.0,19.12,25.55,0,LOW
2026-07-17 16:29:36.462562,FARM_001,Tomato,27.52,57.88,51.24,71.8,30.51,30.44,0,LOW
2026-07-17 16:39:36.462562,FARM_001,Tomato,23.85,66.52,36.49,20.51,49.66,29.62,0,LOW
2026-07-17 16:49:36.462562,FARM_001,Tomato,26.2,66.7,50.78,14.9,19.57,36.01,0,MEDIUM
2026-07-17 16:59:36.462562,FARM_001,Tomato,24.52,71.62,55.51,26.17,53.21,32.77,0,HIGH
2026-07-17 17:09:36.462562,FARM_001,Tomato,25.36,69.5,46.29,46.28,21.15,31.88,0,MEDIUM
2026-07-17 17:19:36.462562,FARM_001,Tomato,27.2,59.97,48.06,37.84,45.3,21.99,0,LOW
2026-07-17 17:29:36.462562,FARM_001,Tomato,21.97,75.26,50.29,100.0,29.9,37.43,0,HIGH
2026-07-17 17:39:36.462562,FARM_001,Tomato,32.74,69.41,43.6,40.95,20.17,31.26,0,MEDIUM
2026-07-17 17:49:36.462562,FARM_001,Tomato,21.28,69.33,45.93,14.11,28.34,33.16,0,MEDIUM
2026-07-17 17:59:36.462562,FARM_001,Tomato,20.51,67.94,38.3,11.31,41.47,28.23,0,LOW
2026-07-17 18:09:36.462562,FARM_001,Tomato,29.29,64.53,45.71,16.23,34.51,27.34,0,LOW
2026-07-17 18:19:36.462562,FARM_001,Tomato,27.93,69.46,47.54,0.0,48.69,41.05,0,HIGH
2026-07-17 18:29:36.462562,FARM_001,Tomato,27.31,71.19,47.63,28.86,52.69,22.39,0,LOW
2026-07-17 18:39:36.462562,FARM_001,Tomato,27.32,56.3,50.43,50.58,19.69,26.49,0,LOW
2026-07-17 18:49:36.462562,FARM_001,Tomato,24.95,64.39,41.05,9.79,18.77,40.94,0,HIGH
2026-07-17 18:59:36.462562,FARM_001,Tomato,21.68,66.29,42.28,4.12,18.16,36.15,0,MEDIUM
2026-07-17 19:09:36.462562,FARM_001,Tomato,25.28,69.72,54.67,71.97,23.27,30.64,0,MEDIUM
2026-07-17 19:19:36.462562,FARM_001,Tomato,22.49,76.0,44.23,0.0,48.51,39.61,0,HIGH
2026-07-17 19:29:36.462562,FARM_001,Tomato,28.61,62.83,46.02,0.0,41.66,35.05,0,MEDIUM
2026-07-17 19:39:36.462562,FARM_001,Tomato,24.46,64.66,44.66,0.0,27.73,33.83,0,MEDIUM
2026-07-17 19:49:36.462562,FARM_001,Tomato,21.95,64.57,40.81,0.0,34.46,33.79,0,MEDIUM
2026-07-17 19:59:36.462562,FARM_001,Tomato,23.81,62.63,53.28,38.98,52.29,35.15,0,MEDIUM
2026-07-17 20:09:36.462562,FARM_001,Tomato,26.53,65.67,42.31,17.17,58.64,35.38,0,MEDIUM
2026-07-17 20:19:36.462562,FARM_001,Tomato,22.91,73.16,39.25,21.29,37.87,45.02,0,HIGH
2026-07-17 20:29:36.462562,FARM_001,Tomato,21.96,60.94,42.7,61.37,1.09,31.39,0,LOW
2026-07-17 20:39:36.462562,FARM_001,Tomato,25.9,70.87,34.79,7.51,38.35,31.56,0,MEDIUM
2026-07-17 20:49:36.462562,FARM_001,Tomato,25.91,56.6,41.68,50.33,46.38,25.45,0,LOW
2026-07-17 20:59:36.462562,FARM_001,Tomato,23.12,64.24,40.06,71.83,37.43,32.2,0,LOW
2026-07-17 21:09:36.462562,FARM_001,Tomato,23.26,65.79,48.15,14.39,43.75,43.12,0,HIGH
2026-07-17 21:19:36.462562,FARM_001,Tomato,25.86,79.22,41.57,49.22,39.1,38.11,0,HIGH
2026-07-17 21:29:36.462562,FARM_001,Tomato,19.64,66.16,49.53,20.64,19.04,29.4,0,LOW
2026-07-17 21:39:36.462562,FARM_001,Tomato,19.79,53.25,52.13,54.68,23.43,32.67,0,LOW
2026-07-17 21:49:36.462562,FARM_001,Tomato,22.34,54.61,48.98,0.0,30.55,25.11,0,LOW
2026-07-17 21:59:36.462562,FARM_001,Tomato,24.21,68.23,43.9,0.0,48.02,26.98,0,LOW
2026-07-17 22:09:36.462562,FARM_001,Tomato,26.15,72.11,45.72,16.27,24.95,33.35,0,HIGH
2026-07-17 22:19:36.462562,FARM_001,Tomato,30.46,70.52,37.22,1.74,40.34,29.68,0,MEDIUM
2026-07-17 22:29:36.462562,FARM_001,Tomato,28.17,69.12,44.32,12.61,38.43,26.55,0,MEDIUM
2026-07-17 22:39:36.462562,FARM_001,Tomato,24.41,75.79,40.61,21.29,54.59,35.29,0,HIGH
2026-07-17 22:49:36.462562,FARM_001,Tomato,24.93,64.38,48.54,48.72,34.07,32.03,0,LOW
2026-07-17 22:59:36.462562,FARM_001,Tomato,21.29,74.0,58.12,15.8,12.49,23.56,0,MEDIUM
2026-07-17 23:09:36.462562,FARM_001,Tomato,24.93,57.07,47.55,3.64,42.75,20.67,0,LOW
2026-07-17 23:19:36.462562,FARM_001,Tomato,23.93,61.94,34.85,17.44,61.54,29.25,0,LOW
2026-07-17 23:29:36.462562,FARM_001,Tomato,26.19,55.89,43.16,5.24,43.58,23.45,0,LOW
2026-07-17 23:39:36.462562,FARM_001,Tomato,21.94,66.16,45.62,0.43,24.68,21.85,0,LOW
2026-07-17 23:49:36.462562,FARM_001,Tomato,26.92,67.69,45.45,0.0,20.97,38.94,0,HIGH
2026-07-17 23:59:36.462562,FARM_001,Tomato,30.67,68.76,41.27,29.73,22.59,31.94,0,MEDIUM
2026-07-18 00:09:36.462562,FARM_001,Tomato,24.6,68.41,46.25,11.09,59.84,30.99,0,MEDIUM
2026-07-18 00:19:36.462562,FARM_001,Tomato,26.49,61.79,38.66,55.92,30.48,31.43,0,LOW
2026-07-18 00:29:36.462562,FARM_001,Tomato,27.55,66.73,40.18,0.0,26.25,26.01,0,LOW
2026-07-18 00:39:36.462562,FARM_001,Tomato,23.52,57.97,48.29,11.87,32.6,34.84,0,LOW
2026-07-18 00:49:36.462562,FARM_001,Tomato,25.83,77.13,39.82,80.64,30.61,31.76,0,HIGH
2026-07-18 00:59:36.462562,FARM_001,Tomato,25.05,65.97,47.74,0.26,54.35,28.18,0,LOW
2026-07-18 01:09:36.462562,FARM_001,Tomato,25.36,64.72,38.02,20.79,21.82,29.04,0,LOW
2026-07-18 01:19:36.462562,FARM_001,Tomato,22.14,78.65,54.0,0.0,49.48,25.5,0,MEDIUM
2026-07-18 01:29:36.462562,FARM_001,Tomato,25.09,59.68,41.05,0.0,36.14,30.18,0,LOW
2026-07-18 01:39:36.462562,FARM_001,Tomato,26.84,60.46,43.86,72.88,49.81,31.13,0,LOW
2026-07-18 01:49:36.462562,FARM_001,Tomato,30.37,60.66,46.69,32.69,54.54,30.04,0,LOW
2026-07-18 01:59:36.462562,FARM_001,Tomato,28.55,67.55,42.12,31.6,35.67,32.81,0,MEDIUM
2026-07-18 02:09:36.462562,FARM_001,Tomato,32.97,70.89,45.73,0.0,30.63,32.05,0,HIGH
2026-07-18 02:19:36.462562,FARM_001,Tomato,22.16,72.96,47.93,38.18,35.43,33.82,0,HIGH
2026-07-18 02:29:36.462562,FARM_001,Tomato,28.23,85.23,49.9,61.5,33.41,37.88,0,HIGH
2026-07-18 02:39:36.462562,FARM_001,Tomato,25.68,52.93,49.04,61.26,13.72,35.88,0,LOW
2026-07-18 02:49:36.462562,FARM_001,Tomato,33.1,72.08,44.12,47.22,54.16,37.94,0,HIGH
2026-07-18 02:59:36.462562,FARM_001,Tomato,22.01,64.27,44.25,0.0,37.7,27.67,0,LOW
2026-07-18 03:09:36.462562,FARM_001,Tomato,21.89,64.07,56.98,36.84,19.94,29.6,0,LOW
2026-07-18 03:19:36.462562,FARM_001,Tomato,22.78,63.85,49.84,47.19,8.55,36.23,0,MEDIUM
2026-07-18 03:29:36.462562,FARM_001,Tomato,18.0,61.91,40.3,0.0,5.27,36.33,0,LOW
2026-07-18 03:39:36.462562,FARM_001,Tomato,23.05,79.29,45.51,0.0,44.31,28.63,0,HIGH
2026-07-18 03:49:36.462562,FARM_001,Tomato,22.19,73.64,43.29,53.63,26.8,35.99,0,HIGH
2026-07-18 03:59:36.462562,FARM_001,Tomato,25.56,68.16,44.31,53.28,28.87,27.12,0,LOW
2026-07-18 04:09:36.462562,FARM_001,Tomato,26.26,77.05,38.73,0.0,40.75,35.24,0,HIGH
2026-07-18 04:19:36.462562,FARM_001,Tomato,31.94,57.87,42.9,50.91,28.1,32.35,0,LOW
2026-07-18 04:29:36.462562,FARM_001,Tomato,28.52,59.08,54.24,30.48,41.49,24.61,0,LOW
2026-07-18 04:39:36.462562,FARM_001,Tomato,22.87,53.41,47.95,50.51,35.8,30.03,0,LOW
2026-07-18 04:49:36.462562,FARM_001,Tomato,21.68,63.31,32.3,9.17,33.54,44.94,0,HIGH
2026-07-18 04:59:36.462562,FARM_001,Tomato,26.82,69.08,51.21,46.54,14.78,33.66,0,MEDIUM
2026-07-18 05:09:36.462562,FARM_001,Tomato,20.12,68.69,50.56,52.34,24.27,45.61,0,HIGH
2026-07-18 05:19:36.462562,FARM_001,Tomato,31.78,69.0,43.17,17.44,42.19,24.27,0,MEDIUM
2026-07-18 05:29:36.462562,FARM_001,Tomato,29.36,58.55,48.66,28.22,26.01,36.78,0,LOW
2026-07-18 05:39:36.462562,FARM_001,Tomato,23.26,73.38,40.62,8.76,49.79,18.05,0,LOW
2026-07-18 05:49:36.462562,FARM_001,Tomato,18.66,69.61,42.6,75.93,64.16,32.5,0,MEDIUM
2026-07-18 05:59:36.462562,FARM_001,Tomato,30.01,72.91,52.64,24.19,42.87,36.1,0,HIGH
2026-07-18 06:09:36.462562,FARM_001,Tomato,24.58,55.32,43.61,0.78,53.41,37.28,0,LOW
2026-07-18 06:19:36.462562,FARM_001,Tomato,29.58,70.09,35.46,6.8,43.68,27.94,0,MEDIUM
2026-07-18 06:29:36.462562,FARM_001,Tomato,19.1,60.04,44.68,31.4,27.87,38.42,0,LOW
2026-07-18 06:39:36.462562,FARM_001,Tomato,22.78,65.34,44.6,49.7,37.12,29.46,0,LOW
2026-07-18 06:49:36.462562,FARM_001,Tomato,25.02,71.58,51.11,0.0,59.97,31.56,0,MEDIUM
2026-07-18 06:59:36.462562,FARM_001,Tomato,25.17,68.61,45.07,81.65,28.0,30.03,0,MEDIUM
2026-07-18 07:09:36.462562,FARM_001,Tomato,23.33,62.29,42.85,36.71,21.5,26.02,0,LOW
2026-07-18 07:19:36.462562,FARM_001,Tomato,27.3,68.04,50.33,41.32,20.31,41.45,0,HIGH
2026-07-18 07:29:36.462562,FARM_001,Tomato,21.05,57.74,45.62,24.86,31.86,32.77,0,LOW
2026-07-18 07:39:36.462562,FARM_001,Tomato,24.47,75.71,41.17,28.26,21.96,38.7,0,HIGH
2026-07-18 07:49:36.462562,FARM_001,Tomato,25.45,66.62,50.89,23.37,55.69,38.45,0,HIGH
2026-07-18 07:59:36.462562,FARM_001,Tomato,26.9,75.49,45.99,57.42,37.33,26.98,0,MEDIUM
2026-07-18 08:09:36.462562,FARM_001,Tomato,27.63,64.47,45.01,27.47,46.84,39.43,0,MEDIUM
2026-07-18 08:19:36.462562,FARM_001,Tomato,20.84,64.49,45.91,50.1,30.84,35.37,0,MEDIUM
2026-07-18 08:29:36.462562,FARM_001,Tomato,19.32,62.88,39.54,15.03,20.23,26.57,0,LOW
2026-07-18 08:39:36.462562,FARM_001,Tomato,29.73,73.87,42.31,33.41,18.1,35.06,0,HIGH
2026-07-18 08:49:36.462562,FARM_001,Tomato,26.23,63.25,45.02,4.23,23.16,26.67,0,LOW
2026-07-18 08:59:36.462562,FARM_001,Tomato,22.23,72.32,44.01,63.22,38.98,41.66,0,HIGH
2026-07-18 09:09:36.462562,FARM_001,Tomato,30.74,65.44,51.49,3.35,41.15,37.14,0,MEDIUM
2026-07-18 09:19:36.462562,FARM_001,Tomato,25.43,54.76,46.11,18.21,42.2,32.09,0,LOW
2026-07-18 09:29:36.462562,FARM_001,Tomato,29.36,64.18,49.36,18.5,15.84,39.71,0,HIGH
2026-07-18 09:39:36.462562,FARM_001,Tomato,25.25,60.1,45.05,17.36,34.59,23.48,0,LOW
2026-07-18 09:49:36.462562,FARM_001,Tomato,32.62,68.23,50.39,48.8,21.67,28.23,0,MEDIUM
2026-07-18 09:59:36.462562,FARM_001,Tomato,31.49,60.02,47.03,18.45,39.66,31.06,0,LOW
2026-07-18 10:09:36.462562,FARM_001,Tomato,24.08,74.2,45.07,68.4,40.64,45.24,0,HIGH
2026-07-18 10:19:36.462562,FARM_001,Tomato,28.59,67.39,44.93,3.8,19.83,26.4,0,LOW
2026-07-18 10:29:36.462562,FARM_001,Tomato,27.39,66.81,40.13,32.65,46.8,22.77,0,LOW
2026-07-18 10:39:36.462562,FARM_001,Tomato,30.06,72.39,47.59,5.05,64.07,24.27,0,MEDIUM
2026-07-18 10:49:36.462562,FARM_001,Tomato,21.43,74.46,44.79,39.99,45.12,37.67,0,HIGH
2026-07-18 10:59:36.462562,FARM_001,Tomato,27.54,67.87,42.44,27.23,32.55,29.11,0,MEDIUM
2026-07-18 11:09:36.462562,FARM_001,Tomato,28.92,62.83,50.64,23.17,30.61,31.59,0,LOW
2026-07-18 11:19:36.462562,FARM_001,Tomato,18.49,56.11,38.62,62.4,31.97,36.85,0,LOW
2026-07-18 11:29:36.462562,FARM_001,Tomato,20.62,63.4,42.85,8.59,25.01,31.6,0,LOW
2026-07-18 11:39:36.462562,FARM_001,Tomato,18.0,63.86,50.24,44.83,37.78,33.66,0,LOW
2026-07-18 11:49:36.462562,FARM_001,Tomato,24.0,68.72,46.61,5.25,20.26,35.55,0,MEDIUM
2026-07-18 11:59:36.462562,FARM_001,Tomato,27.65,65.69,44.76,30.99,10.79,30.05,0,MEDIUM
2026-07-18 12:09:36.462562,FARM_001,Tomato,30.56,72.61,46.28,0.0,37.37,31.55,0,HIGH
2026-07-18 12:19:36.462562,FARM_001,Tomato,25.27,63.89,45.92,8.35,34.87,33.88,0,MEDIUM
2026-07-18 12:29:36.462562,FARM_001,Tomato,31.03,67.62,37.27,25.3,27.4,37.45,0,HIGH
2026-07-18 12:39:36.462562,FARM_001,Tomato,19.89,75.93,43.22,80.69,18.44,27.98,0,MEDIUM
2026-07-18 12:49:36.462562,FARM_001,Tomato,18.7,70.29,53.24,30.64,38.25,15.28,0,LOW
2026-07-18 12:59:36.462562,FARM_001,Tomato,24.79,67.6,41.64,76.02,22.12,36.37,0,MEDIUM
2026-07-18 13:09:36.462562,FARM_001,Tomato,26.42,63.97,43.38,34.13,32.85,37.79,0,MEDIUM
2026-07-18 13:19:36.462562,FARM_001,Tomato,24.88,63.76,42.24,16.4,56.84,33.64,0,MEDIUM
2026-07-18 13:29:36.462562,FARM_001,Tomato,18.0,62.3,44.56,72.65,42.8,34.03,0,LOW
2026-07-18 13:39:36.462562,FARM_001,Tomato,24.67,64.38,42.03,40.46,17.35,29.28,0,LOW
2026-07-18 13:49:36.462562,FARM_001,Tomato,20.17,73.06,47.48,8.93,18.54,35.35,0,HIGH
2026-07-18 13:59:36.462562,FARM_001,Tomato,27.48,66.51,46.01,41.44,36.51,37.36,0,HIGH
2026-07-18 14:09:36.462562,FARM_001,Tomato,26.36,58.96,48.95,19.16,17.27,32.82,0,LOW
2026-07-18 14:19:36.462562,FARM_001,Tomato,21.52,79.85,39.64,0.0,9.38,46.7,0,HIGH
2026-07-18 14:29:36.462562,FARM_001,Tomato,23.1,70.14,43.26,55.03,41.31,23.59,0,LOW
2026-07-18 14:39:36.462562,FARM_001,Tomato,21.08,58.57,43.85,59.67,38.64,33.43,0,LOW
2026-07-18 14:49:36.462562,FARM_001,Tomato,24.77,65.04,47.32,81.37,40.28,25.81,0,LOW
2026-07-18 14:59:36.462562,FARM_001,Tomato,28.53,68.74,40.95,40.03,37.91,37.52,0,HIGH
2026-07-18 15:09:36.462562,FARM_001,Tomato,21.35,79.42,49.67,20.44,33.78,23.49,0,MEDIUM
2026-07-18 15:19:36.462562,FARM_001,Tomato,26.86,60.58,51.05,52.08,26.26,24.9,0,LOW
2026-07-18 15:29:36.462562,FARM_001,Tomato,23.04,74.54,39.96,52.51,41.1,28.89,0,MEDIUM
2026-07-18 15:39:36.462562,FARM_001,Tomato,22.07,77.38,42.5,75.54,53.88,34.02,0,HIGH
2026-07-18 15:49:36.462562,FARM_001,Tomato,24.6,63.79,42.29,26.4,28.28,29.11,0,LOW
2026-07-18 15:59:36.462562,FARM_001,Tomato,21.17,66.14,58.43,22.87,21.74,29.16,0,LOW
2026-07-18 16:09:36.462562,FARM_001,Tomato,22.95,61.06,42.81,6.81,20.3,31.47,0,LOW
2026-07-18 16:19:36.462562,FARM_001,Tomato,20.57,66.64,53.56,43.39,23.68,31.12,0,LOW
2026-07-18 16:29:36.462562,FARM_001,Tomato,32.27,67.75,38.54,0.0,37.15,40.98,0,HIGH
2026-07-18 16:39:36.462562,FARM_001,Tomato,25.13,72.42,39.95,50.36,7.64,36.41,0,HIGH
2026-07-18 16:49:36.462562,FARM_001,Tomato,22.41,75.3,41.5,44.86,40.13,30.65,0,HIGH
2026-07-18 16:59:36.462562,FARM_001,Tomato,25.79,62.99,40.69,44.78,42.71,44.45,0,HIGH
2026-07-18 17:09:36.462562,FARM_001,Tomato,24.58,54.82,43.63,31.74,11.94,35.3,0,LOW
2026-07-18 17:19:36.462562,FARM_001,Tomato,24.18,67.86,41.39,72.46,22.26,26.98,0,LOW
2026-07-18 17:29:36.462562,FARM_001,Tomato,27.27,69.97,40.82,53.16,35.6,33.96,0,HIGH
2026-07-18 17:39:36.462562,FARM_001,Tomato,27.8,69.67,50.91,9.97,32.79,35.55,0,HIGH
2026-07-18 17:49:36.462562,FARM_001,Tomato,23.04,65.81,51.24,10.5,41.15,28.58,0,LOW
2026-07-18 17:59:36.462562,FARM_001,Tomato,22.87,68.84,49.84,2.01,32.82,26.5,0,LOW
2026-07-18 18:09:36.462562,FARM_001,Tomato,23.98,78.15,47.67,43.8,50.54,32.99,0,HIGH
2026-07-18 18:19:36.462562,FARM_001,Tomato,18.0,70.56,45.47,0.0,30.55,30.45,0,MEDIUM
2026-07-18 18:29:36.462562,FARM_001,Tomato,19.39,65.5,42.47,59.34,22.21,40.93,0,MEDIUM
2026-07-18 18:39:36.462562,FARM_001,Tomato,30.06,64.65,40.14,66.33,21.2,36.72,0,MEDIUM
2026-07-18 18:49:36.462562,FARM_001,Tomato,31.09,66.86,46.85,2.03,43.87,28.85,0,MEDIUM
2026-07-18 18:59:36.462562,FARM_001,Tomato,24.08,78.97,39.01,22.28,34.97,34.93,0,HIGH
2026-07-18 19:09:36.462562,FARM_001,Tomato,27.13,66.77,39.93,28.19,42.58,39.72,0,HIGH
2026-07-18 19:19:36.462562,FARM_001,Tomato,26.15,67.87,50.88,53.51,42.33,24.56,0,LOW
2026-07-18 19:29:36.462562,FARM_001,Tomato,34.0,64.77,54.69,74.69,9.15,26.67,0,LOW
2026-07-18 19:39:36.462562,FARM_001,Tomato,29.14,75.36,47.01,0.0,20.23,32.44,0,HIGH
2026-07-18 19:49:36.462562,FARM_001,Tomato,24.53,81.13,50.64,18.41,21.74,32.7,0,HIGH
2026-07-18 19:59:36.462562,FARM_001,Tomato,21.46,71.02,43.75,19.93,24.32,32.2,0,MEDIUM
2026-07-18 20:09:36.462562,FARM_001,Tomato,19.06,68.55,38.18,0.0,29.3,30.73,0,MEDIUM
2026-07-18 20:19:36.462562,FARM_001,Tomato,25.75,68.25,48.12,13.53,47.19,30.64,0,MEDIUM
2026-07-18 20:29:36.462562,FARM_001,Tomato,22.2,52.03,47.9,40.19,49.7,34.69,0,LOW
2026-07-18 20:39:36.462562,FARM_001,Tomato,19.74,72.99,45.37,19.56,30.91,38.96,0,HIGH
2026-07-18 20:49:36.462562,FARM_001,Tomato,22.61,68.9,43.76,0.0,31.43,29.76,0,MEDIUM
2026-07-18 20:59:36.462562,FARM_001,Tomato,21.0,70.87,49.91,100.0,25.71,46.4,0,HIGH
2026-07-18 21:09:36.462562,FARM_001,Tomato,31.24,63.23,39.97,35.47,35.72,43.68,0,HIGH
2026-07-18 21:19:36.462562,FARM_001,Tomato,28.26,65.42,41.05,30.96,37.15,40.08,0,HIGH
2026-07-18 21:29:36.462562,FARM_001,Tomato,24.97,65.25,39.86,0.0,44.76,36.05,0,MEDIUM
2026-07-18 21:39:36.462562,FARM_001,Tomato,30.48,74.84,45.43,35.31,44.66,43.95,0,HIGH
2026-07-18 21:49:36.462562,FARM_001,Tomato,25.29,65.46,39.45,22.9,5.59,30.85,0,MEDIUM
2026-07-18 21:59:36.462562,FARM_001,Tomato,21.81,81.95,41.51,0.0,32.68,27.75,0,HIGH
2026-07-18 22:09:36.462562,FARM_001,Tomato,30.64,70.89,41.4,0.0,52.04,29.5,0,MEDIUM
2026-07-18 22:19:36.462562,FARM_001,Tomato,26.99,59.45,43.67,50.91,29.08,26.78,0,LOW
2026-07-18 22:29:36.462562,FARM_001,Tomato,21.16,67.14,37.41,84.47,48.95,33.19,0,MEDIUM
2026-07-18 22:39:36.462562,FARM_001,Tomato,24.3,63.63,45.44,38.42,30.74,34.21,0,MEDIUM
2026-07-18 22:49:36.462562,FARM_001,Tomato,21.76,53.3,51.36,59.91,36.8,33.64,0,LOW
2026-07-18 22:59:36.462562,FARM_001,Tomato,19.88,78.72,45.69,23.15,20.28,32.43,0,HIGH
2026-07-18 23:09:36.462562,FARM_001,Tomato,28.43,72.71,52.86,25.17,20.75,33.26,0,HIGH
2026-07-18 23:19:36.462562,FARM_001,Tomato,32.06,71.57,51.8,59.56,43.74,42.4,0,HIGH
2026-07-18 23:29:36.462562,FARM_001,Tomato,19.83,69.11,48.97,76.25,45.71,36.03,0,MEDIUM
2026-07-18 23:39:36.462562,FARM_001,Tomato,27.08,58.74,45.38,65.69,34.93,37.76,0,MEDIUM
2026-07-18 23:49:36.462562,FARM_001,Tomato,22.59,64.76,45.11,0.0,19.13,33.59,0,MEDIUM
2026-07-18 23:59:36.462562,FARM_001,Tomato,23.2,73.64,48.9,25.74,35.15,23.29,0,MEDIUM
2026-07-19 00:09:36.462562,FARM_001,Tomato,22.81,60.96,43.0,35.8,50.44,22.16,0,LOW
2026-07-19 00:19:36.462562,FARM_001,Tomato,21.8,51.04,35.4,20.12,56.56,44.37,0,LOW
2026-07-19 00:29:36.462562,FARM_001,Tomato,25.18,66.48,47.51,39.03,30.61,29.47,0,LOW
2026-07-19 00:39:36.462562,FARM_001,Tomato,21.93,67.05,39.23,51.66,13.69,28.98,0,LOW
2026-07-19 00:49:36.462562,FARM_001,Tomato,26.0,68.91,40.09,56.98,45.19,33.9,0,MEDIUM
2026-07-19 00:59:36.462562,FARM_001,Tomato,24.81,72.88,45.0,76.93,31.12,35.64,0,HIGH
2026-07-19 01:09:36.462562,FARM_001,Tomato,24.12,72.27,44.51,18.08,46.48,36.36,0,HIGH
2026-07-19 01:19:36.462562,FARM_001,Tomato,21.64,69.73,37.8,0.0,38.14,42.61,0,HIGH
2026-07-19 01:29:36.462562,FARM_001,Tomato,22.87,76.01,45.84,38.16,23.47,41.05,0,HIGH
2026-07-19 01:39:36.462562,FARM_001,Tomato,27.79,57.82,49.93,82.71,35.33,27.88,0,LOW
2026-07-19 01:49:36.462562,FARM_001,Tomato,26.85,71.38,39.25,13.77,51.09,38.02,0,HIGH
2026-07-19 01:59:36.462562,FARM_001,Tomato,21.38,72.2,51.49,47.76,32.72,30.31,0,MEDIUM
2026-07-19 02:09:36.462562,FARM_001,Tomato,25.37,59.69,37.04,48.02,21.56,31.72,0,LOW
2026-07-19 02:19:36.462562,FARM_001,Tomato,27.78,57.93,55.8,33.29,14.58,26.26,0,LOW
2026-07-19 02:29:36.462562,FARM_001,Tomato,18.82,63.0,42.9,27.9,24.87,22.85,0,LOW
2026-07-19 02:39:36.462562,FARM_001,Tomato,27.01,63.57,45.74,0.74,29.43,32.32,0,MEDIUM
2026-07-19 02:49:36.462562,FARM_001,Tomato,22.55,73.05,35.35,0.0,44.93,27.05,0,MEDIUM
2026-07-19 02:59:36.462562,FARM_001,Tomato,27.11,63.88,44.68,0.0,20.48,37.79,0,MEDIUM
2026-07-19 03:09:36.462562,FARM_001,Tomato,22.18,62.26,46.17,16.3,54.18,30.9,0,LOW
2026-07-19 03:19:36.462562,FARM_001,Tomato,18.32,63.9,44.56,59.74,17.75,34.26,0,LOW
2026-07-19 03:29:36.462562,FARM_001,Tomato,18.98,75.49,42.13,24.69,63.98,40.29,0,HIGH
2026-07-19 03:39:36.462562,FARM_001,Tomato,25.18,68.09,40.17,12.54,56.34,24.03,0,LOW
2026-07-19 03:49:36.462562,FARM_001,Tomato,25.96,66.8,50.77,1.68,36.38,28.37,0,LOW
2026-07-19 03:59:36.462562,FARM_001,Tomato,21.65,67.26,45.16,46.88,13.84,33.53,0,MEDIUM
2026-07-19 04:09:36.462562,FARM_001,Tomato,27.36,76.66,52.86,67.36,33.9,34.28,0,HIGH
2026-07-19 04:19:36.462562,FARM_001,Tomato,18.85,62.98,42.31,58.75,29.73,38.79,0,MEDIUM
2026-07-19 04:29:36.462562,FARM_001,Tomato,24.76,76.81,42.78,45.4,18.54,37.44,0,HIGH
2026-07-19 04:39:36.462562,FARM_001,Tomato,20.52,69.41,49.16,0.0,38.27,33.05,0,MEDIUM
2026-07-19 04:49:36.462562,FARM_001,Tomato,22.59,66.93,36.72,17.43,24.22,34.23,0,MEDIUM
2026-07-19 04:59:36.462562,FARM_001,Tomato,25.18,84.76,38.81,84.56,25.59,34.39,0,HIGH
2026-07-19 05:09:36.462562,FARM_001,Tomato,21.82,60.93,50.6,60.46,32.03,24.12,0,LOW
2026-07-19 05:19:36.462562,FARM_001,Tomato,23.58,65.63,39.02,0.0,27.36,31.61,0,MEDIUM
2026-07-19 05:29:36.462562,FARM_001,Tomato,28.72,59.74,35.72,26.08,60.78,33.92,0,LOW
2026-07-19 05:39:36.462562,FARM_001,Tomato,22.87,74.38,54.53,38.3,27.85,35.11,0,HIGH
2026-07-19 05:49:36.462562,FARM_001,Tomato,28.09,79.32,37.89,5.44,40.16,27.23,0,HIGH
2026-07-19 05:59:36.462562,FARM_001,Tomato,20.82,79.19,45.94,0.0,36.43,25.27,0,MEDIUM
2026-07-19 06:09:36.462562,FARM_001,Tomato,26.96,76.2,45.35,30.59,39.04,31.16,0,HIGH
2026-07-19 06:19:36.462562,FARM_001,Tomato,30.33,66.68,30.67,4.7,40.01,43.71,0,HIGH
2026-07-19 06:29:36.462562,FARM_001,Tomato,18.0,65.55,43.64,4.81,45.71,27.83,0,LOW
2026-07-19 06:39:36.462562,FARM_001,Tomato,22.05,56.8,47.29,17.34,37.96,39.19,0,LOW
2026-07-19 06:49:36.462562,FARM_001,Tomato,27.14,81.64,46.81,23.8,37.43,41.53,0,HIGH
2026-07-19 06:59:36.462562,FARM_001,Tomato,24.25,71.14,49.61,27.43,35.34,32.76,0,MEDIUM
2026-07-19 07:09:36.462562,FARM_001,Tomato,26.37,64.7,43.02,1.89,32.86,28.62,0,LOW
2026-07-19 07:19:36.462562,FARM_001,Tomato,22.77,76.9,48.63,21.27,23.11,35.42,0,HIGH
2026-07-19 07:29:36.462562,FARM_001,Tomato,25.32,61.48,41.48,0.0,33.83,33.61,0,LOW
2026-07-19 07:39:36.462562,FARM_001,Tomato,24.42,70.72,37.81,36.78,37.64,27.6,0,MEDIUM
2026-07-19 07:49:36.462562,FARM_001,Tomato,29.32,66.84,38.38,0.0,39.67,28.74,0,MEDIUM
2026-07-19 07:59:36.462562,FARM_001,Tomato,25.94,72.28,37.54,19.25,36.87,35.09,0,HIGH
2026-07-19 08:09:36.462562,FARM_001,Tomato,26.25,67.57,50.15,54.54,31.66,37.82,0,HIGH
2026-07-19 08:19:36.462562,FARM_001,Tomato,23.48,58.28,37.28,0.0,33.88,30.66,0,LOW
2026-07-19 08:29:36.462562,FARM_001,Tomato,23.2,68.51,46.4,48.62,27.62,32.11,0,MEDIUM
2026-07-19 08:39:36.462562,FARM_001,Tomato,23.4,75.03,43.64,61.45,38.55,36.31,0,HIGH
2026-07-19 08:49:36.462562,FARM_001,Tomato,26.46,67.8,44.48,0.0,31.81,31.52,0,MEDIUM
2026-07-19 08:59:36.462562,FARM_001,Tomato,23.44,73.19,51.95,23.28,36.88,30.79,0,MEDIUM
2026-07-19 09:09:36.462562,FARM_001,Tomato,26.07,60.99,42.76,0.0,47.21,28.19,0,LOW
2026-07-19 09:19:36.462562,FARM_001,Tomato,32.68,67.82,48.12,24.25,25.66,28.1,0,MEDIUM
2026-07-19 09:29:36.462562,FARM_001,Tomato,28.22,63.82,45.19,27.49,42.12,47.71,0,HIGH
2026-07-19 09:39:36.462562,FARM_001,Tomato,23.79,73.0,44.22,0.0,35.02,31.38,0,HIGH
2026-07-19 09:49:36.462562,FARM_001,Tomato,29.44,68.21,56.73,83.91,60.07,40.28,0,HIGH
2026-07-19 09:59:36.462562,FARM_001,Tomato,23.49,72.62,37.65,36.05,31.87,42.1,0,HIGH
2026-07-19 10:09:36.462562,FARM_001,Tomato,18.0,75.29,51.57,2.91,43.36,31.45,0,HIGH
2026-07-19 10:19:36.462562,FARM_001,Tomato,21.27,72.63,48.35,70.49,34.79,34.6,0,HIGH
2026-07-19 10:29:36.462562,FARM_001,Tomato,18.08,69.83,42.55,0.0,17.11,33.08,0,MEDIUM
2026-07-19 10:39:36.462562,FARM_001,Tomato,23.7,61.31,53.31,0.0,28.04,23.31,0,LOW
2026-07-19 10:49:36.462562,FARM_001,Tomato,25.07,67.98,35.57,0.0,45.69,23.65,0,LOW
2026-07-19 10:59:36.462562,FARM_001,Tomato,31.2,64.43,42.34,80.29,29.15,32.78,0,MEDIUM
2026-07-19 11:09:36.462562,FARM_001,Tomato,26.21,65.69,38.84,37.4,6.62,30.08,0,MEDIUM
2026-07-19 11:19:36.462562,FARM_001,Tomato,24.19,65.49,47.1,46.95,34.2,43.28,0,HIGH
2026-07-19 11:29:36.462562,FARM_001,Tomato,28.07,61.43,39.32,36.49,20.84,31.15,0,LOW
2026-07-19 11:39:36.462562,FARM_001,Tomato,18.0,54.89,47.21,44.45,36.26,43.62,0,LOW
2026-07-19 11:49:36.462562,FARM_001,Tomato,25.87,63.52,44.05,29.98,54.14,29.78,0,LOW
2026-07-19 11:59:36.462562,FARM_001,Tomato,27.85,69.3,42.56,35.61,44.3,43.4,0,HIGH
2026-07-19 12:09:36.462562,FARM_001,Tomato,19.53,58.97,46.98,30.84,53.96,35.39,0,LOW
2026-07-19 12:19:36.462562,FARM_001,Tomato,29.23,68.11,43.63,9.93,27.52,35.71,0,HIGH
2026-07-19 12:29:36.462562,FARM_001,Tomato,26.25,80.73,39.45,26.34,32.8,29.58,0,HIGH
2026-07-19 12:39:36.462562,FARM_001,Tomato,23.46,74.85,59.29,35.69,21.44,35.79,0,HIGH
2026-07-19 12:49:36.462562,FARM_001,Tomato,27.34,79.01,42.52,30.93,25.98,42.15,0,HIGH
2026-07-19 12:59:36.462562,FARM_001,Tomato,33.4,70.62,33.69,0.0,22.92,31.67,1,HIGH
2026-07-19 13:09:36.462562,FARM_001,Tomato,25.67,75.82,40.71,0.0,18.14,30.57,0,HIGH
2026-07-19 13:19:36.462562,FARM_001,Tomato,25.92,63.15,38.54,59.32,51.81,31.09,0,LOW
2026-07-19 13:29:36.462562,FARM_001,Tomato,23.3,63.68,49.21,18.74,8.24,41.73,0,MEDIUM
2026-07-19 13:39:36.462562,FARM_001,Tomato,21.86,49.65,46.64,44.77,51.86,37.38,0,LOW
2026-07-19 13:49:36.462562,FARM_001,Tomato,28.07,75.95,47.03,0.0,50.3,40.75,0,HIGH
2026-07-19 13:59:36.462562,FARM_001,Tomato,21.83,78.32,43.11,0.0,40.9,34.29,0,HIGH
2026-07-19 14:09:36.462562,FARM_001,Tomato,25.26,64.29,43.58,3.07,20.56,32.72,0,MEDIUM
2026-07-19 14:19:36.462562,FARM_001,Tomato,23.23,66.3,43.11,21.2,14.66,34.92,0,MEDIUM
2026-07-19 14:29:36.462562,FARM_001,Tomato,26.77,62.95,44.59,8.28,27.69,38.6,0,MEDIUM
2026-07-19 14:39:36.462562,FARM_001,Tomato,26.23,70.56,49.26,65.48,42.48,31.09,0,MEDIUM
2026-07-19 14:49:36.462562,FARM_001,Tomato,28.84,75.54,46.71,32.94,34.64,40.3,0,HIGH
2026-07-19 14:59:36.462562,FARM_001,Tomato,23.11,56.32,47.55,81.69,21.45,34.59,0,LOW
2026-07-19 15:09:36.462562,FARM_001,Tomato,24.0,70.74,47.55,39.51,49.07,18.78,0,LOW
2026-07-19 15:19:36.462562,FARM_001,Tomato,21.38,66.15,49.51,0.0,55.82,37.54,0,MEDIUM
2026-07-19 15:29:36.462562,FARM_001,Tomato,23.36,68.76,46.47,58.54,31.74,25.25,0,LOW
2026-07-19 15:39:36.462562,FARM_001,Tomato,26.4,71.08,46.83,0.0,35.98,37.4,0,HIGH
2026-07-19 15:49:36.462562,FARM_001,Tomato,27.8,66.74,51.06,34.43,15.59,37.64,0,HIGH
2026-07-19 15:59:36.462562,FARM_001,Tomato,21.59,67.31,41.61,5.08,29.38,34.38,0,MEDIUM
2026-07-19 16:09:36.462562,FARM_001,Tomato,28.22,66.57,40.64,90.27,41.03,35.6,0,MEDIUM
2026-07-19 16:19:36.462562,FARM_001,Tomato,30.02,74.5,38.95,69.74,39.07,38.76,0,HIGH
2026-07-19 16:29:36.462562,FARM_001,Tomato,26.53,70.81,45.93,6.04,28.2,29.67,0,MEDIUM
2026-07-19 16:39:36.462562,FARM_001,Tomato,31.94,69.48,35.55,23.98,31.14,37.02,0,HIGH
2026-07-19 16:49:36.462562,FARM_001,Tomato,22.14,59.48,47.36,34.84,28.97,39.13,0,MEDIUM
2026-07-19 16:59:36.462562,FARM_001,Tomato,20.39,65.46,44.44,52.91,31.09,42.53,0,HIGH
2026-07-19 17:09:36.462562,FARM_001,Tomato,18.42,74.02,50.79,28.55,39.93,26.2,0,MEDIUM
2026-07-19 17:19:36.462562,FARM_001,Tomato,30.54,68.25,41.57,0.0,9.81,34.83,0,HIGH
2026-07-19 17:29:36.462562,FARM_001,Tomato,27.42,72.42,43.96,6.75,33.66,27.02,0,MEDIUM
2026-07-19 17:39:36.462562,FARM_001,Tomato,24.79,79.84,50.72,27.57,39.01,26.78,0,HIGH
2026-07-19 17:49:36.462562,FARM_001,Tomato,26.04,74.96,52.05,63.75,27.41,34.55,0,HIGH
2026-07-19 17:59:36.462562,FARM_001,Tomato,20.84,68.62,41.53,40.19,28.56,32.94,0,MEDIUM
2026-07-19 18:09:36.462562,FARM_001,Tomato,34.0,64.58,45.93,5.12,28.93,39.03,0,HIGH
2026-07-19 18:19:36.462562,FARM_001,Tomato,25.48,50.89,46.5,46.63,28.56,30.53,0,LOW
2026-07-19 18:29:36.462562,FARM_001,Tomato,25.4,66.87,46.91,16.4,34.67,31.74,0,MEDIUM
2026-07-19 18:39:36.462562,FARM_001,Tomato,27.69,65.82,43.66,53.7,36.23,33.71,0,MEDIUM
2026-07-19 18:49:36.462562,FARM_001,Tomato,26.78,70.62,51.54,100.0,8.13,27.59,0,MEDIUM
2026-07-19 18:59:36.462562,FARM_001,Tomato,25.83,66.97,35.36,17.22,42.83,28.38,0,LOW
2026-07-19 19:09:36.462562,FARM_001,Tomato,22.08,65.85,42.85,51.11,30.95,38.86,0,MEDIUM
2026-07-19 19:19:36.462562,FARM_001,Tomato,26.74,56.08,47.28,5.93,58.96,29.37,0,LOW
2026-07-19 19:29:36.462562,FARM_001,Tomato,31.96,61.7,47.33,24.42,19.59,39.24,0,MEDIUM
2026-07-19 19:39:36.462562,FARM_001,Tomato,29.98,71.19,51.9,28.56,23.67,35.96,0,HIGH
2026-07-19 19:49:36.462562,FARM_001,Tomato,30.89,79.5,51.11,22.04,32.04,23.68,0,HIGH
2026-07-19 19:59:36.462562,FARM_001,Tomato,23.11,67.35,43.54,99.62,39.81,35.52,0,MEDIUM
2026-07-19 20:09:36.462562,FARM_001,Tomato,21.34,70.2,51.63,18.75,10.02,35.48,0,HIGH
2026-07-19 20:19:36.462562,FARM_001,Tomato,24.53,74.38,41.36,44.84,24.15,34.91,0,HIGH
2026-07-19 20:29:36.462562,FARM_001,Tomato,25.21,62.57,49.75,0.0,42.05,31.69,0,LOW
2026-07-19 20:39:36.462562,FARM_001,Tomato,29.05,70.46,54.23,40.31,22.65,27.14,0,MEDIUM
2026-07-19 20:49:36.462562,FARM_001,Tomato,18.74,63.04,51.2,61.05,51.86,40.17,0,MEDIUM
2026-07-19 20:59:36.462562,FARM_001,Tomato,30.66,73.79,45.54,12.29,28.88,31.92,0,HIGH
2026-07-19 21:09:36.462562,FARM_001,Tomato,24.42,69.01,43.31,0.0,23.27,27.46,0,MEDIUM
2026-07-19 21:19:36.462562,FARM_001,Tomato,23.42,70.0,37.2,26.57,42.29,35.11,0,HIGH
2026-07-19 21:29:36.462562,FARM_001,Tomato,21.26,62.76,46.58,28.2,54.86,28.27,0,LOW
2026-07-19 21:39:36.462562,FARM_001,Tomato,18.88,72.74,39.31,48.84,39.85,27.09,0,MEDIUM
2026-07-19 21:49:36.462562,FARM_001,Tomato,28.05,81.97,40.96,86.42,50.48,30.36,0,HIGH
2026-07-19 21:59:36.462562,FARM_001,Tomato,25.27,61.25,38.93,16.6,55.73,28.71,0,LOW
2026-07-19 22:09:36.462562,FARM_001,Tomato,20.23,65.72,42.65,2.7,22.98,27.3,0,LOW
2026-07-19 22:19:36.462562,FARM_001,Tomato,20.21,69.55,44.86,0.0,46.42,37.1,0,HIGH
2026-07-19 22:29:36.462562,FARM_001,Tomato,23.76,73.27,46.4,33.48,15.4,31.85,0,HIGH
2026-07-19 22:39:36.462562,FARM_001,Tomato,31.18,64.25,41.94,41.7,39.95,39.64,0,HIGH
2026-07-19 22:49:36.462562,FARM_001,Tomato,24.04,49.02,50.45,11.77,33.7,27.63,0,LOW
2026-07-19 22:59:36.462562,FARM_001,Tomato,19.44,77.11,43.94,50.44,50.26,22.65,0,MEDIUM
2026-07-19 23:09:36.462562,FARM_001,Tomato,24.09,73.1,40.98,41.29,49.37,33.35,0,HIGH
2026-07-19 23:19:36.462562,FARM_001,Tomato,23.99,56.32,46.15,28.96,41.78,43.08,0,MEDIUM
2026-07-19 23:29:36.462562,FARM_001,Tomato,18.0,63.93,55.01,1.35,38.36,35.53,0,MEDIUM
2026-07-19 23:39:36.462562,FARM_001,Tomato,24.8,78.51,46.71,13.63,41.01,50.83,0,HIGH
2026-07-19 23:49:36.462562,FARM_001,Tomato,24.15,77.7,43.15,0.0,35.38,34.39,0,HIGH
2026-07-19 23:59:36.462562,FARM_001,Tomato,27.58,74.29,37.21,34.58,33.83,33.84,0,HIGH
2026-07-20 00:09:36.462562,FARM_001,Tomato,31.84,66.82,43.88,28.47,52.78,20.21,0,LOW
2026-07-20 00:19:36.462562,FARM_001,Tomato,29.17,68.56,46.2,33.2,54.29,34.94,0,HIGH
2026-07-20 00:29:36.462562,FARM_001,Tomato,24.01,67.12,43.02,42.43,32.82,33.46,0,MEDIUM
2026-07-20 00:39:36.462562,FARM_001,Tomato,20.91,75.56,36.51,38.97,37.59,30.18,0,HIGH
2026-07-20 00:49:36.462562,FARM_001,Tomato,34.0,62.13,40.66,24.48,35.63,31.72,0,MEDIUM
2026-07-20 00:59:36.462562,FARM_001,Tomato,25.22,62.6,52.42,29.12,14.29,32.11,0,LOW
2026-07-20 01:09:36.462562,FARM_001,Tomato,25.05,74.77,52.31,0.0,30.36,31.47,0,HIGH
2026-07-20 01:19:36.462562,FARM_001,Tomato,24.91,67.7,40.48,10.66,54.76,44.41,0,HIGH
2026-07-20 01:29:36.462562,FARM_001,Tomato,25.73,77.24,48.43,29.17,25.15,30.39,0,HIGH
2026-07-20 01:39:36.462562,FARM_001,Tomato,24.47,63.5,38.99,6.21,61.24,33.47,0,MEDIUM
2026-07-20 01:49:36.462562,FARM_001,Tomato,22.88,67.63,52.16,52.82,49.37,30.2,0,MEDIUM
2026-07-20 01:59:36.462562,FARM_001,Tomato,22.98,61.82,46.25,8.47,39.66,36.97,0,MEDIUM
2026-07-20 02:09:36.462562,FARM_001,Tomato,24.88,68.05,49.84,34.02,41.67,33.51,0,MEDIUM
2026-07-20 02:19:36.462562,FARM_001,Tomato,22.99,58.09,36.25,31.1,23.04,30.9,0,LOW
2026-07-20 02:29:36.462562,FARM_001,Tomato,22.36,64.73,48.46,49.49,31.26,21.52,0,LOW
2026-07-20 02:39:36.462562,FARM_001,Tomato,25.39,58.38,44.96,54.0,52.76,33.89,0,LOW
2026-07-20 02:49:36.462562,FARM_001,Tomato,24.06,72.65,49.34,47.97,26.86,30.74,0,MEDIUM
2026-07-20 02:59:36.462562,FARM_001,Tomato,30.56,72.8,49.67,0.0,47.97,32.15,0,HIGH
2026-07-20 03:09:36.462562,FARM_001,Tomato,18.0,56.41,45.34,62.57,17.25,25.76,0,LOW
2026-07-20 03:19:36.462562,FARM_001,Tomato,29.04,76.94,41.94,72.3,19.5,40.67,0,HIGH
2026-07-20 03:29:36.462562,FARM_001,Tomato,29.61,84.73,48.98,13.62,58.56,37.38,0,HIGH
2026-07-20 03:39:36.462562,FARM_001,Tomato,18.0,68.31,44.69,34.61,34.45,40.66,0,HIGH
2026-07-20 03:49:36.462562,FARM_001,Tomato,23.73,63.7,40.55,1.69,27.81,39.04,0,MEDIUM
2026-07-20 03:59:36.462562,FARM_001,Tomato,23.63,86.92,40.31,0.0,51.77,35.88,0,HIGH
2026-07-20 04:09:36.462562,FARM_001,Tomato,19.79,59.16,37.47,6.13,50.3,25.99,0,LOW
2026-07-20 04:19:36.462562,FARM_001,Tomato,22.12,68.13,42.4,11.93,46.2,43.01,0,HIGH
2026-07-20 04:29:36.462562,FARM_001,Tomato,20.89,69.2,50.62,17.34,27.42,27.21,0,LOW
2026-07-20 04:39:36.462562,FARM_001,Tomato,31.48,77.01,45.91,0.0,30.98,30.97,0,HIGH
2026-07-20 04:49:36.462562,FARM_001,Tomato,28.46,70.41,42.3,6.28,38.53,36.53,0,HIGH
2026-07-20 04:59:36.462562,FARM_001,Tomato,29.7,64.66,49.1,27.38,43.35,36.81,0,MEDIUM
2026-07-20 05:09:36.462562,FARM_001,Tomato,27.67,61.63,40.75,5.21,28.19,35.76,0,MEDIUM
2026-07-20 05:19:36.462562,FARM_001,Tomato,20.82,65.71,45.49,43.57,36.75,30.22,0,LOW
2026-07-20 05:29:36.462562,FARM_001,Tomato,23.06,61.25,44.08,47.6,37.97,29.04,0,LOW
2026-07-20 05:39:36.462562,FARM_001,Tomato,26.81,68.32,48.97,97.21,50.81,46.95,0,HIGH
2026-07-20 05:49:36.462562,FARM_001,Tomato,20.48,64.22,36.96,60.57,44.11,32.28,0,LOW
2026-07-20 05:59:36.462562,FARM_001,Tomato,27.64,57.99,40.66,34.8,15.61,31.58,0,LOW
2026-07-20 06:09:36.462562,FARM_001,Tomato,24.11,76.41,36.64,9.59,31.91,28.43,0,HIGH
2026-07-20 06:19:36.462562,FARM_001,Tomato,23.61,64.67,43.68,36.28,22.9,33.89,0,MEDIUM
2026-07-20 06:29:36.462562,FARM_001,Tomato,27.63,59.5,51.18,37.24,41.76,33.63,0,LOW
2026-07-20 06:39:36.462562,FARM_001,Tomato,26.64,66.87,42.42,12.71,46.23,32.41,0,MEDIUM
2026-07-20 06:49:36.462562,FARM_001,Tomato,23.66,68.46,42.4,50.58,35.88,34.68,0,MEDIUM
2026-07-20 06:59:36.462562,FARM_001,Tomato,29.29,56.3,49.45,0.0,31.22,42.55,0,MEDIUM
2026-07-20 07:09:36.462562,FARM_001,Tomato,21.0,70.22,50.45,20.56,35.47,29.11,0,MEDIUM
2026-07-20 07:19:36.462562,FARM_001,Tomato,27.28,60.98,44.55,43.93,37.23,32.75,0,LOW
2026-07-20 07:29:36.462562,FARM_001,Tomato,27.19,79.46,48.49,19.3,26.53,28.81,0,HIGH
2026-07-20 07:39:36.462562,FARM_001,Tomato,23.85,71.51,39.51,21.66,19.24,34.18,0,HIGH
2026-07-20 07:49:36.462562,FARM_001,Tomato,26.21,65.32,52.03,23.68,8.77,29.26,0,LOW
2026-07-20 07:59:36.462562,FARM_001,Tomato,20.37,63.01,55.96,3.3,50.57,29.5,0,LOW
2026-07-20 08:09:36.462562,FARM_001,Tomato,28.42,67.3,47.66,61.98,40.85,24.18,0,LOW
2026-07-20 08:19:36.462562,FARM_001,Tomato,24.32,72.11,34.37,0.0,39.17,33.06,0,HIGH
2026-07-20 08:29:36.462562,FARM_001,Tomato,23.07,67.83,42.15,36.99,50.54,34.95,0,MEDIUM
2026-07-20 08:39:36.462562,FARM_001,Tomato,28.88,66.55,48.13,39.78,18.78,43.1,0,HIGH
2026-07-20 08:49:36.462562,FARM_001,Tomato,22.39,68.39,42.85,0.0,12.73,35.18,0,MEDIUM
2026-07-20 08:59:36.462562,FARM_001,Tomato,19.79,63.95,51.49,29.83,39.44,29.94,0,LOW
2026-07-20 09:09:36.462562,FARM_001,Tomato,19.24,65.7,48.0,1.14,38.3,24.75,0,LOW
2026-07-20 09:19:36.462562,FARM_001,Tomato,27.24,54.03,41.4,68.32,12.79,25.54,0,LOW
2026-07-20 09:29:36.462562,FARM_001,Tomato,20.26,74.52,45.16,0.0,39.13,25.11,0,MEDIUM
2026-07-20 09:39:36.462562,FARM_001,Tomato,31.49,70.0,40.44,8.61,29.56,43.2,0,HIGH
2026-07-20 09:49:36.462562,FARM_001,Tomato,18.0,62.82,44.07,0.0,24.43,34.14,0,LOW
2026-07-20 09:59:36.462562,FARM_001,Tomato,31.28,80.72,42.17,0.0,30.4,29.18,0,HIGH
2026-07-20 10:09:36.462562,FARM_001,Tomato,25.78,68.58,50.99,74.16,3.84,27.03,0,MEDIUM
2026-07-20 10:19:36.462562,FARM_001,Tomato,24.64,61.06,55.79,43.55,27.15,27.62,0,LOW
2026-07-20 10:29:36.462562,FARM_001,Tomato,22.98,73.74,37.7,31.8,25.73,29.03,0,MEDIUM
2026-07-20 10:39:36.462562,FARM_001,Tomato,26.48,70.67,35.19,8.53,41.62,40.0,0,HIGH
2026-07-20 10:49:36.462562,FARM_001,Tomato,24.86,70.64,43.75,54.2,32.61,32.33,0,MEDIUM
2026-07-20 10:59:36.462562,FARM_001,Tomato,29.08,65.15,37.26,3.63,42.65,24.25,0,LOW
2026-07-20 11:09:36.462562,FARM_001,Tomato,25.42,71.02,45.24,50.87,2.48,45.67,0,HIGH
2026-07-20 11:19:36.462562,FARM_001,Tomato,25.56,66.25,48.82,2.22,24.03,26.0,0,LOW
2026-07-20 11:29:36.462562,FARM_001,Tomato,23.65,71.72,52.62,8.88,41.61,29.13,0,MEDIUM
2026-07-20 11:39:36.462562,FARM_001,Tomato,24.79,55.24,46.03,49.84,30.71,39.97,0,LOW
2026-07-20 11:49:36.462562,FARM_001,Tomato,26.14,65.09,44.01,52.92,45.25,34.87,0,MEDIUM
2026-07-20 11:59:36.462562,FARM_001,Tomato,18.67,79.54,34.91,45.15,11.86,29.82,0,HIGH
2026-07-20 12:09:36.462562,FARM_001,Tomato,20.01,62.86,45.13,0.0,43.81,25.48,0,LOW
2026-07-20 12:19:36.462562,FARM_001,Tomato,27.75,63.95,45.36,14.66,26.55,26.99,0,LOW
2026-07-20 12:29:36.462562,FARM_001,Tomato,25.63,65.0,48.26,32.28,25.32,27.33,0,LOW
2026-07-20 12:39:36.462562,FARM_001,Tomato,24.32,59.86,41.39,2.9,47.09,32.54,0,LOW
2026-07-20 12:49:36.462562,FARM_001,Tomato,25.07,53.2,42.78,67.73,49.24,33.59,0,LOW
2026-07-20 12:59:36.462562,FARM_001,Tomato,26.29,66.46,37.46,0.0,47.64,31.65,0,MEDIUM
2026-07-20 13:09:36.462562,FARM_001,Tomato,23.0,68.91,33.31,4.96,60.29,32.28,0,MEDIUM
2026-07-20 13:19:36.462562,FARM_001,Tomato,22.12,67.65,39.35,12.82,50.56,26.51,0,LOW
2026-07-20 13:29:36.462562,FARM_001,Tomato,25.72,67.03,36.99,0.0,24.58,34.17,0,MEDIUM
2026-07-20 13:39:36.462562,FARM_001,Tomato,21.38,68.29,46.72,0.0,36.38,39.8,0,HIGH
2026-07-20 13:49:36.462562,FARM_001,Tomato,26.51,74.85,42.36,45.96,30.06,31.57,0,HIGH
2026-07-20 13:59:36.462562,FARM_001,Tomato,18.7,66.72,42.25,28.58,60.17,31.46,0,LOW
2026-07-20 14:09:36.462562,FARM_001,Tomato,28.81,64.15,39.98,73.64,48.52,32.97,0,MEDIUM
2026-07-20 14:19:36.462562,FARM_001,Tomato,26.75,66.12,28.51,72.82,32.22,38.87,1,HIGH
2026-07-20 14:29:36.462562,FARM_001,Tomato,25.95,71.88,52.69,40.34,45.66,27.4,0,MEDIUM
2026-07-20 14:39:36.462562,FARM_001,Tomato,28.64,77.46,39.9,36.85,19.07,40.77,0,HIGH
2026-07-20 14:49:36.462562,FARM_001,Tomato,31.16,63.79,42.9,29.63,37.75,34.9,0,MEDIUM
2026-07-20 14:59:36.462562,FARM_001,Tomato,28.75,68.66,37.58,0.0,22.78,32.66,0,MEDIUM
2026-07-20 15:09:36.462562,FARM_001,Tomato,18.19,70.27,49.96,0.0,13.32,39.42,0,HIGH
2026-07-20 15:19:36.462562,FARM_001,Tomato,20.27,61.35,45.73,30.64,44.49,25.76,0,LOW
2026-07-20 15:29:36.462562,FARM_001,Tomato,22.69,68.14,40.79,45.69,46.05,35.48,0,MEDIUM
2026-07-20 15:39:36.462562,FARM_001,Tomato,25.1,58.18,43.0,36.16,40.36,34.95,0,LOW
2026-07-20 15:49:36.462562,FARM_001,Tomato,26.92,56.15,53.56,1.64,32.29,27.17,0,LOW
2026-07-20 15:59:36.462562,FARM_001,Tomato,22.31,70.46,44.63,55.07,18.64,35.13,0,HIGH
2026-07-20 16:09:36.462562,FARM_001,Tomato,25.69,65.43,44.07,70.99,19.97,34.11,0,MEDIUM
2026-07-20 16:19:36.462562,FARM_001,Tomato,22.21,69.36,40.2,55.09,22.39,31.48,0,MEDIUM
2026-07-20 16:29:36.462562,FARM_001,Tomato,22.74,67.88,35.34,56.6,31.66,37.42,0,MEDIUM
2026-07-20 16:39:36.462562,FARM_001,Tomato,19.8,61.46,44.18,11.37,48.16,29.24,0,LOW
2026-07-20 16:49:36.462562,FARM_001,Tomato,21.58,67.7,46.66,59.12,47.96,34.04,0,MEDIUM
2026-07-20 16:59:36.462562,FARM_001,Tomato,20.0,59.74,50.61,31.96,13.83,31.75,0,LOW
2026-07-20 17:09:36.462562,FARM_001,Tomato,21.39,77.32,33.53,42.64,25.87,29.0,0,HIGH
2026-07-20 17:19:36.462562,FARM_001,Tomato,28.9,58.91,39.26,38.37,25.53,35.37,0,LOW
2026-07-20 17:29:36.462562,FARM_001,Tomato,21.49,66.69,42.04,24.15,2.7,31.32,0,MEDIUM
2026-07-20 17:39:36.462562,FARM_001,Tomato,34.0,61.02,44.98,2.59,41.73,24.1,0,LOW
2026-07-20 17:49:36.462562,FARM_001,Tomato,26.83,71.82,44.26,25.3,31.5,22.23,0,LOW
2026-07-20 17:59:36.462562,FARM_001,Tomato,25.68,65.78,44.38,56.51,33.17,37.0,0,MEDIUM
2026-07-20 18:09:36.462562,FARM_001,Tomato,21.82,64.52,47.08,14.81,51.56,25.54,0,LOW
2026-07-20 18:19:36.462562,FARM_001,Tomato,27.59,73.72,40.39,53.79,35.71,34.09,0,HIGH
2026-07-20 18:29:36.462562,FARM_001,Tomato,22.87,68.2,49.76,49.22,29.17,32.81,0,MEDIUM
2026-07-20 18:39:36.462562,FARM_001,Tomato,25.45,71.46,47.21,18.97,41.81,30.4,0,MEDIUM
2026-07-20 18:49:36.462562,FARM_001,Tomato,34.0,61.43,43.37,68.25,47.94,43.65,0,HIGH
2026-07-20 18:59:36.462562,FARM_001,Tomato,24.64,58.59,53.16,17.32,38.34,33.52,0,LOW
2026-07-20 19:09:36.462562,FARM_001,Tomato,29.25,68.72,52.94,71.78,43.28,36.81,0,HIGH
2026-07-20 19:19:36.462562,FARM_001,Tomato,22.4,65.86,49.76,40.38,32.77,34.12,0,MEDIUM
2026-07-20 19:29:36.462562,FARM_001,Tomato,24.87,72.2,29.61,27.24,33.57,31.18,0,MEDIUM
2026-07-20 19:39:36.462562,FARM_001,Tomato,31.55,67.46,53.05,1.78,36.02,32.39,0,MEDIUM
2026-07-20 19:49:36.462562,FARM_001,Tomato,22.68,69.37,49.05,25.12,25.11,40.81,0,HIGH
2026-07-20 19:59:36.462562,FARM_001,Tomato,31.71,57.12,55.23,21.75,27.44,38.7,0,MEDIUM
2026-07-20 20:09:36.462562,FARM_001,Tomato,27.62,80.65,51.31,0.0,51.96,43.63,0,HIGH
2026-07-20 20:19:36.462562,FARM_001,Tomato,22.92,66.9,53.05,21.35,59.9,33.76,0,MEDIUM
2026-07-20 20:29:36.462562,FARM_001,Tomato,27.34,72.67,49.48,4.23,54.66,27.5,0,MEDIUM
2026-07-20 20:39:36.462562,FARM_001,Tomato,28.6,62.4,51.88,44.81,17.93,29.99,0,LOW
2026-07-20 20:49:36.462562,FARM_001,Tomato,27.3,70.06,55.17,65.84,16.71,25.73,0,MEDIUM
2026-07-20 20:59:36.462562,FARM_001,Tomato,19.19,59.27,46.1,0.0,19.6,36.87,0,LOW
2026-07-20 21:09:36.462562,FARM_001,Tomato,22.31,71.03,36.98,77.7,36.29,29.16,0,MEDIUM
2026-07-20 21:19:36.462562,FARM_001,Tomato,24.08,65.61,43.43,23.95,0.0,15.08,0,LOW
2026-07-20 21:29:36.462562,FARM_001,Tomato,24.72,68.2,46.99,0.0,27.18,46.54,0,HIGH
2026-07-20 21:39:36.462562,FARM_001,Tomato,27.3,72.68,45.38,49.83,52.33,29.25,0,MEDIUM
2026-07-20 21:49:36.462562,FARM_001,Tomato,25.66,59.74,38.64,14.66,46.98,29.21,0,LOW
2026-07-20 21:59:36.462562,FARM_001,Tomato,20.06,63.41,36.68,25.31,28.19,42.03,0,MEDIUM
2026-07-20 22:09:36.462562,FARM_001,Tomato,26.41,71.06,41.22,15.9,29.14,25.61,0,MEDIUM
2026-07-20 22:19:36.462562,FARM_001,Tomato,27.26,82.06,49.12,3.85,41.75,38.98,0,HIGH
2026-07-20 22:29:36.462562,FARM_001,Tomato,27.07,67.07,53.06,48.84,46.38,29.15,0,MEDIUM
2026-07-20 22:39:36.462562,FARM_001,Tomato,29.0,71.96,49.67,19.34,27.88,24.95,0,MEDIUM
2026-07-20 22:49:36.462562,FARM_001,Tomato,28.09,67.28,50.39,0.0,31.65,42.22,0,HIGH
2026-07-20 22:59:36.462562,FARM_001,Tomato,26.7,81.01,44.59,43.79,27.47,37.76,0,HIGH
2026-07-20 23:09:36.462562,FARM_001,Tomato,24.74,56.29,36.12,0.0,17.82,37.74,0,LOW
2026-07-20 23:19:36.462562,FARM_001,Tomato,18.85,68.63,42.68,0.0,31.83,34.6,0,MEDIUM
2026-07-20 23:29:36.462562,FARM_001,Tomato,26.59,57.11,43.68,62.52,30.87,35.91,0,LOW
2026-07-20 23:39:36.462562,FARM_001,Tomato,25.77,51.21,42.47,0.0,18.72,25.48,0,LOW
2026-07-20 23:49:36.462562,FARM_001,Tomato,26.0,69.99,45.28,0.0,42.74,33.14,0,MEDIUM
2026-07-20 23:59:36.462562,FARM_001,Tomato,20.28,68.93,47.25,45.89,40.69,27.21,0,LOW
2026-07-21 00:09:36.462562,FARM_001,Tomato,21.0,66.09,49.35,18.83,43.37,24.58,0,LOW
2026-07-21 00:19:36.462562,FARM_001,Tomato,28.9,67.29,43.58,21.34,24.92,34.84,0,MEDIUM
2026-07-21 00:29:36.462562,FARM_001,Tomato,24.85,88.76,35.29,18.52,9.61,39.1,1,HIGH
2026-07-21 00:39:36.462562,FARM_001,Tomato,27.52,66.27,42.54,34.46,40.49,30.31,0,MEDIUM
2026-07-21 00:49:36.462562,FARM_001,Tomato,25.1,71.42,45.22,5.72,26.23,31.29,0,MEDIUM
2026-07-21 00:59:36.462562,FARM_001,Tomato,25.11,63.65,51.24,70.8,23.38,26.01,0,LOW
2026-07-21 01:09:36.462562,FARM_001,Tomato,28.47,69.98,42.1,0.0,18.76,32.54,0,MEDIUM
2026-07-21 01:19:36.462562,FARM_001,Tomato,23.09,66.4,47.61,40.69,31.13,36.83,0,MEDIUM
2026-07-21 01:29:36.462562,FARM_001,Tomato,25.36,65.25,46.48,46.45,54.47,37.01,0,MEDIUM
2026-07-21 01:39:36.462562,FARM_001,Tomato,23.29,80.19,45.22,5.52,28.23,35.61,0,HIGH
2026-07-21 01:49:36.462562,FARM_001,Tomato,23.39,75.89,49.75,0.0,20.87,28.97,0,HIGH
2026-07-21 01:59:36.462562,FARM_001,Tomato,23.86,68.92,41.63,57.4,42.81,28.79,0,MEDIUM
2026-07-21 02:09:36.462562,FARM_001,Tomato,25.82,52.56,42.07,0.0,36.78,37.03,0,LOW
2026-07-21 02:19:36.462562,FARM_001,Tomato,23.23,65.58,44.94,9.99,7.9,37.13,0,MEDIUM
2026-07-21 02:29:36.462562,FARM_001,Tomato,29.65,86.11,41.74,53.61,42.95,31.52,0,HIGH
2026-07-21 02:39:36.462562,FARM_001,Tomato,21.69,66.45,47.59,28.71,61.42,30.07,0,LOW
2026-07-21 02:49:36.462562,FARM_001,Tomato,24.31,75.39,41.36,0.0,1.83,39.15,0,HIGH
2026-07-21 02:59:36.462562,FARM_001,Tomato,23.37,77.66,46.15,78.71,19.03,30.45,0,HIGH
2026-07-21 03:09:36.462562,FARM_001,Tomato,30.35,69.47,44.49,12.22,0.0,36.75,0,HIGH
2026-07-21 03:19:36.462562,FARM_001,Tomato,25.73,62.36,46.1,15.94,33.65,31.72,0,LOW
2026-07-21 03:29:36.462562,FARM_001,Tomato,28.82,51.68,42.66,35.17,47.08,26.53,0,LOW
2026-07-21 03:39:36.462562,FARM_001,Tomato,19.5,72.58,43.27,45.95,35.93,41.69,0,HIGH
2026-07-21 03:49:36.462562,FARM_001,Tomato,25.99,62.54,45.49,84.96,52.14,33.18,0,LOW
2026-07-21 03:59:36.462562,FARM_001,Tomato,28.29,69.18,46.03,0.0,45.06,28.45,0,MEDIUM
2026-07-21 04:09:36.462562,FARM_001,Tomato,25.3,59.63,44.98,51.82,56.05,24.57,0,LOW
2026-07-21 04:19:36.462562,FARM_001,Tomato,28.94,66.22,53.7,49.4,49.22,25.15,0,LOW
2026-07-21 04:29:36.462562,FARM_001,Tomato,23.09,68.23,39.95,23.69,29.52,30.37,0,MEDIUM
2026-07-21 04:39:36.462562,FARM_001,Tomato,30.21,69.8,44.67,50.69,35.44,43.47,0,HIGH
2026-07-21 04:49:36.462562,FARM_001,Tomato,33.51,60.53,36.97,54.98,23.65,29.17,0,LOW
2026-07-21 04:59:36.462562,FARM_001,Tomato,23.66,76.02,46.9,0.0,31.69,40.75,0,HIGH
2026-07-21 05:09:36.462562,FARM_001,Tomato,23.35,64.0,39.31,78.79,35.38,31.75,0,LOW
2026-07-21 05:19:36.462562,FARM_001,Tomato,30.38,56.78,43.58,0.0,33.53,25.77,0,LOW
2026-07-21 05:29:36.462562,FARM_001,Tomato,30.84,67.27,43.1,0.0,51.51,29.8,0,MEDIUM
2026-07-21 05:39:36.462562,FARM_001,Tomato,23.07,68.23,46.43,20.06,30.44,25.2,0,LOW
2026-07-21 05:49:36.462562,FARM_001,Tomato,23.45,69.08,42.18,83.91,22.86,27.62,0,MEDIUM
2026-07-21 05:59:36.462562,FARM_001,Tomato,23.96,77.13,41.96,18.7,23.64,27.45,0,HIGH
2026-07-21 06:09:36.462562,FARM_001,Tomato,20.03,66.42,52.32,26.77,42.85,21.65,0,LOW
2026-07-21 06:19:36.462562,FARM_001,Tomato,21.6,67.2,46.45,69.52,16.92,41.12,0,HIGH
2026-07-21 06:29:36.462562,FARM_001,Tomato,21.28,60.61,42.14,18.93,32.07,33.7,0,LOW
2026-07-21 06:39:36.462562,FARM_001,Tomato,22.16,73.5,43.72,0.0,51.33,28.59,0,MEDIUM
2026-07-21 06:49:36.462562,FARM_001,Tomato,24.87,69.23,53.39,15.52,38.29,33.76,0,MEDIUM
2026-07-21 06:59:36.462562,FARM_001,Tomato,25.87,65.19,43.8,67.73,33.66,27.74,0,LOW
2026-07-21 07:09:36.462562,FARM_001,Tomato,30.74,55.24,41.48,29.77,34.15,17.27,0,LOW
2026-07-21 07:19:36.462562,FARM_001,Tomato,21.31,77.68,41.51,84.08,21.63,49.35,0,HIGH
2026-07-21 07:29:36.462562,FARM_001,Tomato,28.64,59.77,42.2,49.25,23.8,33.58,0,LOW
2026-07-21 07:39:36.462562,FARM_001,Tomato,24.21,64.04,41.97,8.87,32.14,29.14,0,LOW
2026-07-21 07:49:36.462562,FARM_001,Tomato,24.82,70.4,38.47,29.19,38.02,21.48,0,LOW
2026-07-21 07:59:36.462562,FARM_001,Tomato,27.5,59.98,39.27,2.79,46.55,23.98,0,LOW
2026-07-21 08:09:36.462562,FARM_001,Tomato,20.85,57.99,40.77,8.18,35.77,41.93,0,MEDIUM
2026-07-21 08:19:36.462562,FARM_001,Tomato,26.41,53.77,48.02,100.0,51.64,41.06,0,LOW
2026-07-21 08:29:36.462562,FARM_001,Tomato,25.62,72.83,43.06,57.44,54.83,36.79,0,HIGH
2026-07-21 08:39:36.462562,FARM_001,Tomato,26.82,64.35,43.94,52.84,44.62,26.14,0,LOW
2026-07-21 08:49:36.462562,FARM_001,Tomato,26.07,87.61,51.48,9.5,50.03,41.11,0,HIGH
2026-07-21 08:59:36.462562,FARM_001,Tomato,34.0,61.34,51.6,73.53,22.12,35.06,0,MEDIUM
2026-07-21 09:09:36.462562,FARM_001,Tomato,22.64,61.83,43.56,59.8,20.12,36.23,0,MEDIUM
2026-07-21 09:19:36.462562,FARM_001,Tomato,23.04,64.21,41.78,82.64,41.13,35.04,0,MEDIUM
2026-07-21 09:29:36.462562,FARM_001,Tomato,22.69,69.63,40.59,81.23,17.7,23.91,0,LOW
2026-07-21 09:39:36.462562,FARM_001,Tomato,22.94,64.85,48.53,0.0,30.94,25.67,0,LOW
2026-07-21 09:49:36.462562,FARM_001,Tomato,22.64,72.1,43.96,0.0,44.32,29.59,0,MEDIUM
2026-07-21 09:59:36.462562,FARM_001,Tomato,29.4,61.44,43.03,0.0,52.41,36.17,0,MEDIUM
2026-07-21 10:09:36.462562,FARM_001,Tomato,30.26,58.74,40.85,0.14,31.4,24.63,0,LOW
2026-07-21 10:19:36.462562,FARM_001,Tomato,22.89,55.95,41.07,37.14,26.41,31.5,0,LOW
2026-07-21 10:29:36.462562,FARM_001,Tomato,21.92,53.1,46.63,11.15,38.64,31.49,0,LOW
2026-07-21 10:39:36.462562,FARM_001,Tomato,26.74,64.53,38.29,88.22,21.07,37.02,0,MEDIUM
2026-07-21 10:49:36.462562,FARM_001,Tomato,22.96,65.98,50.07,83.32,32.42,36.35,0,MEDIUM
2026-07-21 10:59:36.462562,FARM_001,Tomato,27.34,63.77,42.28,27.51,34.5,26.74,0,LOW
2026-07-21 11:09:36.462562,FARM_001,Tomato,25.75,76.33,44.24,84.8,34.25,40.75,0,HIGH
2026-07-21 11:19:36.462562,FARM_001,Tomato,19.39,76.23,38.18,71.15,35.72,25.87,0,MEDIUM
2026-07-21 11:29:36.462562,FARM_001,Tomato,30.73,65.76,44.94,14.54,24.09,38.73,0,HIGH
2026-07-21 11:39:36.462562,FARM_001,Tomato,31.64,55.98,43.33,0.0,25.44,29.36,0,LOW
2026-07-21 11:49:36.462562,FARM_001,Tomato,22.73,64.2,44.74,21.34,25.19,33.43,0,MEDIUM
2026-07-21 11:59:36.462562,FARM_001,Tomato,23.57,63.98,52.51,8.88,14.19,33.79,0,MEDIUM
2026-07-21 12:09:36.462562,FARM_001,Tomato,26.06,63.6,45.91,33.73,38.91,33.63,0,MEDIUM
2026-07-21 12:19:36.462562,FARM_001,Tomato,26.24,63.33,40.95,30.31,45.87,36.34,0,MEDIUM
2026-07-21 12:29:36.462562,FARM_001,Tomato,27.44,63.62,41.37,29.54,44.63,34.73,0,MEDIUM
2026-07-21 12:39:36.462562,FARM_001,Tomato,32.44,65.41,48.04,42.99,31.29,36.97,0,HIGH
2026-07-21 12:49:36.462562,FARM_001,Tomato,24.35,63.74,51.62,0.0,24.38,35.15,0,MEDIUM
2026-07-21 12:59:36.462562,FARM_001,Tomato,22.05,69.4,46.44,39.71,43.98,25.29,0,LOW
2026-07-21 13:09:36.462562,FARM_001,Tomato,19.9,70.41,48.51,14.86,42.65,34.04,0,MEDIUM
2026-07-21 13:19:36.462562,FARM_001,Tomato,22.3,61.9,48.11,33.54,37.34,29.29,0,LOW
2026-07-21 13:29:36.462562,FARM_001,Tomato,24.88,76.52,52.24,55.66,56.58,26.18,0,MEDIUM
2026-07-21 13:39:36.462562,FARM_001,Tomato,31.64,61.43,35.06,0.0,34.27,30.85,0,LOW
2026-07-21 13:49:36.462562,FARM_001,Tomato,23.08,57.16,48.4,19.49,31.36,33.54,0,LOW
2026-07-21 13:59:36.462562,FARM_001,Tomato,25.83,70.55,50.02,24.24,29.56,33.92,0,HIGH
2026-07-21 14:09:36.462562,FARM_001,Tomato,24.94,62.52,38.17,12.68,14.93,38.52,0,MEDIUM
2026-07-21 14:19:36.462562,FARM_001,Tomato,29.4,70.15,40.48,53.98,42.93,39.95,0,HIGH
2026-07-21 14:29:36.462562,FARM_001,Tomato,34.0,51.9,40.66,6.66,33.27,34.42,0,LOW
2026-07-21 14:39:36.462562,FARM_001,Tomato,23.04,77.33,41.28,11.48,41.03,35.45,0,HIGH
2026-07-21 14:49:36.462562,FARM_001,Tomato,23.19,72.5,42.54,6.97,57.81,33.04,0,HIGH
2026-07-21 14:59:36.462562,FARM_001,Tomato,28.86,57.95,46.24,59.59,29.68,36.87,0,LOW
2026-07-21 15:09:36.462562,FARM_001,Tomato,27.52,58.09,49.41,13.32,5.14,35.28,0,LOW
2026-07-21 15:19:36.462562,FARM_001,Tomato,31.83,79.2,50.51,41.13,40.66,32.19,0,HIGH
2026-07-21 15:29:36.462562,FARM_001,Tomato,27.16,63.06,40.73,85.39,36.7,44.77,0,HIGH
2026-07-21 15:39:36.462562,FARM_001,Tomato,23.67,62.41,40.69,25.52,25.37,29.39,0,LOW
2026-07-21 15:49:36.462562,FARM_001,Tomato,27.19,52.82,51.71,60.17,39.61,40.79,0,LOW
2026-07-21 15:59:36.462562,FARM_001,Tomato,29.1,65.65,48.3,76.5,44.5,24.78,0,LOW
2026-07-21 16:09:36.462562,FARM_001,Tomato,28.04,66.47,45.42,57.69,22.67,37.14,0,HIGH
2026-07-21 16:19:36.462562,FARM_001,Tomato,26.88,72.79,47.41,27.21,30.8,40.69,0,HIGH
2026-07-21 16:29:36.462562,FARM_001,Tomato,28.95,58.63,44.85,46.45,53.21,21.63,0,LOW
2026-07-21 16:39:36.462562,FARM_001,Tomato,29.33,57.81,47.68,0.0,25.51,33.29,0,LOW
2026-07-21 16:49:36.462562,FARM_001,Tomato,30.11,71.02,43.29,4.92,35.44,36.58,0,HIGH
2026-07-21 16:59:36.462562,FARM_001,Tomato,27.4,74.75,46.37,10.04,1.53,33.94,0,HIGH
2026-07-21 17:09:36.462562,FARM_001,Tomato,24.38,57.47,37.3,93.13,15.93,34.66,0,LOW
2026-07-21 17:19:36.462562,FARM_001,Tomato,25.54,75.25,41.49,3.97,36.58,33.28,0,HIGH
2026-07-21 17:29:36.462562,FARM_001,Tomato,29.46,68.25,41.55,3.54,50.07,26.26,0,MEDIUM
2026-07-21 17:39:36.462562,FARM_001,Tomato,21.98,75.32,43.09,0.0,17.44,46.0,0,HIGH
2026-07-21 17:49:36.462562,FARM_001,Tomato,26.36,67.53,40.27,44.05,35.54,29.63,0,MEDIUM
2026-07-21 17:59:36.462562,FARM_001,Tomato,23.54,51.1,42.28,31.86,29.87,34.97,0,LOW
2026-07-21 18:09:36.462562,FARM_001,Tomato,25.11,66.98,37.28,59.43,46.61,28.81,0,LOW
2026-07-21 18:19:36.462562,FARM_001,Tomato,29.73,75.1,47.8,47.3,19.26,19.53,0,MEDIUM
2026-07-21 18:29:36.462562,FARM_001,Tomato,25.71,62.01,44.58,0.0,40.02,27.23,0,LOW
2026-07-21 18:39:36.462562,FARM_001,Tomato,25.17,65.4,36.3,4.13,26.36,24.25,0,LOW
2026-07-21 18:49:36.462562,FARM_001,Tomato,19.97,66.82,40.74,67.57,37.41,38.72,0,MEDIUM
2026-07-21 18:59:36.462562,FARM_001,Tomato,27.76,48.57,46.72,21.76,35.47,29.04,0,LOW
2026-07-21 19:09:36.462562,FARM_001,Tomato,27.39,79.2,42.23,62.38,31.43,29.57,0,HIGH
2026-07-21 19:19:36.462562,FARM_001,Tomato,33.0,61.96,41.45,23.33,40.62,26.43,0,LOW
2026-07-21 19:29:36.462562,FARM_001,Tomato,23.86,71.39,44.62,0.0,35.15,33.04,0,MEDIUM
2026-07-21 19:39:36.462562,FARM_001,Tomato,25.81,67.42,46.75,18.84,32.93,28.42,0,MEDIUM
2026-07-21 19:49:36.462562,FARM_001,Tomato,25.92,76.43,37.67,0.0,30.11,38.16,0,HIGH
2026-07-21 19:59:36.462562,FARM_001,Tomato,30.84,70.72,47.81,11.19,35.58,34.22,0,HIGH
2026-07-21 20:09:36.462562,FARM_001,Tomato,24.65,66.43,40.92,33.57,37.4,29.24,0,LOW
2026-07-21 20:19:36.462562,FARM_001,Tomato,26.03,62.01,44.91,42.64,22.14,37.35,0,MEDIUM
2026-07-21 20:29:36.462562,FARM_001,Tomato,27.25,73.35,44.82,0.0,30.2,32.55,0,HIGH
2026-07-21 20:39:36.462562,FARM_001,Tomato,25.69,55.45,42.31,27.19,21.3,32.62,0,LOW
2026-07-21 20:49:36.462562,FARM_001,Tomato,23.35,72.33,39.78,10.57,34.1,24.16,0,MEDIUM
2026-07-21 20:59:36.462562,FARM_001,Tomato,25.72,60.64,43.54,8.77,27.14,32.09,0,LOW
2026-07-21 21:09:36.462562,FARM_001,Tomato,28.97,76.39,53.29,31.57,44.31,34.33,0,HIGH
2026-07-21 21:19:36.462562,FARM_001,Tomato,21.2,69.08,38.06,11.63,43.08,40.1,0,HIGH
2026-07-21 21:29:36.462562,FARM_001,Tomato,25.49,72.32,53.63,68.06,22.97,28.21,0,MEDIUM
2026-07-21 21:39:36.462562,FARM_001,Tomato,22.41,68.55,43.68,62.39,34.57,45.49,0,HIGH
2026-07-21 21:49:36.462562,FARM_001,Tomato,29.42,56.26,45.18,62.21,42.65,35.67,0,LOW
2026-07-21 21:59:36.462562,FARM_001,Tomato,19.36,62.23,39.46,13.25,32.39,23.84,0,LOW
2026-07-21 22:09:36.462562,FARM_001,Tomato,22.93,72.51,41.07,0.0,25.42,27.68,0,MEDIUM
2026-07-21 22:19:36.462562,FARM_001,Tomato,26.4,69.12,42.44,30.1,20.84,40.6,0,HIGH
2026-07-21 22:29:36.462562,FARM_001,Tomato,30.79,75.91,39.67,23.31,45.36,39.59,0,HIGH
2026-07-21 22:39:36.462562,FARM_001,Tomato,24.76,70.7,43.93,9.92,45.97,32.6,0,MEDIUM
2026-07-21 22:49:36.462562,FARM_001,Tomato,22.95,61.52,42.92,0.0,31.98,33.35,0,LOW
2026-07-21 22:59:36.462562,FARM_001,Tomato,31.96,62.67,54.44,26.49,44.25,25.86,0,LOW
2026-07-21 23:09:36.462562,FARM_001,Tomato,19.64,68.69,39.05,15.9,0.0,40.03,0,HIGH
2026-07-21 23:19:36.462562,FARM_001,Tomato,18.0,52.5,45.52,47.8,51.33,26.87,0,LOW
2026-07-21 23:29:36.462562,FARM_001,Tomato,26.63,79.21,46.26,47.12,32.62,37.32,0,HIGH
2026-07-21 23:39:36.462562,FARM_001,Tomato,23.14,70.96,39.54,59.84,36.39,40.21,0,HIGH
2026-07-21 23:49:36.462562,FARM_001,Tomato,21.22,76.22,48.5,0.0,30.56,32.77,0,HIGH
2026-07-21 23:59:36.462562,FARM_001,Tomato,27.62,57.41,42.97,39.41,52.19,38.02,0,LOW
2026-07-22 00:09:36.462562,FARM_001,Tomato,25.9,76.34,32.29,6.46,21.23,43.03,1,HIGH
2026-07-22 00:19:36.462562,FARM_001,Tomato,22.91,82.95,48.37,0.0,53.18,34.03,0,HIGH
2026-07-22 00:29:36.462562,FARM_001,Tomato,20.26,59.15,39.3,15.18,39.59,31.5,0,LOW
2026-07-22 00:39:36.462562,FARM_001,Tomato,28.23,73.17,39.66,58.91,42.45,32.12,0,HIGH
2026-07-22 00:49:36.462562,FARM_001,Tomato,27.41,68.01,48.51,16.83,30.45,28.26,0,MEDIUM
2026-07-22 00:59:36.462562,FARM_001,Tomato,24.63,57.65,43.23,73.41,18.12,28.14,0,LOW
2026-07-22 01:09:36.462562,FARM_001,Tomato,31.83,71.3,49.68,43.73,46.32,35.02,0,HIGH
2026-07-22 01:19:36.462562,FARM_001,Tomato,21.04,73.59,51.17,16.19,38.52,31.57,0,MEDIUM
2026-07-22 01:29:36.462562,FARM_001,Tomato,19.36,63.97,41.71,61.57,51.76,34.37,0,LOW
2026-07-22 01:39:36.462562,FARM_001,Tomato,22.44,75.81,49.05,40.71,32.16,24.01,0,MEDIUM
2026-07-22 01:49:36.462562,FARM_001,Tomato,24.83,56.83,41.15,0.47,29.32,31.97,0,LOW
2026-07-22 01:59:36.462562,FARM_001,Tomato,25.9,57.99,56.39,81.98,52.09,38.37,0,LOW
2026-07-22 02:09:36.462562,FARM_001,Tomato,24.11,68.92,41.47,35.28,58.69,26.12,0,LOW
2026-07-22 02:19:36.462562,FARM_001,Tomato,26.3,68.17,50.23,28.25,34.72,32.59,0,MEDIUM
2026-07-22 02:29:36.462562,FARM_001,Tomato,20.37,63.2,49.3,2.72,25.12,21.93,0,LOW
2026-07-22 02:39:36.462562,FARM_001,Tomato,30.34,73.42,46.61,62.14,44.81,25.06,0,MEDIUM
2026-07-22 02:49:36.462562,FARM_001,Tomato,24.7,71.56,41.58,42.8,31.4,37.1,0,HIGH
2026-07-22 02:59:36.462562,FARM_001,Tomato,29.13,73.75,44.23,46.07,42.15,30.74,0,HIGH
2026-07-22 03:09:36.462562,FARM_001,Tomato,26.27,67.17,34.02,12.88,31.33,42.89,0,HIGH
2026-07-22 03:19:36.462562,FARM_001,Tomato,26.69,72.04,46.14,52.06,54.31,34.96,0,HIGH
2026-07-22 03:29:36.462562,FARM_001,Tomato,27.11,65.01,46.78,54.32,25.79,35.52,0,MEDIUM
2026-07-22 03:39:36.462562,FARM_001,Tomato,26.66,81.76,45.68,8.17,40.65,26.36,0,HIGH
2026-07-22 03:49:36.462562,FARM_001,Tomato,27.38,62.56,29.84,0.0,28.44,30.3,1,LOW
2026-07-22 03:59:36.462562,FARM_001,Tomato,29.92,82.11,38.55,44.68,31.05,28.32,0,HIGH
2026-07-22 04:09:36.462562,FARM_001,Tomato,25.73,68.23,41.18,0.0,29.41,26.43,0,LOW
2026-07-22 04:19:36.462562,FARM_001,Tomato,27.62,58.78,46.49,32.14,43.91,36.28,0,LOW
2026-07-22 04:29:36.462562,FARM_001,Tomato,24.67,77.17,46.48,14.64,46.17,37.43,0,HIGH
2026-07-22 04:39:36.462562,FARM_001,Tomato,30.33,68.84,44.13,63.29,41.63,34.77,0,HIGH
2026-07-22 04:49:36.462562,FARM_001,Tomato,22.5,73.7,48.24,16.23,33.24,27.78,0,MEDIUM
2026-07-22 04:59:36.462562,FARM_001,Tomato,31.66,76.2,39.77,60.03,36.37,34.39,0,HIGH
2026-07-22 05:09:36.462562,FARM_001,Tomato,24.85,70.26,48.11,12.69,45.91,21.6,0,LOW
2026-07-22 05:19:36.462562,FARM_001,Tomato,19.71,64.03,47.42,56.9,46.31,40.04,0,MEDIUM
2026-07-22 05:29:36.462562,FARM_001,Tomato,25.47,74.54,46.93,87.86,0.7,25.1,0,MEDIUM
2026-07-22 05:39:36.462562,FARM_001,Tomato,22.48,68.01,44.07,0.0,31.17,26.11,0,LOW
2026-07-22 05:49:36.462562,FARM_001,Tomato,28.11,72.6,54.34,36.23,31.77,33.16,0,HIGH
2026-07-22 05:59:36.462562,FARM_001,Tomato,22.59,53.57,47.52,100.0,43.03,33.66,0,LOW
2026-07-22 06:09:36.462562,FARM_001,Tomato,23.35,70.99,40.06,29.64,33.76,32.09,0,MEDIUM
2026-07-22 06:19:36.462562,FARM_001,Tomato,18.01,63.72,46.27,29.5,43.66,26.17,0,LOW
2026-07-22 06:29:36.462562,FARM_001,Tomato,23.33,79.08,48.84,50.72,21.01,38.96,0,HIGH
2026-07-22 06:39:36.462562,FARM_001,Tomato,18.0,72.17,42.0,28.9,37.88,22.89,0,LOW
2026-07-22 06:49:36.462562,FARM_001,Tomato,19.14,69.61,50.56,0.0,45.94,24.05,0,LOW
2026-07-22 06:59:36.462562,FARM_001,Tomato,27.81,71.26,46.95,60.76,16.02,31.89,0,HIGH
2026-07-22 07:09:36.462562,FARM_001,Tomato,27.91,61.31,33.05,0.0,66.27,25.29,0,LOW
2026-07-22 07:19:36.462562,FARM_001,Tomato,26.57,78.88,46.53,15.53,49.61,39.47,0,HIGH
2026-07-22 07:29:36.462562,FARM_001,Tomato,21.42,81.34,42.93,62.96,34.62,25.78,0,HIGH
2026-07-22 07:39:36.462562,FARM_001,Tomato,24.82,70.63,47.74,17.29,24.16,41.38,0,HIGH
2026-07-22 07:49:36.462562,FARM_001,Tomato,24.99,78.66,49.82,7.44,32.39,38.4,0,HIGH
2026-07-22 07:59:36.462562,FARM_001,Tomato,20.71,64.19,46.0,53.37,35.66,39.54,0,MEDIUM
2026-07-22 08:09:36.462562,FARM_001,Tomato,30.56,62.66,53.49,2.85,40.15,43.26,0,HIGH
2026-07-22 08:19:36.462562,FARM_001,Tomato,28.25,68.27,44.09,0.0,53.51,32.96,0,MEDIUM
2026-07-22 08:29:36.462562,FARM_001,Tomato,24.18,70.91,48.19,35.72,28.6,26.73,0,MEDIUM
2026-07-22 08:39:36.462562,FARM_001,Tomato,25.1,65.36,49.11,22.36,41.69,31.91,0,MEDIUM
2026-07-22 08:49:36.462562,FARM_001,Tomato,25.77,71.6,44.5,0.0,18.32,29.27,0,MEDIUM
2026-07-22 08:59:36.462562,FARM_001,Tomato,18.0,70.05,48.97,46.3,29.39,28.46,0,MEDIUM
2026-07-22 09:09:36.462562,FARM_001,Tomato,24.09,61.31,41.97,41.26,39.35,33.36,0,LOW
2026-07-22 09:19:36.462562,FARM_001,Tomato,22.48,71.48,42.84,17.2,43.31,30.72,0,MEDIUM
2026-07-22 09:29:36.462562,FARM_001,Tomato,21.29,73.79,38.31,19.19,25.11,28.21,0,MEDIUM
2026-07-22 09:39:36.462562,FARM_001,Tomato,23.96,69.15,46.23,41.44,29.05,31.1,0,MEDIUM
2026-07-22 09:49:36.462562,FARM_001,Tomato,31.65,75.72,46.66,62.46,53.0,35.63,0,HIGH
2026-07-22 09:59:36.462562,FARM_001,Tomato,27.37,59.84,51.01,19.44,49.24,37.95,0,MEDIUM
2026-07-22 10:09:36.462562,FARM_001,Tomato,22.89,71.14,49.03,46.82,37.23,23.36,0,LOW
2026-07-22 10:19:36.462562,FARM_001,Tomato,27.12,60.16,43.55,44.2,6.42,30.77,0,LOW
2026-07-22 10:29:36.462562,FARM_001,Tomato,30.18,60.54,38.99,53.38,66.24,31.69,0,LOW
2026-07-22 10:39:36.462562,FARM_001,Tomato,28.42,63.77,47.21,28.85,34.35,25.76,0,LOW
2026-07-22 10:49:36.462562,FARM_001,Tomato,25.22,61.69,50.66,1.06,30.66,31.82,0,LOW
2026-07-22 10:59:36.462562,FARM_001,Tomato,22.61,64.33,48.85,14.2,28.02,33.34,0,MEDIUM
2026-07-22 11:09:36.462562,FARM_001,Tomato,27.58,66.57,50.53,37.71,39.34,35.46,0,MEDIUM
2026-07-22 11:19:36.462562,FARM_001,Tomato,26.46,73.61,43.92,80.8,39.47,32.94,0,HIGH
2026-07-22 11:29:36.462562,FARM_001,Tomato,28.31,65.85,42.62,13.57,46.58,27.48,0,LOW
2026-07-22 11:39:36.462562,FARM_001,Tomato,27.35,57.38,41.24,51.2,22.93,43.97,0,MEDIUM
2026-07-22 11:49:36.462562,FARM_001,Tomato,28.88,75.64,44.71,18.12,30.66,37.23,0,HIGH
2026-07-22 11:59:36.462562,FARM_001,Tomato,23.02,62.39,44.6,30.93,60.18,35.65,0,MEDIUM
2026-07-22 12:09:36.462562,FARM_001,Tomato,29.87,67.61,46.05,71.95,37.43,38.23,0,HIGH
2026-07-22 12:19:36.462562,FARM_001,Tomato,25.73,70.99,44.34,50.02,32.43,33.89,0,HIGH
2026-07-22 12:29:36.462562,FARM_001,Tomato,32.68,69.34,44.32,0.0,22.74,39.83,0,HIGH
2026-07-22 12:39:36.462562,FARM_001,Tomato,22.45,75.33,41.04,10.98,40.97,32.82,0,HIGH
2026-07-22 12:49:36.462562,FARM_001,Tomato,31.42,71.21,49.8,64.38,47.59,32.51,0,HIGH
2026-07-22 12:59:36.462562,FARM_001,Tomato,25.73,62.23,45.39,31.84,45.62,36.12,0,MEDIUM
2026-07-22 13:09:36.462562,FARM_001,Tomato,22.59,82.6,44.11,0.0,31.34,41.49,0,HIGH
2026-07-22 13:19:36.462562,FARM_001,Tomato,23.21,69.3,41.19,3.79,39.15,41.12,0,HIGH
2026-07-22 13:29:36.462562,FARM_001,Tomato,23.81,67.01,38.21,48.24,55.66,35.88,0,MEDIUM
2026-07-22 13:39:36.462562,FARM_001,Tomato,26.57,74.46,51.67,56.74,48.09,35.44,0,HIGH
2026-07-22 13:49:36.462562,FARM_001,Tomato,26.93,69.67,47.83,28.22,24.72,36.47,0,HIGH
2026-07-22 13:59:36.462562,FARM_001,Tomato,22.88,70.67,36.72,99.98,2.52,38.12,1,HIGH
2026-07-22 14:09:36.462562,FARM_001,Tomato,24.91,84.7,48.89,51.77,38.34,39.9,0,HIGH
2026-07-22 14:19:36.462562,FARM_001,Tomato,32.93,66.16,49.7,20.59,44.66,31.15,0,MEDIUM
2026-07-22 14:29:36.462562,FARM_001,Tomato,31.39,65.87,45.63,3.88,20.88,40.01,0,HIGH
2026-07-22 14:39:36.462562,FARM_001,Tomato,26.61,68.78,53.15,0.0,34.49,34.46,0,MEDIUM
2026-07-22 14:49:36.462562,FARM_001,Tomato,25.14,75.18,46.11,37.49,31.28,36.21,0,HIGH
2026-07-22 14:59:36.462562,FARM_001,Tomato,25.44,57.91,37.77,13.43,35.91,40.38,0,MEDIUM
2026-07-22 15:09:36.462562,FARM_001,Tomato,27.27,54.83,46.86,76.57,27.74,36.76,0,LOW
2026-07-22 15:19:36.462562,FARM_001,Tomato,21.22,64.07,46.25,70.52,50.86,37.72,0,MEDIUM
2026-07-22 15:29:36.462562,FARM_001,Tomato,24.05,57.05,41.92,46.19,36.46,30.28,0,LOW
2026-07-22 15:39:36.462562,FARM_001,Tomato,18.83,65.15,47.93,0.0,23.52,41.04,0,MEDIUM
2026-07-22 15:49:36.462562,FARM_001,Tomato,26.48,71.37,36.49,8.07,46.16,36.47,0,HIGH
2026-07-22 15:59:36.462562,FARM_001,Tomato,27.39,62.03,50.05,64.37,18.67,33.22,0,LOW
2026-07-22 16:09:36.462562,FARM_001,Tomato,23.21,58.44,40.52,11.26,50.78,38.78,0,LOW
2026-07-22 16:19:36.462562,FARM_001,Tomato,30.82,68.46,39.98,60.47,47.09,47.25,0,HIGH
2026-07-22 16:29:36.462562,FARM_001,Tomato,20.46,73.78,44.42,41.56,52.11,25.84,0,MEDIUM
2026-07-22 16:39:36.462562,FARM_001,Tomato,19.58,56.64,47.21,29.21,32.61,27.92,0,LOW
2026-07-22 16:49:36.462562,FARM_001,Tomato,25.83,73.5,45.84,7.18,28.35,47.81,0,HIGH
2026-07-22 16:59:36.462562,FARM_001,Tomato,28.87,73.48,41.21,24.95,35.66,34.93,0,HIGH
2026-07-22 17:09:36.462562,FARM_001,Tomato,31.23,74.39,42.42,33.24,33.54,33.59,0,HIGH
2026-07-22 17:19:36.462562,FARM_001,Tomato,23.3,76.16,39.22,57.85,26.38,31.84,0,HIGH
2026-07-22 17:29:36.462562,FARM_001,Tomato,28.99,82.75,43.85,1.84,27.62,39.39,0,HIGH
2026-07-22 17:39:36.462562,FARM_001,Tomato,24.86,65.61,50.48,20.03,29.98,47.38,0,HIGH
2026-07-22 17:49:36.462562,FARM_001,Tomato,24.36,68.73,44.98,29.01,19.86,28.71,0,MEDIUM
2026-07-22 17:59:36.462562,FARM_001,Tomato,28.27,65.21,49.38,47.05,43.14,31.95,0,MEDIUM
2026-07-22 18:09:36.462562,FARM_001,Tomato,27.41,68.01,52.42,1.17,33.94,30.5,0,MEDIUM
2026-07-22 18:19:36.462562,FARM_001,Tomato,19.17,78.27,42.0,0.0,30.71,36.68,0,HIGH
2026-07-22 18:29:36.462562,FARM_001,Tomato,30.46,58.99,44.05,47.38,20.61,39.47,0,MEDIUM
2026-07-22 18:39:36.462562,FARM_001,Tomato,30.11,62.23,56.07,0.0,19.98,41.74,0,HIGH
2026-07-22 18:49:36.462562,FARM_001,Tomato,22.69,77.23,52.37,65.22,58.99,36.87,0,HIGH
2026-07-22 18:59:36.462562,FARM_001,Tomato,26.46,74.83,36.47,23.15,26.7,46.86,0,HIGH
2026-07-22 19:09:36.462562,FARM_001,Tomato,26.83,65.57,46.97,0.0,42.29,29.22,0,LOW
2026-07-22 19:19:36.462562,FARM_001,Tomato,25.96,73.72,45.0,13.67,36.65,27.74,0,MEDIUM
2026-07-22 19:29:36.462562,FARM_001,Tomato,22.96,70.29,49.21,38.77,0.0,40.88,0,HIGH
2026-07-22 19:39:36.462562,FARM_001,Tomato,22.51,78.05,41.2,12.15,57.18,33.2,0,HIGH
2026-07-22 19:49:36.462562,FARM_001,Tomato,24.91,68.5,40.72,28.28,43.22,24.66,0,LOW
2026-07-22 19:59:36.462562,FARM_001,Tomato,29.34,74.87,41.55,49.31,24.93,30.7,0,HIGH
2026-07-22 20:09:36.462562,FARM_001,Tomato,27.01,85.7,42.08,21.8,34.24,33.96,0,HIGH
2026-07-22 20:19:36.462562,FARM_001,Tomato,23.63,72.01,49.16,0.34,20.12,28.82,0,MEDIUM
2026-07-22 20:29:36.462562,FARM_001,Tomato,27.86,68.33,38.98,18.97,57.61,26.72,0,MEDIUM
2026-07-22 20:39:36.462562,FARM_001,Tomato,18.0,72.84,41.82,69.01,23.16,31.32,0,MEDIUM
2026-07-22 20:49:36.462562,FARM_001,Tomato,29.25,65.55,35.88,76.9,28.01,26.43,0,LOW
2026-07-22 20:59:36.462562,FARM_001,Tomato,18.56,84.0,50.14,0.0,25.41,36.12,0,HIGH
2026-07-22 21:09:36.462562,FARM_001,Tomato,23.66,69.21,51.48,59.56,35.61,21.42,0,LOW
2026-07-22 21:19:36.462562,FARM_001,Tomato,20.86,66.17,43.33,35.0,51.87,33.02,0,MEDIUM
2026-07-22 21:29:36.462562,FARM_001,Tomato,20.21,62.4,43.48,54.68,57.15,35.46,0,LOW
2026-07-22 21:39:36.462562,FARM_001,Tomato,29.3,75.35,47.31,11.63,29.57,31.98,0,HIGH
2026-07-22 21:49:36.462562,FARM_001,Tomato,23.27,73.81,52.52,0.0,39.37,38.73,0,HIGH
2026-07-22 21:59:36.462562,FARM_001,Tomato,26.28,64.67,47.08,44.77,35.63,24.69,0,LOW
2026-07-22 22:09:36.462562,FARM_001,Tomato,24.83,71.86,41.44,0.22,22.23,28.5,0,MEDIUM
2026-07-22 22:19:36.462562,FARM_001,Tomato,26.77,57.89,36.74,0.0,65.12,30.62,0,LOW
2026-07-22 22:29:36.462562,FARM_001,Tomato,25.28,69.24,39.31,0.0,51.77,36.56,0,HIGH
2026-07-22 22:39:36.462562,FARM_001,Tomato,20.25,71.03,45.37,45.25,36.98,33.75,0,MEDIUM
2026-07-22 22:49:36.462562,FARM_001,Tomato,28.69,79.44,41.66,31.77,54.53,44.72,0,HIGH
2026-07-22 22:59:36.462562,FARM_001,Tomato,23.17,62.84,45.99,50.55,49.87,27.91,0,LOW
2026-07-22 23:09:36.462562,FARM_001,Tomato,19.24,59.44,42.18,47.24,35.63,24.55,0,LOW
2026-07-22 23:19:36.462562,FARM_001,Tomato,23.42,62.0,39.6,15.41,38.71,42.7,0,MEDIUM
2026-07-22 23:29:36.462562,FARM_001,Tomato,30.55,59.04,39.0,25.64,53.65,24.34,0,LOW
2026-07-22 23:39:36.462562,FARM_001,Tomato,28.15,76.96,52.97,12.77,22.68,36.39,0,HIGH
2026-07-22 23:49:36.462562,FARM_001,Tomato,23.71,78.38,49.53,21.56,55.69,26.92,0,HIGH
2026-07-22 23:59:36.462562,FARM_001,Tomato,23.71,70.15,53.83,0.0,31.76,20.7,0,LOW
2026-07-23 00:09:36.462562,FARM_001,Tomato,23.81,76.18,47.75,39.1,53.81,30.36,0,HIGH
2026-07-23 00:19:36.462562,FARM_001,Tomato,32.68,68.9,42.81,59.09,34.53,37.63,0,HIGH
2026-07-23 00:29:36.462562,FARM_001,Tomato,26.41,67.36,51.75,3.85,38.85,25.54,0,LOW
2026-07-23 00:39:36.462562,FARM_001,Tomato,26.59,65.77,44.83,65.11,34.17,35.78,0,MEDIUM
2026-07-23 00:49:36.462562,FARM_001,Tomato,28.81,65.92,46.13,31.01,27.9,36.85,0,MEDIUM
2026-07-23 00:59:36.462562,FARM_001,Tomato,25.88,57.63,44.78,34.74,31.2,25.25,0,LOW
2026-07-23 01:09:36.462562,FARM_001,Tomato,24.04,69.77,29.97,0.0,51.98,31.2,0,MEDIUM
2026-07-23 01:19:36.462562,FARM_001,Tomato,24.27,67.73,53.18,0.0,5.44,41.49,0,HIGH
2026-07-23 01:29:36.462562,FARM_001,Tomato,24.74,72.99,47.5,31.91,18.99,36.21,0,HIGH
2026-07-23 01:39:36.462562,FARM_001,Tomato,24.86,68.63,46.68,50.76,25.46,31.01,0,MEDIUM
2026-07-23 01:49:36.462562,FARM_001,Tomato,27.69,66.91,44.68,8.1,21.01,34.87,0,MEDIUM
2026-07-23 01:59:36.462562,FARM_001,Tomato,25.19,62.16,45.83,76.47,53.63,28.59,0,LOW
2026-07-23 02:09:36.462562,FARM_001,Tomato,27.71,68.48,41.95,49.16,50.45,38.85,0,HIGH
2026-07-23 02:19:36.462562,FARM_001,Tomato,24.7,72.95,48.14,1.18,42.06,38.85,0,HIGH
2026-07-23 02:29:36.462562,FARM_001,Tomato,25.29,60.34,38.33,28.6,26.56,33.19,0,LOW
2026-07-23 02:39:36.462562,FARM_001,Tomato,18.0,68.59,45.95,100.0,51.42,33.82,0,MEDIUM
2026-07-23 02:49:36.462562,FARM_001,Tomato,28.39,69.56,47.86,0.0,14.59,26.81,0,MEDIUM
2026-07-23 02:59:36.462562,FARM_001,Tomato,26.28,63.19,43.99,43.13,61.59,24.79,0,LOW
2026-07-23 03:09:36.462562,FARM_001,Tomato,28.69,64.06,46.89,18.28,25.97,30.35,0,LOW
2026-07-23 03:19:36.462562,FARM_001,Tomato,18.0,69.55,39.94,48.34,31.3,32.0,0,MEDIUM
2026-07-23 03:29:36.462562,FARM_001,Tomato,32.73,60.41,40.07,64.7,29.19,38.56,0,MEDIUM
2026-07-23 03:39:36.462562,FARM_001,Tomato,24.48,70.34,46.21,16.42,21.08,37.76,0,HIGH
2026-07-23 03:49:36.462562,FARM_001,Tomato,29.1,62.0,48.46,60.37,58.86,33.55,0,MEDIUM
2026-07-23 03:59:36.462562,FARM_001,Tomato,21.15,75.12,35.44,92.56,44.54,39.29,0,HIGH
2026-07-23 04:09:36.462562,FARM_001,Tomato,27.27,83.66,47.66,29.64,49.91,27.12,0,HIGH
2026-07-23 04:19:36.462562,FARM_001,Tomato,21.1,62.23,42.23,50.62,19.18,38.64,0,MEDIUM
2026-07-23 04:29:36.462562,FARM_001,Tomato,22.69,71.58,44.02,10.46,36.88,27.99,0,MEDIUM
2026-07-23 04:39:36.462562,FARM_001,Tomato,32.08,63.13,38.17,28.26,41.16,39.57,0,HIGH
2026-07-23 04:49:36.462562,FARM_001,Tomato,24.29,74.97,40.66,22.54,38.01,32.42,0,HIGH
2026-07-23 04:59:36.462562,FARM_001,Tomato,25.8,59.52,49.93,50.97,19.98,21.11,0,LOW
2026-07-23 05:09:36.462562,FARM_001,Tomato,28.22,71.22,45.17,62.88,48.15,36.66,0,HIGH
2026-07-23 05:19:36.462562,FARM_001,Tomato,26.83,62.15,43.05,24.5,36.13,37.11,0,MEDIUM
2026-07-23 05:29:36.462562,FARM_001,Tomato,25.56,66.61,44.41,72.48,22.57,29.9,0,MEDIUM
2026-07-23 05:39:36.462562,FARM_001,Tomato,26.35,61.09,47.49,72.38,11.22,30.38,0,LOW
2026-07-23 05:49:36.462562,FARM_001,Tomato,33.89,73.51,47.25,52.43,42.24,31.59,0,HIGH
2026-07-23 05:59:36.462562,FARM_001,Tomato,24.79,62.39,44.62,12.63,65.48,21.53,0,LOW
2026-07-23 06:09:36.462562,FARM_001,Tomato,25.74,71.7,50.57,9.83,21.81,19.02,0,LOW
2026-07-23 06:19:36.462562,FARM_001,Tomato,28.89,65.69,49.95,3.98,36.75,39.92,0,HIGH
2026-07-23 06:29:36.462562,FARM_001,Tomato,29.09,67.23,47.11,55.42,48.59,27.8,0,MEDIUM
2026-07-23 06:39:36.462562,FARM_001,Tomato,29.39,68.99,45.28,0.0,18.6,43.08,0,HIGH
2026-07-23 06:49:36.462562,FARM_001,Tomato,27.36,62.9,48.35,47.46,28.55,40.31,0,MEDIUM
2026-07-23 06:59:36.462562,FARM_001,Tomato,20.77,69.41,46.6,0.0,23.76,41.43,0,HIGH
2026-07-23 07:09:36.462562,FARM_001,Tomato,31.04,78.25,50.41,51.75,47.01,28.79,0,HIGH
2026-07-23 07:19:36.462562,FARM_001,Tomato,20.76,62.79,49.59,28.2,51.3,23.33,0,LOW
2026-07-23 07:29:36.462562,FARM_001,Tomato,26.12,75.85,39.81,66.64,36.6,26.3,0,MEDIUM
2026-07-23 07:39:36.462562,FARM_001,Tomato,22.21,78.04,39.46,61.03,23.99,29.96,0,HIGH
2026-07-23 07:49:36.462562,FARM_001,Tomato,24.76,62.53,41.42,69.6,29.02,18.97,0,LOW
2026-07-23 07:59:36.462562,FARM_001,Tomato,26.22,58.25,49.98,70.36,26.66,29.79,0,LOW
2026-07-23 08:09:36.462562,FARM_001,Tomato,26.19,70.02,36.96,31.89,22.29,31.35,0,MEDIUM
2026-07-23 08:19:36.462562,FARM_001,Tomato,26.56,64.33,47.01,0.0,33.31,25.12,0,LOW
2026-07-23 08:29:36.462562,FARM_001,Tomato,30.97,80.52,46.85,0.0,41.84,26.57,0,HIGH
2026-07-23 08:39:36.462562,FARM_001,Tomato,26.68,68.23,50.93,0.0,40.78,31.24,0,MEDIUM
2026-07-23 08:49:36.462562,FARM_001,Tomato,24.1,62.63,45.92,0.0,34.5,34.53,0,MEDIUM
2026-07-23 08:59:36.462562,FARM_001,Tomato,28.57,60.31,38.15,29.71,35.32,27.42,0,LOW
2026-07-23 09:09:36.462562,FARM_001,Tomato,29.4,75.3,40.11,11.36,33.57,34.17,0,HIGH
2026-07-23 09:19:36.462562,FARM_001,Tomato,20.46,64.17,38.97,22.44,18.26,33.28,0,LOW
2026-07-23 09:29:36.462562,FARM_001,Tomato,27.21,68.29,42.26,42.09,36.62,32.77,0,MEDIUM
2026-07-23 09:39:36.462562,FARM_001,Tomato,27.59,74.4,44.07,18.82,27.25,28.78,0,HIGH
2026-07-23 09:49:36.462562,FARM_001,Tomato,23.9,64.76,39.06,0.0,17.62,24.9,0,LOW
2026-07-23 09:59:36.462562,FARM_001,Tomato,30.09,67.69,52.5,26.15,39.27,42.17,0,HIGH
2026-07-23 10:09:36.462562,FARM_001,Tomato,24.44,67.89,38.24,1.46,26.89,36.09,0,MEDIUM
2026-07-23 10:19:36.462562,FARM_001,Tomato,25.46,72.58,51.87,19.79,37.47,38.23,0,HIGH
2026-07-23 10:29:36.462562,FARM_001,Tomato,24.36,71.96,51.04,66.91,45.28,32.02,0,MEDIUM
2026-07-23 10:39:36.462562,FARM_001,Tomato,25.06,66.53,49.58,19.8,22.63,31.57,0,MEDIUM
2026-07-23 10:49:36.462562,FARM_001,Tomato,20.94,68.43,41.46,79.41,35.76,35.3,0,MEDIUM
2026-07-23 10:59:36.462562,FARM_001,Tomato,19.67,65.51,46.75,69.5,11.79,22.04,0,LOW
2026-07-23 11:09:36.462562,FARM_001,Tomato,30.9,58.1,38.49,10.78,53.91,26.15,0,LOW
2026-07-23 11:19:36.462562,FARM_001,Tomato,21.87,69.73,49.65,0.0,17.48,27.95,0,MEDIUM
2026-07-23 11:29:36.462562,FARM_001,Tomato,21.33,80.68,44.62,26.17,28.11,29.91,0,HIGH
2026-07-23 11:39:36.462562,FARM_001,Tomato,18.0,62.08,42.91,61.38,51.46,27.49,0,LOW
2026-07-23 11:49:36.462562,FARM_001,Tomato,22.64,62.82,38.76,13.39,31.65,34.4,0,LOW
2026-07-23 11:59:36.462562,FARM_001,Tomato,20.1,62.17,32.36,54.22,19.51,32.96,0,LOW
2026-07-23 12:09:36.462562,FARM_001,Tomato,31.08,72.85,39.7,62.99,43.58,40.44,0,HIGH
2026-07-23 12:19:36.462562,FARM_001,Tomato,28.74,71.0,50.68,5.1,43.3,46.6,0,HIGH
2026-07-23 12:29:36.462562,FARM_001,Tomato,22.45,66.94,42.95,7.96,26.62,25.3,0,LOW
2026-07-23 12:39:36.462562,FARM_001,Tomato,33.33,61.85,44.14,48.51,27.99,33.34,0,MEDIUM
2026-07-23 12:49:36.462562,FARM_001,Tomato,28.63,68.62,48.34,32.13,29.11,33.33,0,MEDIUM
2026-07-23 12:59:36.462562,FARM_001,Tomato,23.8,57.52,54.21,7.67,31.99,32.42,0,LOW
2026-07-23 13:09:36.462562,FARM_001,Tomato,18.0,68.96,51.76,17.42,10.75,26.32,0,LOW
2026-07-23 13:19:36.462562,FARM_001,Tomato,33.48,73.84,40.04,25.64,32.31,27.27,0,HIGH
2026-07-23 13:29:36.462562,FARM_001,Tomato,19.86,59.62,35.09,0.0,57.08,33.87,0,LOW
2026-07-23 13:39:36.462562,FARM_001,Tomato,18.91,57.73,57.03,50.06,23.31,27.11,0,LOW
2026-07-23 13:49:36.462562,FARM_001,Tomato,28.78,78.58,56.57,13.72,27.25,33.41,0,HIGH
2026-07-23 13:59:36.462562,FARM_001,Tomato,34.0,63.9,45.96,0.0,19.69,31.1,0,MEDIUM
2026-07-23 14:09:36.462562,FARM_001,Tomato,30.12,75.61,38.52,27.0,42.31,33.31,0,HIGH
2026-07-23 14:19:36.462562,FARM_001,Tomato,27.09,66.97,49.91,6.05,49.76,27.07,0,LOW
2026-07-23 14:29:36.462562,FARM_001,Tomato,27.2,66.91,44.45,77.01,49.47,33.4,0,MEDIUM
2026-07-23 14:39:36.462562,FARM_001,Tomato,28.16,70.94,44.42,10.61,18.88,27.48,0,MEDIUM
2026-07-23 14:49:36.462562,FARM_001,Tomato,27.81,62.08,49.56,0.0,40.9,33.42,0,LOW
2026-07-23 14:59:36.462562,FARM_001,Tomato,26.04,68.89,46.71,42.53,52.67,40.13,0,HIGH
2026-07-23 15:09:36.462562,FARM_001,Tomato,25.39,65.44,38.95,8.41,41.02,33.99,0,MEDIUM
2026-07-23 15:19:36.462562,FARM_001,Tomato,24.77,59.15,43.34,4.94,40.63,34.33,0,LOW
2026-07-23 15:29:36.462562,FARM_001,Tomato,22.21,70.26,48.37,42.58,28.66,37.16,0,HIGH
2026-07-23 15:39:36.462562,FARM_001,Tomato,23.96,66.24,47.6,0.0,37.37,24.5,0,LOW
2026-07-23 15:49:36.462562,FARM_001,Tomato,18.74,66.95,46.34,0.0,50.18,42.3,0,HIGH
2026-07-23 15:59:36.462562,FARM_001,Tomato,24.64,59.89,49.76,78.1,38.74,26.48,0,LOW
2026-07-23 16:09:36.462562,FARM_001,Tomato,21.34,78.66,43.16,44.62,18.87,37.51,0,HIGH
2026-07-23 16:19:36.462562,FARM_001,Tomato,20.92,73.87,45.91,19.99,28.85,36.76,0,HIGH
2026-07-23 16:29:36.462562,FARM_001,Tomato,25.67,74.46,27.78,27.6,49.84,27.36,0,MEDIUM
2026-07-23 16:39:36.462562,FARM_001,Tomato,30.15,65.95,42.71,42.47,38.69,38.25,0,HIGH
2026-07-23 16:49:36.462562,FARM_001,Tomato,28.4,56.41,48.9,56.12,36.1,35.34,0,LOW
2026-07-23 16:59:36.462562,FARM_001,Tomato,19.19,81.08,43.01,5.63,27.62,43.27,0,HIGH
2026-07-23 17:09:36.462562,FARM_001,Tomato,21.34,67.59,42.62,38.39,49.58,33.6,0,MEDIUM
2026-07-23 17:19:36.462562,FARM_001,Tomato,28.48,62.98,39.69,12.9,55.55,31.88,0,LOW
2026-07-23 17:29:36.462562,FARM_001,Tomato,21.36,70.79,50.12,22.18,50.52,29.57,0,MEDIUM
2026-07-23 17:39:36.462562,FARM_001,Tomato,24.17,75.82,47.8,32.39,52.78,22.56,0,MEDIUM
2026-07-23 17:49:36.462562,FARM_001,Tomato,27.04,67.85,49.21,27.5,30.08,30.69,0,MEDIUM
2026-07-23 17:59:36.462562,FARM_001,Tomato,21.42,76.57,36.2,49.18,28.3,30.93,0,HIGH
2026-07-23 18:09:36.462562,FARM_001,Tomato,25.39,75.26,44.18,41.92,32.63,33.99,0,HIGH
2026-07-23 18:19:36.462562,FARM_001,Tomato,20.06,60.79,43.57,0.0,35.09,24.39,0,LOW
2026-07-23 18:29:36.462562,FARM_001,Tomato,22.77,63.49,43.57,0.0,52.63,31.14,0,LOW
2026-07-23 18:39:36.462562,FARM_001,Tomato,26.18,74.42,41.86,16.9,49.29,35.78,0,HIGH
2026-07-23 18:49:36.462562,FARM_001,Tomato,19.11,49.83,43.23,81.1,41.38,36.35,0,LOW
2026-07-23 18:59:36.462562,FARM_001,Tomato,26.63,67.0,49.33,2.83,16.57,21.9,0,LOW
2026-07-23 19:09:36.462562,FARM_001,Tomato,24.93,58.41,35.24,21.62,13.33,36.53,1,LOW
2026-07-23 19:19:36.462562,FARM_001,Tomato,27.04,64.81,54.06,12.04,37.63,31.09,0,MEDIUM
2026-07-23 19:29:36.462562,FARM_001,Tomato,25.83,66.0,47.47,11.52,45.69,31.45,0,MEDIUM
2026-07-23 19:39:36.462562,FARM_001,Tomato,30.05,65.6,44.78,32.9,33.6,19.02,0,LOW
2026-07-23 19:49:36.462562,FARM_001,Tomato,25.46,64.3,49.62,68.6,58.73,41.01,0,HIGH
2026-07-23 19:59:36.462562,FARM_001,Tomato,23.41,60.65,37.6,41.01,20.96,33.51,0,LOW
2026-07-23 20:09:36.462562,FARM_001,Tomato,25.45,83.36,41.61,4.24,19.37,23.77,0,HIGH
2026-07-23 20:19:36.462562,FARM_001,Tomato,27.01,80.51,44.38,100.0,26.23,34.64,0,HIGH
2026-07-23 20:29:36.462562,FARM_001,Tomato,25.18,60.21,51.96,29.99,25.75,34.46,0,LOW
2026-07-23 20:39:36.462562,FARM_001,Tomato,25.15,78.6,44.76,10.85,41.23,39.47,0,HIGH
2026-07-23 20:49:36.462562,FARM_001,Tomato,22.4,65.32,47.3,68.93,29.29,30.73,0,LOW
2026-07-23 20:59:36.462562,FARM_001,Tomato,22.55,68.87,41.99,14.0,15.1,32.57,0,MEDIUM
2026-07-23 21:09:36.462562,FARM_001,Tomato,19.81,67.58,47.48,76.26,45.83,28.84,0,LOW
2026-07-23 21:19:36.462562,FARM_001,Tomato,31.47,63.58,53.55,2.28,12.42,35.91,0,MEDIUM
2026-07-23 21:29:36.462562,FARM_001,Tomato,20.4,74.59,50.08,69.46,21.1,28.03,0,MEDIUM
2026-07-23 21:39:36.462562,FARM_001,Tomato,22.44,68.84,44.58,33.57,14.15,27.41,0,LOW
2026-07-23 21:49:36.462562,FARM_001,Tomato,22.34,64.81,48.45,65.4,37.21,32.11,0,LOW
2026-07-23 21:59:36.462562,FARM_001,Tomato,28.31,59.26,47.95,83.23,36.94,25.51,0,LOW
2026-07-23 22:09:36.462562,FARM_001,Tomato,23.91,62.01,47.58,0.0,58.75,41.63,0,MEDIUM
2026-07-23 22:19:36.462562,FARM_001,Tomato,29.62,57.0,50.67,64.95,46.11,43.49,0,MEDIUM
2026-07-23 22:29:36.462562,FARM_001,Tomato,22.51,68.08,50.63,0.0,52.76,29.91,0,MEDIUM
2026-07-23 22:39:36.462562,FARM_001,Tomato,26.03,59.98,44.35,0.0,38.24,24.6,0,LOW
2026-07-23 22:49:36.462562,FARM_001,Tomato,21.91,66.22,48.27,4.24,22.29,34.42,0,MEDIUM
2026-07-23 22:59:36.462562,FARM_001,Tomato,32.94,77.18,43.05,42.41,36.21,29.75,0,HIGH
2026-07-23 23:09:36.462562,FARM_001,Tomato,20.61,76.04,40.29,28.66,42.06,39.2,0,HIGH
2026-07-23 23:19:36.462562,FARM_001,Tomato,26.15,67.78,43.63,22.82,43.47,28.01,0,MEDIUM
2026-07-23 23:29:36.462562,FARM_001,Tomato,27.34,67.42,44.61,31.97,28.65,35.6,0,MEDIUM
2026-07-23 23:39:36.462562,FARM_001,Tomato,26.53,80.6,36.53,44.97,40.76,33.15,0,HIGH
2026-07-23 23:49:36.462562,FARM_001,Tomato,24.31,71.49,49.39,47.21,22.84,28.65,0,MEDIUM
2026-07-23 23:59:36.462562,FARM_001,Tomato,24.52,65.8,30.89,59.65,21.45,33.87,1,MEDIUM
2026-07-24 00:09:36.462562,FARM_001,Tomato,25.16,58.45,58.85,80.85,20.54,37.51,0,LOW
2026-07-24 00:19:36.462562,FARM_001,Tomato,24.46,70.64,52.66,27.08,34.91,33.0,0,MEDIUM
2026-07-24 00:29:36.462562,FARM_001,Tomato,28.57,73.56,43.67,12.48,19.76,33.05,0,HIGH
2026-07-24 00:39:36.462562,FARM_001,Tomato,33.18,63.77,45.05,45.62,29.25,27.53,0,LOW
2026-07-24 00:49:36.462562,FARM_001,Tomato,22.94,69.95,46.55,0.0,45.98,39.02,0,HIGH
2026-07-24 00:59:36.462562,FARM_001,Tomato,19.93,65.56,42.0,7.88,21.63,38.45,0,MEDIUM
2026-07-24 01:09:36.462562,FARM_001,Tomato,24.67,66.77,45.98,56.88,28.25,30.16,0,MEDIUM
2026-07-24 01:19:36.462562,FARM_001,Tomato,34.0,51.33,44.27,24.08,35.5,31.79,0,LOW
2026-07-24 01:29:36.462562,FARM_001,Tomato,22.03,66.51,44.52,0.0,37.71,40.56,0,HIGH
2026-07-24 01:39:36.462562,FARM_001,Tomato,31.06,74.49,45.93,0.0,28.31,26.04,0,MEDIUM
2026-07-24 01:49:36.462562,FARM_001,Tomato,31.21,63.77,38.3,29.12,44.51,35.94,0,MEDIUM
2026-07-24 01:59:36.462562,FARM_001,Tomato,22.95,68.35,45.2,61.04,42.04,29.32,0,MEDIUM
2026-07-24 02:09:36.462562,FARM_001,Tomato,27.11,62.94,45.83,60.65,48.96,42.64,0,HIGH
2026-07-24 02:19:36.462562,FARM_001,Tomato,31.03,70.41,45.66,30.94,33.57,32.86,0,HIGH
2026-07-24 02:29:36.462562,FARM_001,Tomato,23.6,66.55,43.9,86.36,28.14,39.68,0,HIGH
2026-07-24 02:39:36.462562,FARM_001,Tomato,24.25,61.71,50.8,24.64,26.0,28.16,0,LOW
2026-07-24 02:49:36.462562,FARM_001,Tomato,22.85,76.93,43.2,23.65,38.47,25.38,0,MEDIUM
2026-07-24 02:59:36.462562,FARM_001,Tomato,21.25,74.22,46.16,0.0,29.85,31.16,0,HIGH
2026-07-24 03:09:36.462562,FARM_001,Tomato,22.6,63.95,51.62,14.64,27.43,34.0,0,MEDIUM
2026-07-24 03:19:36.462562,FARM_001,Tomato,20.47,71.34,44.6,52.58,28.95,29.59,0,MEDIUM
2026-07-24 03:29:36.462562,FARM_001,Tomato,25.13,71.6,46.09,73.37,25.99,36.82,0,HIGH
2026-07-24 03:39:36.462562,FARM_001,Tomato,22.15,72.3,44.51,3.46,37.11,31.3,0,MEDIUM
2026-07-24 03:49:36.462562,FARM_001,Tomato,25.87,56.65,51.31,41.2,16.8,20.64,0,LOW
2026-07-24 03:59:36.462562,FARM_001,Tomato,19.24,74.74,43.69,58.27,38.42,35.65,0,HIGH
2026-07-24 04:09:36.462562,FARM_001,Tomato,26.22,64.18,51.55,28.03,43.12,27.47,0,LOW
2026-07-24 04:19:36.462562,FARM_001,Tomato,28.08,65.6,44.47,0.0,27.28,30.44,0,MEDIUM
2026-07-24 04:29:36.462562,FARM_001,Tomato,18.0,85.67,40.62,34.92,58.82,41.35,0,HIGH
2026-07-24 04:39:36.462562,FARM_001,Tomato,26.38,70.02,48.46,49.93,34.82,42.61,0,HIGH
2026-07-24 04:49:36.462562,FARM_001,Tomato,29.54,65.41,43.45,0.04,14.93,29.22,0,MEDIUM
2026-07-24 04:59:36.462562,FARM_001,Tomato,20.52,53.22,48.16,20.28,31.06,35.79,0,LOW
2026-07-24 05:09:36.462562,FARM_001,Tomato,31.19,77.31,31.08,0.0,35.39,29.35,0,HIGH
2026-07-24 05:19:36.462562,FARM_001,Tomato,26.55,58.99,45.03,0.0,40.26,30.86,0,LOW
2026-07-24 05:29:36.462562,FARM_001,Tomato,22.39,61.28,42.66,57.69,31.36,29.05,0,LOW
2026-07-24 05:39:36.462562,FARM_001,Tomato,24.79,65.78,39.58,27.59,21.85,22.67,0,LOW
2026-07-24 05:49:36.462562,FARM_001,Tomato,27.07,77.49,42.18,74.35,20.8,33.04,0,HIGH
2026-07-24 05:59:36.462562,FARM_001,Tomato,25.28,73.18,42.07,52.73,26.36,34.14,0,HIGH
2026-07-24 06:09:36.462562,FARM_001,Tomato,26.99,66.94,44.76,17.36,27.57,28.68,0,MEDIUM
2026-07-24 06:19:36.462562,FARM_001,Tomato,21.59,70.07,38.03,25.27,20.3,38.7,0,HIGH
2026-07-24 06:29:36.462562,FARM_001,Tomato,25.63,63.98,46.61,44.23,25.37,30.01,0,LOW
2026-07-24 06:39:36.462562,FARM_001,Tomato,19.77,68.94,51.97,55.93,42.91,28.87,0,MEDIUM
2026-07-24 06:49:36.462562,FARM_001,Tomato,24.59,68.49,46.43,37.12,55.37,35.5,0,MEDIUM
2026-07-24 06:59:36.462562,FARM_001,Tomato,21.66,74.49,49.13,59.98,44.12,23.71,0,MEDIUM
2026-07-24 07:09:36.462562,FARM_001,Tomato,22.28,74.48,50.58,19.04,51.05,37.67,0,HIGH
2026-07-24 07:19:36.462562,FARM_001,Tomato,29.57,71.31,51.31,0.0,46.87,30.21,0,MEDIUM
2026-07-24 07:29:36.462562,FARM_001,Tomato,29.04,65.57,54.54,25.81,45.1,38.14,0,HIGH
2026-07-24 07:39:36.462562,FARM_001,Tomato,27.25,72.97,42.45,33.69,30.34,39.84,0,HIGH
2026-07-24 07:49:36.462562,FARM_001,Tomato,20.96,67.38,41.34,0.0,36.38,36.15,0,MEDIUM
2026-07-24 07:59:36.462562,FARM_001,Tomato,23.83,60.75,49.0,0.0,29.3,27.87,0,LOW
2026-07-24 08:09:36.462562,FARM_001,Tomato,29.49,65.3,48.61,40.76,31.84,25.37,0,LOW
2026-07-24 08:19:36.462562,FARM_001,Tomato,25.52,68.57,48.96,15.83,35.46,24.33,0,LOW
2026-07-24 08:29:36.462562,FARM_001,Tomato,33.58,74.1,54.64,22.86,43.59,38.79,0,HIGH
2026-07-24 08:39:36.462562,FARM_001,Tomato,26.46,66.77,45.06,17.2,39.93,31.73,0,MEDIUM
2026-07-24 08:49:36.462562,FARM_001,Tomato,25.71,59.9,47.17,72.1,32.56,29.08,0,LOW
2026-07-24 08:59:36.462562,FARM_001,Tomato,23.86,68.38,40.0,64.54,35.3,31.75,0,MEDIUM
2026-07-24 09:09:36.462562,FARM_001,Tomato,25.49,68.76,55.89,0.0,40.06,38.66,0,HIGH
2026-07-24 09:19:36.462562,FARM_001,Tomato,24.44,69.25,43.28,12.14,43.01,36.94,0,HIGH
2026-07-24 09:29:36.462562,FARM_001,Tomato,27.62,74.16,43.43,52.52,15.46,35.0,0,HIGH
2026-07-24 09:39:36.462562,FARM_001,Tomato,28.54,74.83,43.23,45.28,21.02,36.14,0,HIGH
2026-07-24 09:49:36.462562,FARM_001,Tomato,22.09,64.02,41.71,26.49,48.55,33.53,0,MEDIUM
2026-07-24 09:59:36.462562,FARM_001,Tomato,20.07,63.87,41.28,0.0,33.83,34.22,0,LOW
2026-07-24 10:09:36.462562,FARM_001,Tomato,18.21,61.03,42.33,7.77,29.26,33.76,0,LOW
2026-07-24 10:19:36.462562,FARM_001,Tomato,26.88,72.68,38.03,12.61,31.28,32.5,0,HIGH
2026-07-24 10:29:36.462562,FARM_001,Tomato,20.92,77.71,40.99,35.79,31.28,36.79,0,HIGH
2026-07-24 10:39:36.462562,FARM_001,Tomato,18.0,65.89,54.94,77.45,41.63,34.56,0,MEDIUM
2026-07-24 10:49:36.462562,FARM_001,Tomato,26.44,66.38,48.75,7.64,20.64,27.48,0,LOW
2026-07-24 10:59:36.462562,FARM_001,Tomato,34.0,77.83,49.72,0.0,34.91,35.51,0,HIGH
2026-07-24 11:09:36.462562,FARM_001,Tomato,24.98,71.39,51.0,24.53,37.7,33.91,0,HIGH
2026-07-24 11:19:36.462562,FARM_001,Tomato,28.1,70.92,54.35,57.83,39.59,35.99,0,HIGH
2026-07-24 11:29:36.462562,FARM_001,Tomato,25.3,60.02,35.97,0.0,37.41,31.91,0,LOW
2026-07-24 11:39:36.462562,FARM_001,Tomato,24.63,72.55,38.73,70.15,41.1,37.13,0,HIGH
2026-07-24 11:49:36.462562,FARM_001,Tomato,28.4,61.77,40.9,22.68,27.38,32.15,0,LOW
2026-07-24 11:59:36.462562,FARM_001,Tomato,23.93,60.4,42.6,6.26,22.73,36.63,0,LOW
2026-07-24 12:09:36.462562,FARM_001,Tomato,25.99,65.68,43.47,0.0,65.56,29.9,0,LOW
2026-07-24 12:19:36.462562,FARM_001,Tomato,26.19,64.08,42.72,48.33,30.8,30.29,0,LOW
2026-07-24 12:29:36.462562,FARM_001,Tomato,22.53,66.52,46.12,22.7,32.28,35.93,0,MEDIUM
2026-07-24 12:39:36.462562,FARM_001,Tomato,28.67,58.35,45.18,32.68,43.14,30.61,0,LOW
2026-07-24 12:49:36.462562,FARM_001,Tomato,24.35,74.42,41.31,1.4,54.71,45.07,0,HIGH
2026-07-24 12:59:36.462562,FARM_001,Tomato,22.2,75.56,33.9,18.38,27.74,35.73,0,HIGH
2026-07-24 13:09:36.462562,FARM_001,Tomato,26.99,54.95,39.94,13.49,22.01,32.64,0,LOW
2026-07-24 13:19:36.462562,FARM_001,Tomato,21.68,74.56,42.2,24.76,18.95,37.17,0,HIGH
2026-07-24 13:29:36.462562,FARM_001,Tomato,25.1,62.57,43.74,8.15,54.67,29.76,0,LOW
2026-07-24 13:39:36.462562,FARM_001,Tomato,24.97,73.74,39.24,0.0,21.52,37.76,0,HIGH
2026-07-24 13:49:36.462562,FARM_001,Tomato,29.02,67.54,42.5,100.0,34.25,37.6,0,HIGH
2026-07-24 13:59:36.462562,FARM_001,Tomato,26.76,68.19,39.23,0.0,22.29,39.65,0,HIGH
2026-07-24 14:09:36.462562,FARM_001,Tomato,24.91,66.76,44.36,33.0,16.35,29.99,0,MEDIUM
2026-07-24 14:19:36.462562,FARM_001,Tomato,28.03,76.12,39.53,0.0,30.92,25.53,0,MEDIUM
2026-07-24 14:29:36.462562,FARM_001,Tomato,30.14,59.69,40.67,0.0,22.78,29.02,0,LOW
2026-07-24 14:39:36.462562,FARM_001,Tomato,27.06,72.07,38.33,30.56,25.89,30.89,0,MEDIUM
2026-07-24 14:49:36.462562,FARM_001,Tomato,25.04,75.38,44.22,32.79,59.88,42.0,0,HIGH
2026-07-24 14:59:36.462562,FARM_001,Tomato,20.15,72.8,40.58,64.54,39.95,45.01,0,HIGH
2026-07-24 15:09:36.462562,FARM_001,Tomato,21.06,83.58,49.62,39.37,46.34,34.46,0,HIGH
2026-07-24 15:19:36.462562,FARM_001,Tomato,23.87,64.46,47.07,23.33,44.99,32.55,0,MEDIUM
2026-07-24 15:29:36.462562,FARM_001,Tomato,22.74,74.41,44.64,0.0,33.33,30.51,0,HIGH
2026-07-24 15:39:36.462562,FARM_001,Tomato,24.31,67.29,40.93,71.47,29.06,37.2,0,MEDIUM
2026-07-24 15:49:36.462562,FARM_001,Tomato,25.21,76.26,46.94,54.82,37.74,44.97,0,HIGH
2026-07-24 15:59:36.462562,FARM_001,Tomato,26.96,67.95,48.52,0.0,36.72,42.68,0,HIGH
2026-07-24 16:09:36.462562,FARM_001,Tomato,24.74,65.4,45.73,28.81,27.43,38.99,0,MEDIUM
2026-07-24 16:19:36.462562,FARM_001,Tomato,26.8,76.75,53.18,31.91,36.24,38.9,0,HIGH
2026-07-24 16:29:36.462562,FARM_001,Tomato,25.24,64.71,47.34,17.61,25.7,37.24,0,MEDIUM
2026-07-24 16:39:36.462562,FARM_001,Tomato,18.0,58.53,49.66,50.24,32.44,32.23,0,LOW
2026-07-24 16:49:36.462562,FARM_001,Tomato,21.52,64.54,45.68,51.99,30.38,28.3,0,LOW
2026-07-24 16:59:36.462562,FARM_001,Tomato,24.47,72.15,48.45,22.14,18.61,32.38,0,HIGH
2026-07-24 17:09:36.462562,FARM_001,Tomato,20.52,77.33,40.94,19.5,4.98,34.91,0,HIGH
2026-07-24 17:19:36.462562,FARM_001,Tomato,27.22,68.74,42.66,71.47,22.77,24.21,0,LOW
2026-07-24 17:29:36.462562,FARM_001,Tomato,30.66,76.83,46.78,54.94,57.33,31.63,0,HIGH
2026-07-24 17:39:36.462562,FARM_001,Tomato,29.51,58.9,46.74,29.81,30.7,27.79,0,LOW
2026-07-24 17:49:36.462562,FARM_001,Tomato,24.21,65.03,47.59,0.0,44.38,38.28,0,MEDIUM
2026-07-24 17:59:36.462562,FARM_001,Tomato,30.52,66.07,50.61,37.74,7.83,29.37,0,MEDIUM
2026-07-24 18:09:36.462562,FARM_001,Tomato,25.55,67.23,37.73,48.08,21.9,34.37,0,MEDIUM
2026-07-24 18:19:36.462562,FARM_001,Tomato,23.75,68.56,40.03,0.0,17.53,28.51,0,MEDIUM
2026-07-24 18:29:36.462562,FARM_001,Tomato,22.73,72.63,46.17,35.05,32.05,41.61,0,HIGH
2026-07-24 18:39:36.462562,FARM_001,Tomato,23.88,65.02,41.31,15.53,65.12,22.81,0,LOW
2026-07-24 18:49:36.462562,FARM_001,Tomato,23.56,68.93,60.0,21.25,40.4,35.21,0,MEDIUM
2026-07-24 18:59:36.462562,FARM_001,Tomato,25.63,67.7,47.63,1.2,55.96,25.22,0,LOW
2026-07-24 19:09:36.462562,FARM_001,Tomato,25.59,61.8,44.6,23.37,31.39,29.6,0,LOW
2026-07-24 19:19:36.462562,FARM_001,Tomato,25.01,67.24,42.37,68.35,51.8,33.68,0,MEDIUM
2026-07-24 19:29:36.462562,FARM_001,Tomato,26.62,67.04,42.55,14.67,60.72,33.96,0,MEDIUM
2026-07-24 19:39:36.462562,FARM_001,Tomato,29.41,66.89,45.15,55.89,33.22,33.81,0,MEDIUM
2026-07-24 19:49:36.462562,FARM_001,Tomato,28.51,68.21,45.57,4.16,27.81,33.36,0,MEDIUM
2026-07-24 19:59:36.462562,FARM_001,Tomato,19.51,68.51,42.67,49.86,18.0,28.84,0,LOW
2026-07-24 20:09:36.462562,FARM_001,Tomato,18.0,65.1,43.61,27.75,30.71,31.56,0,LOW
2026-07-24 20:19:36.462562,FARM_001,Tomato,28.46,76.53,51.86,37.98,35.63,32.68,0,HIGH
2026-07-24 20:29:36.462562,FARM_001,Tomato,19.94,60.16,52.06,27.91,60.19,33.61,0,LOW
2026-07-24 20:39:36.462562,FARM_001,Tomato,24.17,63.17,46.29,46.44,18.28,32.13,0,LOW
2026-07-24 20:49:36.462562,FARM_001,Tomato,20.67,86.63,38.16,0.0,35.35,36.66,0,HIGH
2026-07-24 20:59:36.462562,FARM_001,Tomato,18.33,61.05,47.75,0.0,11.74,33.03,0,LOW
2026-07-24 21:09:36.462562,FARM_001,Tomato,27.0,58.93,52.93,39.88,29.22,33.65,0,LOW
2026-07-24 21:19:36.462562,FARM_001,Tomato,27.81,72.92,51.99,0.0,38.52,30.32,0,HIGH
2026-07-24 21:29:36.462562,FARM_001,Tomato,22.87,54.08,48.75,12.21,41.06,26.5,0,LOW
2026-07-24 21:39:36.462562,FARM_001,Tomato,18.0,66.42,52.25,26.11,42.02,33.38,0,MEDIUM
2026-07-24 21:49:36.462562,FARM_001,Tomato,22.98,82.38,45.27,3.52,39.61,39.38,0,HIGH
2026-07-24 21:59:36.462562,FARM_001,Tomato,26.45,57.65,48.2,7.51,41.91,35.03,0,LOW
2026-07-24 22:09:36.462562,FARM_001,Tomato,19.53,54.72,41.53,35.63,35.18,27.84,0,LOW
2026-07-24 22:19:36.462562,FARM_001,Tomato,25.68,57.96,46.49,57.17,21.4,37.14,0,LOW
2026-07-24 22:29:36.462562,FARM_001,Tomato,24.94,74.02,51.78,0.0,11.27,30.59,0,HIGH
2026-07-24 22:39:36.462562,FARM_001,Tomato,27.14,75.54,41.99,10.91,27.71,36.57,0,HIGH
2026-07-24 22:49:36.462562,FARM_001,Tomato,25.44,64.57,40.61,6.35,32.9,30.4,0,LOW
2026-07-24 22:59:36.462562,FARM_001,Tomato,21.4,72.58,45.5,0.0,50.4,34.51,0,HIGH
2026-07-24 23:09:36.462562,FARM_001,Tomato,29.43,77.31,43.84,31.84,33.33,29.54,0,HIGH
2026-07-24 23:19:36.462562,FARM_001,Tomato,24.41,79.98,48.31,54.99,32.12,29.69,0,HIGH
2026-07-24 23:29:36.462562,FARM_001,Tomato,24.9,66.35,42.69,57.39,39.46,23.57,0,LOW
2026-07-24 23:39:36.462562,FARM_001,Tomato,21.55,52.58,53.76,2.27,31.2,35.42,0,LOW
2026-07-24 23:49:36.462562,FARM_001,Tomato,23.36,62.5,38.42,0.0,44.81,34.61,0,LOW
2026-07-24 23:59:36.462562,FARM_001,Tomato,21.73,65.14,51.39,28.33,59.54,34.93,0,MEDIUM
2026-07-25 00:09:36.462562,FARM_001,Tomato,24.36,66.27,41.1,51.91,62.2,34.07,0,MEDIUM
2026-07-25 00:19:36.462562,FARM_001,Tomato,31.33,66.74,35.84,32.22,35.82,28.16,0,MEDIUM
2026-07-25 00:29:36.462562,FARM_001,Tomato,19.92,75.5,46.21,36.15,38.84,38.01,0,HIGH
2026-07-25 00:39:36.462562,FARM_001,Tomato,19.03,76.54,43.7,61.04,54.49,38.16,0,HIGH
2026-07-25 00:49:36.462562,FARM_001,Tomato,30.44,66.85,39.34,6.12,32.71,28.01,0,MEDIUM
2026-07-25 00:59:36.462562,FARM_001,Tomato,24.23,75.36,36.42,21.28,43.16,35.53,0,HIGH
2026-07-25 01:09:36.462562,FARM_001,Tomato,22.52,70.4,44.96,75.43,20.3,37.49,0,HIGH
2026-07-25 01:19:36.462562,FARM_001,Tomato,28.85,68.43,49.98,21.95,30.68,29.82,0,MEDIUM
2026-07-25 01:29:36.462562,FARM_001,Tomato,22.76,74.07,47.98,0.0,49.17,30.81,0,HIGH
2026-07-25 01:39:36.462562,FARM_001,Tomato,31.76,68.48,45.29,8.15,25.55,35.54,0,HIGH
2026-07-25 01:49:36.462562,FARM_001,Tomato,27.51,81.79,47.44,0.31,32.99,23.89,0,HIGH
2026-07-25 01:59:36.462562,FARM_001,Tomato,23.19,58.36,44.86,38.13,14.76,26.3,0,LOW
2026-07-25 02:09:36.462562,FARM_001,Tomato,32.98,64.55,37.71,1.54,59.87,26.86,0,LOW
2026-07-25 02:19:36.462562,FARM_001,Tomato,22.76,67.15,37.75,35.61,50.51,22.26,0,LOW
2026-07-25 02:29:36.462562,FARM_001,Tomato,27.75,70.94,43.96,6.21,36.97,38.68,0,HIGH
2026-07-25 02:39:36.462562,FARM_001,Tomato,26.11,76.5,44.18,0.0,40.99,21.17,0,MEDIUM
2026-07-25 02:49:36.462562,FARM_001,Tomato,29.82,67.84,49.34,36.65,39.59,34.46,0,MEDIUM
2026-07-25 02:59:36.462562,FARM_001,Tomato,30.78,58.47,48.86,32.04,52.04,37.13,0,MEDIUM
2026-07-25 03:09:36.462562,FARM_001,Tomato,25.12,73.64,48.09,42.82,28.06,30.83,0,HIGH
2026-07-25 03:19:36.462562,FARM_001,Tomato,22.21,73.06,43.57,8.05,43.83,28.69,0,MEDIUM
2026-07-25 03:29:36.462562,FARM_001,Tomato,26.7,54.99,37.96,4.94,48.18,33.83,0,LOW
2026-07-25 03:39:36.462562,FARM_001,Tomato,22.49,67.97,47.1,39.42,49.91,32.51,0,MEDIUM
2026-07-25 03:49:36.462562,FARM_001,Tomato,32.45,57.35,47.68,72.06,6.13,38.22,0,MEDIUM
2026-07-25 03:59:36.462562,FARM_001,Tomato,25.51,63.55,32.82,28.03,27.05,17.52,0,LOW
2026-07-25 04:09:36.462562,FARM_001,Tomato,23.65,61.95,40.74,40.1,21.76,27.26,0,LOW
2026-07-25 04:19:36.462562,FARM_001,Tomato,25.68,73.42,41.48,18.31,36.48,35.7,0,HIGH
2026-07-25 04:29:36.462562,FARM_001,Tomato,20.02,68.78,45.6,0.0,9.2,32.79,0,MEDIUM
2026-07-25 04:39:36.462562,FARM_001,Tomato,21.41,59.39,40.9,55.95,8.83,36.79,0,LOW
2026-07-25 04:49:36.462562,FARM_001,Tomato,29.44,73.9,44.81,54.23,61.94,33.99,0,HIGH
2026-07-25 04:59:36.462562,FARM_001,Tomato,22.57,58.39,43.93,48.45,42.38,31.73,0,LOW
2026-07-25 05:09:36.462562,FARM_001,Tomato,21.13,70.21,44.19,22.39,36.12,30.78,0,MEDIUM
2026-07-25 05:19:36.462562,FARM_001,Tomato,26.99,62.55,41.35,45.13,39.18,45.75,0,HIGH
2026-07-25 05:29:36.462562,FARM_001,Tomato,29.39,65.55,41.74,53.8,36.44,41.25,0,HIGH
2026-07-25 05:39:36.462562,FARM_001,Tomato,27.66,71.38,39.49,75.01,47.17,35.32,0,HIGH
2026-07-25 05:49:36.462562,FARM_001,Tomato,28.69,71.49,46.94,56.56,26.63,32.95,0,HIGH
2026-07-25 05:59:36.462562,FARM_001,Tomato,22.2,76.96,47.91,29.56,36.95,35.57,0,HIGH
2026-07-25 06:09:36.462562,FARM_001,Tomato,19.74,67.45,41.07,0.0,37.47,37.21,0,MEDIUM
2026-07-25 06:19:36.462562,FARM_001,Tomato,30.55,70.05,52.76,32.25,21.41,34.89,0,HIGH
2026-07-25 06:29:36.462562,FARM_001,Tomato,23.81,65.07,43.4,35.19,50.69,28.22,0,LOW
2026-07-25 06:39:36.462562,FARM_001,Tomato,24.07,69.22,52.8,48.4,28.98,42.67,0,HIGH
2026-07-25 06:49:36.462562,FARM_001,Tomato,29.91,70.94,41.73,67.23,47.42,33.9,0,HIGH
2026-07-25 06:59:36.462562,FARM_001,Tomato,27.06,67.34,34.66,24.92,36.05,43.98,0,HIGH
2026-07-25 07:09:36.462562,FARM_001,Tomato,26.69,55.91,47.05,89.05,55.18,33.57,0,LOW
2026-07-25 07:19:36.462562,FARM_001,Tomato,33.01,70.22,46.27,0.0,21.48,31.1,0,HIGH
2026-07-25 07:29:36.462562,FARM_001,Tomato,22.62,70.44,45.18,39.94,20.93,40.39,0,HIGH
2026-07-25 07:39:36.462562,FARM_001,Tomato,28.43,63.44,41.72,4.38,23.19,34.22,0,MEDIUM
2026-07-25 07:49:36.462562,FARM_001,Tomato,25.21,59.39,44.82,0.0,36.28,33.26,0,LOW
2026-07-25 07:59:36.462562,FARM_001,Tomato,25.99,77.89,42.39,21.81,54.02,25.66,0,HIGH
2026-07-25 08:09:36.462562,FARM_001,Tomato,30.66,71.29,43.46,0.0,54.67,36.26,0,HIGH
2026-07-25 08:19:36.462562,FARM_001,Tomato,26.88,66.47,49.29,22.99,5.49,29.69,0,MEDIUM
2026-07-25 08:29:36.462562,FARM_001,Tomato,26.99,60.38,45.94,28.72,37.75,29.95,0,LOW
2026-07-25 08:39:36.462562,FARM_001,Tomato,28.97,62.49,48.11,60.36,0.0,29.7,0,LOW
2026-07-25 08:49:36.462562,FARM_001,Tomato,23.65,76.73,43.82,0.0,44.62,35.0,0,HIGH
2026-07-25 08:59:36.462562,FARM_001,Tomato,21.89,68.92,43.26,54.23,48.69,23.75,0,LOW
2026-07-25 09:09:36.462562,FARM_001,Tomato,21.13,64.31,39.12,30.56,34.09,31.3,0,LOW
2026-07-25 09:19:36.462562,FARM_001,Tomato,18.0,71.41,43.11,57.74,35.66,38.09,0,HIGH
2026-07-25 09:29:36.462562,FARM_001,Tomato,32.61,62.54,28.06,15.09,35.53,25.4,1,LOW
2026-07-25 09:39:36.462562,FARM_001,Tomato,20.92,78.06,41.99,0.0,24.72,33.49,0,HIGH
2026-07-25 09:49:36.462562,FARM_001,Tomato,24.18,77.06,44.58,0.0,40.04,28.9,0,HIGH
2026-07-25 09:59:36.462562,FARM_001,Tomato,23.98,64.87,47.87,0.0,31.68,30.2,0,LOW
2026-07-25 10:09:36.462562,FARM_001,Tomato,26.14,63.79,43.63,41.65,46.32,41.93,0,HIGH
2026-07-25 10:19:36.462562,FARM_001,Tomato,28.02,50.46,46.77,70.83,33.17,23.09,0,LOW
2026-07-25 10:29:36.462562,FARM_001,Tomato,28.18,58.07,33.88,11.2,23.75,36.86,0,LOW
2026-07-25 10:39:36.462562,FARM_001,Tomato,22.84,59.03,44.71,46.07,15.25,29.78,0,LOW
2026-07-25 10:49:36.462562,FARM_001,Tomato,24.38,68.91,36.43,0.0,11.11,29.49,0,MEDIUM
2026-07-25 10:59:36.462562,FARM_001,Tomato,26.05,65.81,38.84,32.97,51.14,26.16,0,LOW
2026-07-25 11:09:36.462562,FARM_001,Tomato,24.08,58.99,44.05,47.22,28.83,36.8,0,LOW
2026-07-25 11:19:36.462562,FARM_001,Tomato,30.95,66.12,51.51,0.0,38.87,31.41,0,MEDIUM
2026-07-25 11:29:36.462562,FARM_001,Tomato,26.82,71.39,46.89,21.75,57.07,30.69,0,MEDIUM
2026-07-25 11:39:36.462562,FARM_001,Tomato,27.72,71.54,45.09,48.6,27.51,33.13,0,HIGH
2026-07-25 11:49:36.462562,FARM_001,Tomato,27.45,55.27,44.9,0.0,26.69,31.53,0,LOW
2026-07-25 11:59:36.462562,FARM_001,Tomato,29.34,67.14,41.36,66.7,32.93,21.1,0,LOW
2026-07-25 12:09:36.462562,FARM_001,Tomato,25.67,58.73,42.23,38.03,34.97,29.7,0,LOW
2026-07-25 12:19:36.462562,FARM_001,Tomato,20.2,74.04,47.18,48.63,58.38,37.6,0,HIGH
2026-07-25 12:29:36.462562,FARM_001,Tomato,26.48,73.25,37.93,15.65,54.33,23.91,0,MEDIUM
2026-07-25 12:39:36.462562,FARM_001,Tomato,22.59,61.98,48.02,0.0,42.42,26.29,0,LOW
2026-07-25 12:49:36.462562,FARM_001,Tomato,23.04,62.87,43.02,43.29,52.86,30.07,0,LOW
2026-07-25 12:59:36.462562,FARM_001,Tomato,27.17,64.91,49.21,25.29,32.35,28.36,0,LOW
2026-07-25 13:09:36.462562,FARM_001,Tomato,29.58,52.91,49.9,28.64,38.37,32.34,0,LOW
2026-07-25 13:19:36.462562,FARM_001,Tomato,25.08,70.25,36.47,59.46,30.8,26.27,0,MEDIUM
2026-07-25 13:29:36.462562,FARM_001,Tomato,26.14,66.17,42.03,49.95,18.34,30.29,0,MEDIUM
2026-07-25 13:39:36.462562,FARM_001,Tomato,31.3,74.5,40.64,83.8,49.77,32.23,0,HIGH
2026-07-25 13:49:36.462562,FARM_001,Tomato,25.89,60.64,35.76,32.19,41.3,36.2,0,MEDIUM
2026-07-25 13:59:36.462562,FARM_001,Tomato,34.0,63.85,39.73,7.52,34.83,39.6,0,HIGH
2026-07-25 14:09:36.462562,FARM_001,Tomato,27.09,57.91,57.45,22.2,34.57,31.01,0,LOW
2026-07-25 14:19:36.462562,FARM_001,Tomato,18.49,61.27,48.11,39.84,15.62,43.26,0,MEDIUM
2026-07-25 14:29:36.462562,FARM_001,Tomato,27.79,60.08,54.78,57.36,22.28,31.45,0,LOW
2026-07-25 14:39:36.462562,FARM_001,Tomato,26.41,74.67,49.23,0.0,38.84,37.22,0,HIGH
2026-07-25 14:49:36.462562,FARM_001,Tomato,29.77,63.32,41.22,27.95,27.93,43.51,0,HIGH
2026-07-25 14:59:36.462562,FARM_001,Tomato,27.49,68.83,43.05,74.7,31.86,33.29,0,MEDIUM
2026-07-25 15:09:36.462562,FARM_001,Tomato,24.49,65.45,48.0,20.69,33.28,24.67,0,LOW
2026-07-25 15:19:36.462562,FARM_001,Tomato,20.47,59.49,47.23,54.89,26.0,33.02,0,LOW
2026-07-25 15:29:36.462562,FARM_001,Tomato,24.23,66.87,42.06,42.1,22.4,29.01,0,LOW
2026-07-25 15:39:36.462562,FARM_001,Tomato,21.85,72.01,37.3,55.61,14.28,30.94,0,MEDIUM
2026-07-25 15:49:36.462562,FARM_001,Tomato,22.85,59.91,60.0,4.05,32.75,43.81,0,MEDIUM
2026-07-25 15:59:36.462562,FARM_001,Tomato,27.18,73.42,44.28,4.18,42.39,25.53,0,MEDIUM
2026-07-25 16:09:36.462562,FARM_001,Tomato,31.18,62.31,43.34,28.29,13.89,34.21,0,MEDIUM
2026-07-25 16:19:36.462562,FARM_001,Tomato,26.46,64.76,45.58,0.0,34.3,27.5,0,LOW
2026-07-25 16:29:36.462562,FARM_001,Tomato,20.58,71.56,43.76,19.82,38.14,30.75,0,MEDIUM
2026-07-25 16:39:36.462562,FARM_001,Tomato,26.65,63.55,45.63,35.08,22.13,36.75,0,MEDIUM
2026-07-25 16:49:36.462562,FARM_001,Tomato,29.43,68.25,51.56,79.81,52.52,34.31,0,MEDIUM
2026-07-25 16:59:36.462562,FARM_001,Tomato,22.74,65.89,44.36,39.46,29.74,31.22,0,MEDIUM
2026-07-25 17:09:36.462562,FARM_001,Tomato,24.5,68.87,39.07,45.96,33.32,28.8,0,MEDIUM
2026-07-25 17:19:36.462562,FARM_001,Tomato,25.05,52.05,44.18,61.7,32.57,34.3,0,LOW
2026-07-25 17:29:36.462562,FARM_001,Tomato,22.1,55.74,42.63,0.0,12.29,42.23,0,LOW
2026-07-25 17:39:36.462562,FARM_001,Tomato,27.4,72.13,52.26,22.88,47.31,27.36,0,MEDIUM
2026-07-25 17:49:36.462562,FARM_001,Tomato,24.55,74.95,50.97,98.52,22.56,43.4,0,HIGH
2026-07-25 17:59:36.462562,FARM_001,Tomato,26.55,61.9,45.55,25.39,31.62,39.34,0,MEDIUM
2026-07-25 18:09:36.462562,FARM_001,Tomato,21.72,66.37,38.48,60.3,42.13,40.31,0,HIGH
2026-07-25 18:19:36.462562,FARM_001,Tomato,23.38,69.97,38.75,55.84,53.01,34.26,0,MEDIUM
2026-07-25 18:29:36.462562,FARM_001,Tomato,27.67,72.64,45.08,0.0,20.99,39.18,0,HIGH
2026-07-25 18:39:36.462562,FARM_001,Tomato,23.62,54.41,46.72,36.77,28.97,26.75,0,LOW
2026-07-25 18:49:36.462562,FARM_001,Tomato,31.39,62.06,43.09,31.99,52.02,28.69,0,LOW
2026-07-25 18:59:36.462562,FARM_001,Tomato,23.52,65.77,42.55,37.33,40.44,36.87,0,MEDIUM
2026-07-25 19:09:36.462562,FARM_001,Tomato,25.83,72.71,41.98,5.68,43.06,34.19,0,HIGH
2026-07-25 19:19:36.462562,FARM_001,Tomato,28.45,84.74,44.88,0.0,21.36,31.65,0,HIGH
2026-07-25 19:29:36.462562,FARM_001,Tomato,19.75,66.47,32.85,13.8,29.82,18.24,0,LOW
2026-07-25 19:39:36.462562,FARM_001,Tomato,18.49,58.57,39.38,24.84,32.49,30.02,0,LOW
2026-07-25 19:49:36.462562,FARM_001,Tomato,19.36,70.7,41.8,62.3,23.79,25.81,0,LOW
2026-07-25 19:59:36.462562,FARM_001,Tomato,29.67,76.85,51.16,80.77,13.5,35.31,0,HIGH
2026-07-25 20:09:36.462562,FARM_001,Tomato,22.96,68.72,40.85,68.48,28.17,31.41,0,MEDIUM
2026-07-25 20:19:36.462562,FARM_001,Tomato,34.0,61.93,45.92,52.82,51.66,28.92,0,LOW
2026-07-25 20:29:36.462562,FARM_001,Tomato,22.91,74.42,46.16,0.0,35.35,47.56,0,HIGH
2026-07-25 20:39:36.462562,FARM_001,Tomato,25.68,72.45,51.62,15.76,51.92,38.42,0,HIGH
2026-07-25 20:49:36.462562,FARM_001,Tomato,30.71,61.13,51.44,33.83,36.86,38.52,0,MEDIUM
2026-07-25 20:59:36.462562,FARM_001,Tomato,32.42,70.56,44.71,9.23,24.96,45.05,0,HIGH
2026-07-25 21:09:36.462562,FARM_001,Tomato,32.63,74.68,42.58,44.55,50.7,37.07,0,HIGH
2026-07-25 21:19:36.462562,FARM_001,Tomato,29.47,75.92,41.61,48.74,37.28,28.11,0,HIGH
2026-07-25 21:29:36.462562,FARM_001,Tomato,28.79,67.55,43.77,43.36,46.72,27.44,0,MEDIUM
2026-07-25 21:39:36.462562,FARM_001,Tomato,27.19,65.6,42.79,57.63,21.14,38.0,0,MEDIUM
2026-07-25 21:49:36.462562,FARM_001,Tomato,27.88,76.22,47.82,1.29,47.69,20.76,0,MEDIUM
2026-07-25 21:59:36.462562,FARM_001,Tomato,22.96,59.89,47.14,54.94,48.07,32.06,0,LOW
2026-07-25 22:09:36.462562,FARM_001,Tomato,21.97,70.94,48.02,7.39,38.25,20.12,0,LOW
2026-07-25 22:19:36.462562,FARM_001,Tomato,24.99,58.82,51.42,0.22,24.43,33.06,0,LOW
2026-07-25 22:29:36.462562,FARM_001,Tomato,24.37,75.14,54.5,43.24,34.02,37.37,0,HIGH
2026-07-25 22:39:36.462562,FARM_001,Tomato,23.32,66.27,45.64,63.2,42.3,34.09,0,MEDIUM
2026-07-25 22:49:36.462562,FARM_001,Tomato,27.58,76.5,50.61,41.95,37.56,37.85,0,HIGH
2026-07-25 22:59:36.462562,FARM_001,Tomato,28.53,71.29,43.21,28.31,42.17,43.7,0,HIGH
2026-07-25 23:09:36.462562,FARM_001,Tomato,25.33,59.8,51.04,36.76,47.35,31.68,0,LOW
2026-07-25 23:19:36.462562,FARM_001,Tomato,30.47,77.55,50.41,31.68,26.43,48.5,0,HIGH
2026-07-25 23:29:36.462562,FARM_001,Tomato,20.78,78.39,50.14,0.0,20.05,33.71,0,HIGH
2026-07-25 23:39:36.462562,FARM_001,Tomato,24.28,73.91,45.48,0.0,34.13,37.91,0,HIGH
2026-07-25 23:49:36.462562,FARM_001,Tomato,22.35,62.9,41.59,25.4,30.45,29.02,0,LOW
2026-07-25 23:59:36.462562,FARM_001,Tomato,18.09,65.95,37.89,30.03,44.5,41.73,0,HIGH
2026-07-26 00:09:36.462562,FARM_001,Tomato,24.69,68.97,44.8,28.03,21.06,38.44,0,HIGH
2026-07-26 00:19:36.462562,FARM_001,Tomato,24.55,63.29,52.82,47.44,47.46,40.89,0,MEDIUM
2026-07-26 00:29:36.462562,FARM_001,Tomato,30.6,79.34,43.42,21.41,51.66,32.81,0,HIGH
2026-07-26 00:39:36.462562,FARM_001,Tomato,27.33,68.97,49.0,44.14,34.6,25.34,0,LOW
2026-07-26 00:49:36.462562,FARM_001,Tomato,21.21,49.89,49.3,23.48,35.37,35.12,0,LOW
2026-07-26 00:59:36.462562,FARM_001,Tomato,31.86,70.27,43.55,80.94,24.93,22.83,0,MEDIUM
2026-07-26 01:09:36.462562,FARM_001,Tomato,29.52,65.67,51.71,30.06,27.76,30.58,0,MEDIUM
2026-07-26 01:19:36.462562,FARM_001,Tomato,27.15,67.5,30.17,96.05,29.45,33.59,1,MEDIUM
2026-07-26 01:29:36.462562,FARM_001,Tomato,24.16,65.53,38.76,37.98,52.78,46.05,0,HIGH
2026-07-26 01:39:36.462562,FARM_001,Tomato,21.45,73.41,40.33,21.46,33.69,34.32,0,HIGH
2026-07-26 01:49:36.462562,FARM_001,Tomato,23.62,75.5,40.82,1.44,17.94,33.3,0,HIGH
2026-07-26 01:59:36.462562,FARM_001,Tomato,29.03,69.9,46.71,0.0,37.82,32.14,0,MEDIUM
2026-07-26 02:09:36.462562,FARM_001,Tomato,31.97,65.73,46.48,0.0,45.01,24.85,0,LOW
2026-07-26 02:19:36.462562,FARM_001,Tomato,30.71,67.72,47.01,2.02,34.28,32.99,0,MEDIUM
2026-07-26 02:29:36.462562,FARM_001,Tomato,23.19,68.13,48.04,39.23,53.11,33.09,0,MEDIUM
2026-07-26 02:39:36.462562,FARM_001,Tomato,20.86,62.62,40.15,12.34,44.4,26.98,0,LOW
2026-07-26 02:49:36.462562,FARM_001,Tomato,25.52,71.88,38.79,33.16,21.38,25.74,0,MEDIUM
2026-07-26 02:59:36.462562,FARM_001,Tomato,18.46,71.08,47.02,65.13,27.65,29.76,0,MEDIUM
2026-07-26 03:09:36.462562,FARM_001,Tomato,26.2,78.32,41.79,25.14,37.45,32.87,0,HIGH
2026-07-26 03:19:36.462562,FARM_001,Tomato,24.45,76.41,36.99,88.41,13.61,29.89,0,HIGH
2026-07-26 03:29:36.462562,FARM_001,Tomato,23.28,63.41,49.95,0.0,38.84,26.51,0,LOW
2026-07-26 03:39:36.462562,FARM_001,Tomato,19.1,73.5,52.12,23.3,12.4,34.15,0,HIGH
2026-07-26 03:49:36.462562,FARM_001,Tomato,26.9,61.63,52.94,11.95,47.5,35.57,0,MEDIUM
2026-07-26 03:59:36.462562,FARM_001,Tomato,23.03,72.66,45.95,55.05,46.03,33.19,0,HIGH
2026-07-26 04:09:36.462562,FARM_001,Tomato,20.67,64.54,48.19,0.0,40.96,29.29,0,LOW
2026-07-26 04:19:36.462562,FARM_001,Tomato,18.0,61.14,51.99,0.0,26.08,35.89,0,LOW
2026-07-26 04:29:36.462562,FARM_001,Tomato,24.9,69.88,41.73,24.57,36.74,31.41,0,MEDIUM
2026-07-26 04:39:36.462562,FARM_001,Tomato,31.56,50.08,50.66,73.0,28.13,25.72,0,LOW
2026-07-26 04:49:36.462562,FARM_001,Tomato,31.15,56.27,46.4,34.29,21.61,38.41,0,LOW
2026-07-26 04:59:36.462562,FARM_001,Tomato,23.31,66.81,49.66,0.0,30.33,34.51,0,MEDIUM
2026-07-26 05:09:36.462562,FARM_001,Tomato,22.77,68.55,45.95,0.0,43.4,31.82,0,MEDIUM
2026-07-26 05:19:36.462562,FARM_001,Tomato,26.73,65.53,51.61,76.55,35.15,23.55,0,LOW
2026-07-26 05:29:36.462562,FARM_001,Tomato,21.31,57.42,46.14,9.56,52.88,28.25,0,LOW
2026-07-26 05:39:36.462562,FARM_001,Tomato,26.12,62.52,37.43,0.17,44.25,44.01,0,HIGH
2026-07-26 05:49:36.462562,FARM_001,Tomato,27.83,70.62,52.4,70.84,42.9,23.9,0,LOW
2026-07-26 05:59:36.462562,FARM_001,Tomato,29.54,71.9,40.17,57.22,14.33,31.07,0,HIGH
2026-07-26 06:09:36.462562,FARM_001,Tomato,24.63,67.89,51.39,64.9,31.01,32.41,0,MEDIUM
2026-07-26 06:19:36.462562,FARM_001,Tomato,24.25,75.75,44.54,0.0,21.19,34.33,0,HIGH
2026-07-26 06:29:36.462562,FARM_001,Tomato,21.75,70.66,51.0,0.0,32.29,23.97,0,LOW
2026-07-26 06:39:36.462562,FARM_001,Tomato,21.94,62.99,50.79,31.59,25.86,33.49,0,LOW
2026-07-26 06:49:36.462562,FARM_001,Tomato,24.16,66.12,47.19,37.49,29.84,22.89,0,LOW
2026-07-26 06:59:36.462562,FARM_001,Tomato,26.36,58.6,47.59,38.35,47.97,33.06,0,LOW
2026-07-26 07:09:36.462562,FARM_001,Tomato,28.38,67.28,47.16,70.86,40.59,28.78,0,MEDIUM
2026-07-26 07:19:36.462562,FARM_001,Tomato,22.03,75.45,34.73,0.0,47.29,27.56,0,MEDIUM
2026-07-26 07:29:36.462562,FARM_001,Tomato,30.52,72.59,45.6,52.8,14.43,37.26,0,HIGH
2026-07-26 07:39:36.462562,FARM_001,Tomato,24.0,77.39,39.31,0.0,35.33,31.16,0,HIGH
2026-07-26 07:49:36.462562,FARM_001,Tomato,24.92,65.97,45.87,52.69,46.78,35.2,0,MEDIUM
2026-07-26 07:59:36.462562,FARM_001,Tomato,22.24,77.02,39.17,13.83,53.58,35.39,0,HIGH
2026-07-26 08:09:36.462562,FARM_001,Tomato,18.0,66.7,38.96,3.93,15.09,39.74,0,MEDIUM
2026-07-26 08:19:36.462562,FARM_001,Tomato,28.27,77.86,53.19,9.89,30.17,25.61,0,HIGH
2026-07-26 08:29:36.462562,FARM_001,Tomato,27.73,67.85,50.45,0.0,47.63,37.74,0,HIGH
2026-07-26 08:39:36.462562,FARM_001,Tomato,23.96,72.74,44.98,28.88,32.18,32.59,0,HIGH
2026-07-26 08:49:36.462562,FARM_001,Tomato,25.25,77.88,45.94,5.14,23.13,30.34,0,HIGH
2026-07-26 08:59:36.462562,FARM_001,Tomato,26.91,66.7,43.74,50.66,15.07,25.95,0,LOW
2026-07-26 09:09:36.462562,FARM_001,Tomato,19.22,69.46,47.91,46.39,22.65,35.96,0,MEDIUM
2026-07-26 09:19:36.462562,FARM_001,Tomato,23.04,76.64,41.55,76.99,13.32,27.24,0,MEDIUM
2026-07-26 09:29:36.462562,FARM_001,Tomato,27.94,67.11,50.07,38.4,35.34,35.45,0,MEDIUM
2026-07-26 09:39:36.462562,FARM_001,Tomato,20.36,59.15,43.71,42.9,45.89,43.49,0,MEDIUM
2026-07-26 09:49:36.462562,FARM_001,Tomato,26.09,82.36,42.86,68.58,18.71,38.09,0,HIGH
2026-07-26 09:59:36.462562,FARM_001,Tomato,19.98,64.85,45.11,9.37,37.85,40.43,0,MEDIUM
2026-07-26 10:09:36.462562,FARM_001,Tomato,26.73,69.06,41.99,0.0,45.25,28.4,0,MEDIUM
2026-07-26 10:19:36.462562,FARM_001,Tomato,24.87,75.75,46.68,33.54,34.57,36.85,0,HIGH
2026-07-26 10:29:36.462562,FARM_001,Tomato,19.02,63.92,42.26,0.0,14.31,25.98,0,LOW
2026-07-26 10:39:36.462562,FARM_001,Tomato,29.31,61.25,47.39,99.36,39.47,31.17,0,LOW
2026-07-26 10:49:36.462562,FARM_001,Tomato,22.28,69.7,51.2,70.2,33.91,42.43,0,HIGH
2026-07-26 10:59:36.462562,FARM_001,Tomato,22.0,55.99,41.33,90.89,32.63,29.04,0,LOW
2026-07-26 11:09:36.462562,FARM_001,Tomato,25.74,66.07,44.33,29.52,27.71,38.83,0,HIGH
2026-07-26 11:19:36.462562,FARM_001,Tomato,29.25,69.64,47.35,43.78,35.69,38.29,0,HIGH
2026-07-26 11:29:36.462562,FARM_001,Tomato,21.24,66.19,42.78,14.28,41.02,38.63,0,MEDIUM
2026-07-26 11:39:36.462562,FARM_001,Tomato,25.23,57.66,47.37,53.48,64.72,25.28,0,LOW
2026-07-26 11:49:36.462562,FARM_001,Tomato,26.59,78.68,47.83,0.0,36.02,35.49,0,HIGH
2026-07-26 11:59:36.462562,FARM_001,Tomato,27.56,68.69,50.52,0.0,53.64,31.61,0,MEDIUM
2026-07-26 12:09:36.462562,FARM_001,Tomato,25.65,77.59,41.91,4.61,39.11,38.7,0,HIGH
2026-07-26 12:19:36.462562,FARM_001,Tomato,23.64,66.26,40.19,0.0,33.35,23.07,0,LOW
2026-07-26 12:29:36.462562,FARM_001,Tomato,21.94,62.1,43.43,70.86,36.47,34.6,0,LOW
2026-07-26 12:39:36.462562,FARM_001,Tomato,25.32,69.8,40.06,80.72,19.21,33.79,0,MEDIUM
2026-07-26 12:49:36.462562,FARM_001,Tomato,21.03,66.55,47.88,0.0,38.45,21.16,0,LOW
2026-07-26 12:59:36.462562,FARM_001,Tomato,18.0,60.11,39.08,65.42,9.5,27.45,0,LOW
2026-07-26 13:09:36.462562,FARM_001,Tomato,26.62,77.85,56.9,55.48,23.73,22.07,0,MEDIUM
2026-07-26 13:19:36.462562,FARM_001,Tomato,28.34,63.83,51.61,0.0,35.98,28.36,0,LOW
2026-07-26 13:29:36.462562,FARM_001,Tomato,18.0,55.67,45.06,16.3,49.64,35.63,0,LOW
2026-07-26 13:39:36.462562,FARM_001,Tomato,21.26,76.9,49.42,10.76,52.63,33.61,0,HIGH
2026-07-26 13:49:36.462562,FARM_001,Tomato,27.29,64.62,36.65,49.54,31.62,33.47,0,MEDIUM
2026-07-26 13:59:36.462562,FARM_001,Tomato,32.61,63.93,57.87,0.0,36.56,26.57,0,LOW
2026-07-26 14:09:36.462562,FARM_001,Tomato,25.08,56.17,41.99,24.81,47.0,38.89,0,LOW
2026-07-26 14:19:36.462562,FARM_001,Tomato,22.31,79.66,44.39,7.67,17.85,32.39,0,HIGH
2026-07-26 14:29:36.462562,FARM_001,Tomato,24.32,59.36,35.53,41.52,39.7,32.69,0,LOW
2026-07-26 14:39:36.462562,FARM_001,Tomato,30.09,68.39,47.48,21.37,24.17,37.86,0,HIGH
2026-07-26 14:49:36.462562,FARM_001,Tomato,22.61,74.11,39.36,12.07,32.44,26.85,0,MEDIUM
2026-07-26 14:59:36.462562,FARM_001,Tomato,22.04,70.83,45.52,21.47,28.82,33.8,0,MEDIUM
2026-07-26 15:09:36.462562,FARM_001,Tomato,23.21,67.6,42.22,87.15,40.09,34.91,0,MEDIUM
2026-07-26 15:19:36.462562,FARM_001,Tomato,21.47,56.6,39.5,15.53,41.53,29.39,0,LOW
2026-07-26 15:29:36.462562,FARM_001,Tomato,25.45,62.57,40.9,0.0,45.83,36.22,0,MEDIUM
2026-07-26 15:39:36.462562,FARM_001,Tomato,31.01,69.26,46.15,44.74,38.99,35.22,0,HIGH
2026-07-26 15:49:36.462562,FARM_001,Tomato,26.2,62.73,38.46,23.51,36.76,31.92,0,LOW
2026-07-26 15:59:36.462562,FARM_001,Tomato,24.07,69.36,41.18,0.0,57.96,31.75,0,MEDIUM
2026-07-26 16:09:36.462562,FARM_001,Tomato,23.92,72.57,48.38,92.86,15.39,35.48,0,HIGH
2026-07-26 16:19:36.462562,FARM_001,Tomato,19.22,74.45,58.27,17.41,55.96,36.99,0,HIGH
2026-07-26 16:29:36.462562,FARM_001,Tomato,28.27,59.78,47.44,16.67,30.95,32.86,0,LOW
2026-07-26 16:39:36.462562,FARM_001,Tomato,24.71,82.72,40.32,32.37,41.79,38.89,0,HIGH
2026-07-26 16:49:36.462562,FARM_001,Tomato,24.33,73.14,43.13,78.22,30.5,36.25,0,HIGH
2026-07-26 16:59:36.462562,FARM_001,Tomato,34.0,67.99,45.16,0.0,25.75,22.31,0,LOW
2026-07-26 17:09:36.462562,FARM_001,Tomato,26.11,75.3,43.22,35.76,40.71,24.49,0,MEDIUM
2026-07-26 17:19:36.462562,FARM_001,Tomato,22.22,83.85,49.61,88.65,47.73,39.24,0,HIGH
2026-07-26 17:29:36.462562,FARM_001,Tomato,23.42,58.36,46.11,31.46,40.56,31.09,0,LOW
2026-07-26 17:39:36.462562,FARM_001,Tomato,29.25,66.49,49.63,0.0,27.77,33.44,0,MEDIUM
2026-07-26 17:49:36.462562,FARM_001,Tomato,25.42,52.06,43.4,9.64,80.1,38.99,0,LOW
2026-07-26 17:59:36.462562,FARM_001,Tomato,19.68,69.29,51.76,33.74,49.7,32.46,0,MEDIUM
2026-07-26 18:09:36.462562,FARM_001,Tomato,28.4,70.45,44.15,66.56,46.36,32.71,0,HIGH
2026-07-26 18:19:36.462562,FARM_001,Tomato,22.53,67.74,40.05,17.79,30.15,27.55,0,LOW
2026-07-26 18:29:36.462562,FARM_001,Tomato,31.93,63.61,56.1,51.84,26.72,34.61,0,MEDIUM
2026-07-26 18:39:36.462562,FARM_001,Tomato,29.0,54.27,35.69,0.0,31.07,35.84,0,LOW
2026-07-26 18:49:36.462562,FARM_001,Tomato,23.34,70.5,41.23,0.0,48.23,29.21,0,MEDIUM
2026-07-26 18:59:36.462562,FARM_001,Tomato,29.74,77.75,41.8,13.6,22.12,27.24,0,HIGH
2026-07-26 19:09:36.462562,FARM_001,Tomato,25.25,64.04,57.79,69.69,21.14,47.47,0,HIGH
2026-07-26 19:19:36.462562,FARM_001,Tomato,28.16,70.95,54.21,29.71,41.4,31.97,0,MEDIUM
2026-07-26 19:29:36.462562,FARM_001,Tomato,26.79,57.49,52.62,36.16,38.62,28.6,0,LOW
2026-07-26 19:39:36.462562,FARM_001,Tomato,21.87,71.06,43.31,35.82,24.89,36.53,0,HIGH
2026-07-26 19:49:36.462562,FARM_001,Tomato,22.62,65.36,57.37,60.09,20.85,32.21,0,MEDIUM
2026-07-26 19:59:36.462562,FARM_001,Tomato,28.81,62.89,46.88,9.88,52.72,26.31,0,LOW
2026-07-26 20:09:36.462562,FARM_001,Tomato,23.76,62.91,49.98,47.8,39.1,35.25,0,MEDIUM
2026-07-26 20:19:36.462562,FARM_001,Tomato,23.51,65.36,45.92,3.44,17.42,27.64,0,LOW
2026-07-26 20:29:36.462562,FARM_001,Tomato,21.47,70.56,44.75,85.61,18.3,41.49,0,HIGH
2026-07-26 20:39:36.462562,FARM_001,Tomato,26.57,59.21,43.72,4.33,30.04,35.32,0,LOW
2026-07-26 20:49:36.462562,FARM_001,Tomato,32.63,65.34,43.93,1.93,43.83,30.92,0,MEDIUM
2026-07-26 20:59:36.462562,FARM_001,Tomato,21.05,67.72,48.1,43.75,42.1,33.12,0,MEDIUM
2026-07-26 21:09:36.462562,FARM_001,Tomato,25.09,60.64,46.87,30.03,48.86,37.65,0,MEDIUM
2026-07-26 21:19:36.462562,FARM_001,Tomato,30.23,80.04,44.84,37.24,15.82,33.56,0,HIGH
2026-07-26 21:29:36.462562,FARM_001,Tomato,24.71,62.28,52.7,34.34,37.42,44.6,0,HIGH
2026-07-26 21:39:36.462562,FARM_001,Tomato,26.67,63.51,29.87,0.0,52.57,38.97,0,MEDIUM
2026-07-26 21:49:36.462562,FARM_001,Tomato,21.07,61.45,47.6,74.81,51.39,35.28,0,LOW
2026-07-26 21:59:36.462562,FARM_001,Tomato,26.58,80.05,48.66,53.79,39.12,27.16,0,HIGH
2026-07-26 22:09:36.462562,FARM_001,Tomato,24.31,71.7,50.85,67.38,64.19,31.66,0,MEDIUM
2026-07-26 22:19:36.462562,FARM_001,Tomato,28.65,61.72,44.67,12.27,42.28,35.23,0,MEDIUM
2026-07-26 22:29:36.462562,FARM_001,Tomato,29.39,75.41,46.06,39.86,47.74,27.81,0,HIGH
2026-07-26 22:39:36.462562,FARM_001,Tomato,34.0,69.34,50.03,33.46,35.16,39.87,0,HIGH
2026-07-26 22:49:36.462562,FARM_001,Tomato,27.14,69.72,52.6,60.64,24.76,26.95,0,MEDIUM
2026-07-26 22:59:36.462562,FARM_001,Tomato,26.21,65.69,43.47,61.58,23.57,28.87,0,LOW
2026-07-26 23:09:36.462562,FARM_001,Tomato,25.72,62.98,46.36,33.34,36.89,29.29,0,LOW
2026-07-26 23:19:36.462562,FARM_001,Tomato,23.69,70.26,53.56,0.0,31.94,36.74,0,HIGH
2026-07-26 23:29:36.462562,FARM_001,Tomato,26.25,64.35,34.17,79.67,12.32,27.91,1,LOW
2026-07-26 23:39:36.462562,FARM_001,Tomato,23.91,80.17,41.48,43.93,21.68,22.24,0,MEDIUM
2026-07-26 23:49:36.462562,FARM_001,Tomato,25.62,59.5,52.48,9.93,30.59,38.7,0,MEDIUM
2026-07-26 23:59:36.462562,FARM_001,Tomato,29.88,78.29,50.57,39.57,43.76,29.97,0,HIGH
2026-07-27 00:09:36.462562,FARM_001,Tomato,21.28,67.25,47.66,0.0,34.4,26.41,0,LOW
2026-07-27 00:19:36.462562,FARM_001,Tomato,29.22,70.0,42.71,58.52,33.69,28.2,0,MEDIUM
2026-07-27 00:29:36.462562,FARM_001,Tomato,29.87,73.58,40.5,0.0,22.16,42.29,0,HIGH
2026-07-27 00:39:36.462562,FARM_001,Tomato,24.56,63.78,41.98,21.25,34.89,28.75,0,LOW
2026-07-27 00:49:36.462562,FARM_001,Tomato,18.0,73.79,52.89,34.84,51.22,31.8,0,MEDIUM
2026-07-27 00:59:36.462562,FARM_001,Tomato,22.75,49.86,41.79,58.03,36.56,29.95,0,LOW
2026-07-27 01:09:36.462562,FARM_001,Tomato,29.8,63.18,45.52,30.81,15.61,25.47,0,LOW
2026-07-27 01:19:36.462562,FARM_001,Tomato,24.92,61.81,41.16,46.24,18.83,28.27,0,LOW
2026-07-27 01:29:36.462562,FARM_001,Tomato,21.3,59.6,49.3,26.88,42.02,25.08,0,LOW
2026-07-27 01:39:36.462562,FARM_001,Tomato,23.13,66.56,42.25,26.76,31.77,37.95,0,MEDIUM
2026-07-27 01:49:36.462562,FARM_001,Tomato,28.11,70.58,44.5,30.2,33.66,33.08,0,HIGH
2026-07-27 01:59:36.462562,FARM_001,Tomato,27.02,72.71,36.41,22.18,26.88,46.65,0,HIGH
2026-07-27 02:09:36.462562,FARM_001,Tomato,24.12,69.61,36.77,0.0,40.94,28.46,0,MEDIUM
2026-07-27 02:19:36.462562,FARM_001,Tomato,23.64,63.54,45.04,5.26,30.81,27.6,0,LOW
2026-07-27 02:29:36.462562,FARM_001,Tomato,23.55,70.47,38.24,34.85,32.25,41.24,0,HIGH
2026-07-27 02:39:36.462562,FARM_001,Tomato,21.59,68.83,55.74,20.43,23.87,38.53,0,HIGH
2026-07-27 02:49:36.462562,FARM_001,Tomato,30.98,74.27,34.49,23.15,46.21,34.69,0,HIGH
2026-07-27 02:59:36.462562,FARM_001,Tomato,23.81,73.21,40.92,18.26,31.81,26.15,0,MEDIUM
2026-07-27 03:09:36.462562,FARM_001,Tomato,29.5,68.2,45.09,2.48,42.26,42.45,0,HIGH
2026-07-27 03:19:36.462562,FARM_001,Tomato,30.63,61.99,43.14,13.3,19.56,32.09,0,LOW
2026-07-27 03:29:36.462562,FARM_001,Tomato,28.69,63.63,39.37,18.74,56.45,30.05,0,LOW
2026-07-27 03:39:36.462562,FARM_001,Tomato,23.4,64.32,40.11,27.85,50.69,39.01,0,MEDIUM
2026-07-27 03:49:36.462562,FARM_001,Tomato,26.49,65.89,39.95,39.19,10.54,32.37,0,MEDIUM
2026-07-27 03:59:36.462562,FARM_001,Tomato,24.91,69.8,43.54,22.43,24.5,25.86,0,LOW
2026-07-27 04:09:36.462562,FARM_001,Tomato,21.66,72.79,54.95,0.0,40.62,32.73,0,HIGH
2026-07-27 04:19:36.462562,FARM_001,Tomato,26.2,67.66,45.4,0.0,17.97,28.05,0,MEDIUM
2026-07-27 04:29:36.462562,FARM_001,Tomato,20.64,68.11,51.03,100.0,32.94,15.35,0,LOW
2026-07-27 04:39:36.462562,FARM_001,Tomato,29.39,68.96,47.59,0.0,39.98,27.47,0,MEDIUM
2026-07-27 04:49:36.462562,FARM_001,Tomato,23.28,64.54,50.68,12.56,32.27,29.49,0,LOW
2026-07-27 04:59:36.462562,FARM_001,Tomato,25.74,61.8,30.72,42.8,41.39,25.91,0,LOW
2026-07-27 05:09:36.462562,FARM_001,Tomato,26.05,56.24,43.45,38.24,25.86,35.78,0,LOW
2026-07-27 05:19:36.462562,FARM_001,Tomato,24.04,63.34,51.67,42.91,6.32,28.07,0,LOW
2026-07-27 05:29:36.462562,FARM_001,Tomato,27.17,71.17,42.08,14.77,46.97,35.23,0,HIGH
2026-07-27 05:39:36.462562,FARM_001,Tomato,23.24,63.29,53.99,34.67,46.9,25.47,0,LOW
2026-07-27 05:49:36.462562,FARM_001,Tomato,28.22,66.41,52.57,29.49,66.15,37.68,0,HIGH
2026-07-27 05:59:36.462562,FARM_001,Tomato,20.02,71.13,42.61,18.59,6.79,25.22,0,LOW
2026-07-27 06:09:36.462562,FARM_001,Tomato,25.47,71.49,42.43,34.87,44.06,19.15,0,LOW
2026-07-27 06:19:36.462562,FARM_001,Tomato,32.17,60.77,39.83,58.52,9.79,39.55,0,MEDIUM
2026-07-27 06:29:36.462562,FARM_001,Tomato,21.3,74.68,41.79,27.05,56.73,27.62,0,MEDIUM
2026-07-27 06:39:36.462562,FARM_001,Tomato,22.49,75.55,38.71,27.25,40.75,42.51,0,HIGH
2026-07-27 06:49:36.462562,FARM_001,Tomato,26.9,60.43,47.19,58.89,22.61,35.72,0,LOW
2026-07-27 06:59:36.462562,FARM_001,Tomato,25.66,62.48,37.57,55.77,44.43,37.0,0,MEDIUM
2026-07-27 07:09:36.462562,FARM_001,Tomato,26.3,75.98,48.08,73.95,27.63,38.46,0,HIGH
2026-07-27 07:19:36.462562,FARM_001,Tomato,26.81,67.02,48.2,0.0,38.39,33.14,0,MEDIUM
2026-07-27 07:29:36.462562,FARM_001,Tomato,27.35,53.13,36.53,54.13,37.2,33.21,0,LOW
2026-07-27 07:39:36.462562,FARM_001,Tomato,29.11,58.62,52.9,45.27,56.58,39.8,0,MEDIUM
2026-07-27 07:49:36.462562,FARM_001,Tomato,26.52,66.33,47.62,1.84,57.47,33.13,0,MEDIUM
2026-07-27 07:59:36.462562,FARM_001,Tomato,24.11,60.21,48.82,35.05,27.07,28.35,0,LOW
2026-07-27 08:09:36.462562,FARM_001,Tomato,27.49,65.23,41.13,58.39,47.93,35.84,0,MEDIUM
2026-07-27 08:19:36.462562,FARM_001,Tomato,32.03,68.22,48.17,3.49,39.07,20.45,0,LOW
2026-07-27 08:29:36.462562,FARM_001,Tomato,24.51,77.8,50.74,40.62,16.8,40.02,0,HIGH
2026-07-27 08:39:36.462562,FARM_001,Tomato,21.39,66.05,44.5,53.14,25.83,40.14,0,HIGH
2026-07-27 08:49:36.462562,FARM_001,Tomato,29.1,75.19,55.21,0.0,64.04,39.33,0,HIGH
2026-07-27 08:59:36.462562,FARM_001,Tomato,24.55,77.57,45.22,23.55,39.11,39.11,0,HIGH
2026-07-27 09:09:36.462562,FARM_001,Tomato,18.0,77.61,50.82,36.49,47.2,32.02,0,HIGH
2026-07-27 09:19:36.462562,FARM_001,Tomato,28.14,69.91,46.49,4.45,31.93,31.89,0,MEDIUM
2026-07-27 09:29:36.462562,FARM_001,Tomato,23.02,54.85,47.99,2.03,27.8,25.49,0,LOW
2026-07-27 09:39:36.462562,FARM_001,Tomato,24.67,71.09,36.48,23.76,34.94,42.46,0,HIGH
2026-07-27 09:49:36.462562,FARM_001,Tomato,26.23,75.02,46.89,51.11,31.25,29.74,0,HIGH
2026-07-27 09:59:36.462562,FARM_001,Tomato,25.7,67.46,41.25,46.5,15.79,34.44,0,MEDIUM
2026-07-27 10:09:36.462562,FARM_001,Tomato,27.62,79.69,40.68,2.55,21.96,33.95,0,HIGH
2026-07-27 10:19:36.462562,FARM_001,Tomato,23.39,73.76,53.89,46.74,43.52,24.86,0,MEDIUM
2026-07-27 10:29:36.462562,FARM_001,Tomato,26.9,71.81,43.91,3.29,29.8,22.56,0,LOW
2026-07-27 10:39:36.462562,FARM_001,Tomato,24.04,75.28,39.88,0.0,34.92,32.53,0,HIGH
2026-07-27 10:49:36.462562,FARM_001,Tomato,27.73,70.23,43.17,16.98,37.56,29.91,0,MEDIUM
2026-07-27 10:59:36.462562,FARM_001,Tomato,27.28,51.3,38.37,60.49,38.54,31.99,0,LOW
2026-07-27 11:09:36.462562,FARM_001,Tomato,21.54,64.66,52.31,46.85,49.05,38.57,0,MEDIUM
2026-07-27 11:19:36.462562,FARM_001,Tomato,29.02,76.02,41.45,27.65,20.76,33.78,0,HIGH
2026-07-27 11:29:36.462562,FARM_001,Tomato,23.02,62.59,47.7,15.53,41.79,36.82,0,MEDIUM
2026-07-27 11:39:36.462562,FARM_001,Tomato,27.99,66.5,51.92,16.32,44.11,35.04,0,MEDIUM
2026-07-27 11:49:36.462562,FARM_001,Tomato,26.36,61.0,42.45,30.88,47.02,30.7,0,LOW
2026-07-27 11:59:36.462562,FARM_001,Tomato,31.8,79.95,47.71,0.0,16.8,26.79,0,HIGH
2026-07-27 12:09:36.462562,FARM_001,Tomato,24.17,79.27,39.75,17.54,37.81,34.01,0,HIGH
2026-07-27 12:19:36.462562,FARM_001,Tomato,23.71,62.08,57.47,21.41,56.22,32.98,0,LOW
2026-07-27 12:29:36.462562,FARM_001,Tomato,24.93,68.99,49.78,0.0,33.35,37.72,0,HIGH
2026-07-27 12:39:36.462562,FARM_001,Tomato,23.88,63.44,44.02,3.22,40.69,31.64,0,LOW
2026-07-27 12:49:36.462562,FARM_001,Tomato,27.96,72.12,41.06,39.69,44.43,30.81,0,HIGH
2026-07-27 12:59:36.462562,FARM_001,Tomato,19.02,71.41,44.42,27.98,21.68,31.19,0,MEDIUM
2026-07-27 13:09:36.462562,FARM_001,Tomato,21.1,73.44,43.27,18.68,57.71,27.26,0,MEDIUM
2026-07-27 13:19:36.462562,FARM_001,Tomato,21.05,70.22,54.96,1.09,40.89,40.75,0,HIGH
2026-07-27 13:29:36.462562,FARM_001,Tomato,28.52,87.67,38.75,73.74,41.15,39.0,0,HIGH
2026-07-27 13:39:36.462562,FARM_001,Tomato,31.33,61.11,45.69,3.23,13.66,25.59,0,LOW
2026-07-27 13:49:36.462562,FARM_001,Tomato,24.61,56.54,44.91,35.05,44.61,37.08,0,LOW
2026-07-27 13:59:36.462562,FARM_001,Tomato,24.38,65.37,44.4,13.45,40.98,21.98,0,LOW
2026-07-27 14:09:36.462562,FARM_001,Tomato,25.26,57.49,44.45,28.76,55.06,38.12,0,LOW
2026-07-27 14:19:36.462562,FARM_001,Tomato,29.3,58.0,44.41,41.06,30.68,28.53,0,LOW
2026-07-27 14:29:36.462562,FARM_001,Tomato,21.57,61.29,49.45,0.0,22.16,34.55,0,LOW
2026-07-27 14:39:36.462562,FARM_001,Tomato,25.88,61.82,48.11,27.51,26.0,21.5,0,LOW
2026-07-27 14:49:36.462562,FARM_001,Tomato,28.61,61.6,47.14,62.47,28.24,25.67,0,LOW
2026-07-27 14:59:36.462562,FARM_001,Tomato,26.85,71.47,29.53,79.14,20.5,35.17,1,HIGH
2026-07-27 15:09:36.462562,FARM_001,Tomato,25.7,64.61,46.53,23.9,50.86,28.5,0,LOW
2026-07-27 15:19:36.462562,FARM_001,Tomato,28.7,66.8,36.56,28.92,51.33,27.71,0,LOW
2026-07-27 15:29:36.462562,FARM_001,Tomato,18.0,73.99,48.3,92.27,32.13,40.46,0,HIGH
2026-07-27 15:39:36.462562,FARM_001,Tomato,27.51,62.87,52.52,60.84,29.65,45.1,0,HIGH
2026-07-27 15:49:36.462562,FARM_001,Tomato,22.58,66.23,40.28,9.68,11.72,37.84,0,MEDIUM
2026-07-27 15:59:36.462562,FARM_001,Tomato,18.23,70.45,43.66,9.63,43.37,26.28,0,LOW
2026-07-27 16:09:36.462562,FARM_001,Tomato,26.89,54.99,41.94,55.63,55.43,42.55,0,MEDIUM
2026-07-27 16:19:36.462562,FARM_001,Tomato,30.08,52.02,51.3,0.0,26.57,23.6,0,LOW
2026-07-27 16:29:36.462562,FARM_001,Tomato,24.49,70.32,45.48,59.46,33.13,30.76,0,MEDIUM
2026-07-27 16:39:36.462562,FARM_001,Tomato,28.53,71.3,53.81,37.46,40.07,32.81,0,HIGH
2026-07-27 16:49:36.462562,FARM_001,Tomato,30.97,81.83,47.11,42.82,56.33,43.47,0,HIGH
2026-07-27 16:59:36.462562,FARM_001,Tomato,29.87,69.06,46.24,20.2,37.12,37.7,0,HIGH
2026-07-27 17:09:36.462562,FARM_001,Tomato,31.07,73.49,45.35,9.31,37.06,29.86,0,HIGH
2026-07-27 17:19:36.462562,FARM_001,Tomato,27.75,66.69,49.17,70.39,36.86,27.11,0,LOW
2026-07-27 17:29:36.462562,FARM_001,Tomato,25.28,69.99,36.14,20.5,16.64,38.21,0,HIGH
2026-07-27 17:39:36.462562,FARM_001,Tomato,19.07,79.17,45.44,15.7,16.37,29.46,0,HIGH
2026-07-27 17:49:36.462562,FARM_001,Tomato,24.09,53.77,44.64,25.36,24.42,33.74,0,LOW
2026-07-27 17:59:36.462562,FARM_001,Tomato,21.88,70.77,48.7,33.34,47.36,24.69,0,LOW
2026-07-27 18:09:36.462562,FARM_001,Tomato,33.03,82.31,44.04,0.0,30.37,35.74,0,HIGH
2026-07-27 18:19:36.462562,FARM_001,Tomato,24.35,69.89,39.7,11.21,27.93,35.29,0,HIGH
2026-07-27 18:29:36.462562,FARM_001,Tomato,25.46,79.06,45.04,9.65,27.71,25.42,0,HIGH
2026-07-27 18:39:36.462562,FARM_001,Tomato,27.04,63.78,39.48,52.38,32.87,38.38,0,MEDIUM
2026-07-27 18:49:36.462562,FARM_001,Tomato,25.16,67.79,35.18,1.83,56.05,35.66,0,MEDIUM
2026-07-27 18:59:36.462562,FARM_001,Tomato,31.27,68.22,48.71,0.0,32.69,36.72,0,HIGH
2026-07-27 19:09:36.462562,FARM_001,Tomato,22.7,53.14,47.95,0.0,24.69,30.34,0,LOW
2026-07-27 19:19:36.462562,FARM_001,Tomato,25.72,60.17,47.38,0.0,34.92,33.52,0,LOW
2026-07-27 19:29:36.462562,FARM_001,Tomato,22.25,60.65,51.64,67.46,56.71,32.86,0,LOW
2026-07-27 19:39:36.462562,FARM_001,Tomato,20.12,73.51,41.61,28.17,28.26,31.66,0,MEDIUM
2026-07-27 19:49:36.462562,FARM_001,Tomato,22.74,73.84,37.7,42.34,19.72,33.47,0,HIGH
2026-07-27 19:59:36.462562,FARM_001,Tomato,24.86,70.17,44.64,43.37,28.29,39.66,0,HIGH
2026-07-27 20:09:36.462562,FARM_001,Tomato,23.41,73.52,43.23,29.34,36.22,38.63,0,HIGH
2026-07-27 20:19:36.462562,FARM_001,Tomato,22.44,66.9,40.7,25.52,43.27,25.76,0,LOW
2026-07-27 20:29:36.462562,FARM_001,Tomato,19.8,76.05,44.59,58.2,47.29,38.12,0,HIGH
2026-07-27 20:39:36.462562,FARM_001,Tomato,24.69,68.06,41.88,31.96,21.42,39.29,0,HIGH
2026-07-27 20:49:36.462562,FARM_001,Tomato,19.43,68.39,35.64,68.55,22.62,31.64,0,MEDIUM
2026-07-27 20:59:36.462562,FARM_001,Tomato,27.81,66.22,42.75,45.83,30.53,35.4,0,MEDIUM
2026-07-27 21:09:36.462562,FARM_001,Tomato,25.31,72.59,39.2,9.66,43.22,35.32,0,HIGH
2026-07-27 21:19:36.462562,FARM_001,Tomato,19.61,65.18,46.18,13.18,18.72,27.66,0,LOW
2026-07-27 21:29:36.462562,FARM_001,Tomato,23.86,74.54,41.65,6.46,26.95,30.32,0,HIGH
2026-07-27 21:39:36.462562,FARM_001,Tomato,22.22,60.41,50.67,63.25,27.13,36.78,0,LOW
2026-07-27 21:49:36.462562,FARM_001,Tomato,26.18,60.64,53.18,15.87,46.47,29.67,0,LOW
2026-07-27 21:59:36.462562,FARM_001,Tomato,29.96,72.61,48.46,4.38,41.26,38.06,0,HIGH
2026-07-27 22:09:36.462562,FARM_001,Tomato,18.06,67.41,37.09,37.04,45.99,39.94,0,HIGH
2026-07-27 22:19:36.462562,FARM_001,Tomato,25.43,64.96,52.68,24.86,51.47,39.02,0,MEDIUM
2026-07-27 22:29:36.462562,FARM_001,Tomato,24.41,73.96,53.04,36.3,30.75,43.78,0,HIGH
2026-07-27 22:39:36.462562,FARM_001,Tomato,27.48,63.93,45.1,82.88,19.64,31.98,0,MEDIUM
2026-07-27 22:49:36.462562,FARM_001,Tomato,25.79,66.66,51.75,54.36,19.72,33.51,0,MEDIUM
2026-07-27 22:59:36.462562,FARM_001,Tomato,22.22,77.37,42.19,28.49,11.44,34.33,0,HIGH
2026-07-27 23:09:36.462562,FARM_001,Tomato,23.82,78.31,35.48,0.0,28.82,32.16,0,HIGH
2026-07-27 23:19:36.462562,FARM_001,Tomato,22.05,78.54,41.12,13.1,29.76,35.59,0,HIGH
2026-07-27 23:29:36.462562,FARM_001,Tomato,28.98,66.11,53.82,48.46,44.52,22.75,0,LOW
2026-07-27 23:39:36.462562,FARM_001,Tomato,25.08,76.25,37.4,0.0,34.81,33.67,0,HIGH
2026-07-27 23:49:36.462562,FARM_001,Tomato,32.03,61.64,45.0,90.22,28.42,24.65,0,LOW
2026-07-27 23:59:36.462562,FARM_001,Tomato,24.78,61.92,45.17,28.12,33.14,27.01,0,LOW
2026-07-28 00:09:36.462562,FARM_001,Tomato,22.38,52.25,42.38,29.13,21.51,36.68,0,LOW
2026-07-28 00:19:36.462562,FARM_001,Tomato,19.4,79.21,42.74,8.23,47.52,31.37,0,HIGH
2026-07-28 00:29:36.462562,FARM_001,Tomato,18.33,62.21,45.37,42.2,24.7,36.48,0,LOW
2026-07-28 00:39:36.462562,FARM_001,Tomato,19.14,67.15,42.13,0.0,20.24,31.24,0,MEDIUM
2026-07-28 00:49:36.462562,FARM_001,Tomato,25.99,61.9,37.75,90.91,44.91,38.81,0,MEDIUM
2026-07-28 00:59:36.462562,FARM_001,Tomato,26.88,72.66,46.1,66.17,41.83,31.14,0,HIGH
2026-07-28 01:09:36.462562,FARM_001,Tomato,19.15,65.48,50.47,56.44,12.88,21.36,0,LOW
2026-07-28 01:19:36.462562,FARM_001,Tomato,28.31,59.26,49.43,0.0,45.37,33.78,0,LOW
2026-07-28 01:29:36.462562,FARM_001,Tomato,23.21,70.96,40.87,33.7,25.26,20.14,0,LOW
2026-07-28 01:39:36.462562,FARM_001,Tomato,25.54,58.39,38.62,63.01,29.89,24.22,0,LOW
2026-07-28 01:49:36.462562,FARM_001,Tomato,30.97,62.39,43.55,45.02,36.96,27.47,0,LOW
2026-07-28 01:59:36.462562,FARM_001,Tomato,28.32,53.88,53.0,0.0,41.99,26.76,0,LOW
2026-07-28 02:09:36.462562,FARM_001,Tomato,24.01,58.46,48.29,8.72,40.21,29.39,0,LOW
2026-07-28 02:19:36.462562,FARM_001,Tomato,21.7,69.2,48.59,14.5,33.97,26.56,0,LOW
2026-07-28 02:29:36.462562,FARM_001,Tomato,18.0,54.84,49.54,10.08,29.25,24.49,0,LOW
2026-07-28 02:39:36.462562,FARM_001,Tomato,22.34,58.08,47.15,72.34,39.79,41.29,0,MEDIUM
2026-07-28 02:49:36.462562,FARM_001,Tomato,24.22,67.98,45.62,0.0,33.11,28.63,0,MEDIUM
2026-07-28 02:59:36.462562,FARM_001,Tomato,21.35,64.36,48.38,46.85,57.35,19.78,0,LOW
2026-07-28 03:09:36.462562,FARM_001,Tomato,24.51,81.35,42.21,0.0,41.99,30.44,0,HIGH
2026-07-28 03:19:36.462562,FARM_001,Tomato,25.28,80.29,37.79,0.0,22.96,26.09,0,HIGH
2026-07-28 03:29:36.462562,FARM_001,Tomato,24.17,62.18,48.69,0.0,28.58,27.46,0,LOW
2026-07-28 03:39:36.462562,FARM_001,Tomato,22.59,71.73,51.31,11.67,35.21,36.55,0,HIGH
2026-07-28 03:49:36.462562,FARM_001,Tomato,25.62,73.02,39.3,71.81,50.97,29.95,0,MEDIUM
2026-07-28 03:59:36.462562,FARM_001,Tomato,26.64,64.0,49.19,35.43,52.38,25.93,0,LOW
2026-07-28 04:09:36.462562,FARM_001,Tomato,20.97,57.98,53.57,0.0,29.61,35.04,0,LOW
2026-07-28 04:19:36.462562,FARM_001,Tomato,30.22,67.92,44.99,57.4,22.84,39.05,0,HIGH
2026-07-28 04:29:36.462562,FARM_001,Tomato,24.64,66.84,40.83,63.65,21.23,35.56,0,MEDIUM
2026-07-28 04:39:36.462562,FARM_001,Tomato,25.07,65.08,45.63,30.74,37.78,18.51,0,LOW
2026-07-28 04:49:36.462562,FARM_001,Tomato,27.62,70.96,42.19,87.11,63.63,26.14,0,MEDIUM
2026-07-28 04:59:36.462562,FARM_001,Tomato,25.86,62.97,41.85,51.69,41.39,32.77,0,LOW
2026-07-28 05:09:36.462562,FARM_001,Tomato,28.53,60.28,47.21,47.63,14.52,31.11,0,LOW
2026-07-28 05:19:36.462562,FARM_001,Tomato,26.06,68.73,36.82,4.24,25.45,30.63,0,MEDIUM
2026-07-28 05:29:36.462562,FARM_001,Tomato,22.73,70.59,37.64,46.02,26.74,26.9,0,MEDIUM
2026-07-28 05:39:36.462562,FARM_001,Tomato,26.34,60.12,45.1,34.03,24.24,24.49,0,LOW
2026-07-28 05:49:36.462562,FARM_001,Tomato,20.77,74.22,44.89,42.88,29.71,43.94,0,HIGH
2026-07-28 05:59:36.462562,FARM_001,Tomato,25.4,56.14,46.75,7.71,39.25,32.65,0,LOW
2026-07-28 06:09:36.462562,FARM_001,Tomato,24.88,64.13,54.56,31.44,43.19,36.16,0,MEDIUM
2026-07-28 06:19:36.462562,FARM_001,Tomato,24.23,66.27,45.53,3.85,48.36,32.54,0,MEDIUM
2026-07-28 06:29:36.462562,FARM_001,Tomato,24.52,63.74,48.05,0.0,41.2,32.76,0,LOW
2026-07-28 06:39:36.462562,FARM_001,Tomato,18.04,64.21,40.02,56.85,9.98,32.15,0,LOW
2026-07-28 06:49:36.462562,FARM_001,Tomato,22.97,80.54,48.92,0.0,21.28,26.11,0,HIGH
2026-07-28 06:59:36.462562,FARM_001,Tomato,25.34,62.3,42.32,30.83,32.61,23.87,0,LOW
2026-07-28 07:09:36.462562,FARM_001,Tomato,25.59,84.36,45.36,37.42,36.46,34.7,0,HIGH
2026-07-28 07:19:36.462562,FARM_001,Tomato,21.2,70.93,44.44,37.24,45.45,33.57,0,MEDIUM
2026-07-28 07:29:36.462562,FARM_001,Tomato,29.68,68.62,50.27,19.43,35.14,37.85,0,HIGH
2026-07-28 07:39:36.462562,FARM_001,Tomato,21.8,71.19,38.32,35.62,35.24,36.69,0,HIGH
2026-07-28 07:49:36.462562,FARM_001,Tomato,28.59,84.95,33.36,41.45,37.6,27.89,0,HIGH
2026-07-28 07:59:36.462562,FARM_001,Tomato,26.58,61.34,43.91,49.16,31.39,38.96,0,MEDIUM
2026-07-28 08:09:36.462562,FARM_001,Tomato,22.61,60.49,47.39,78.32,35.69,36.86,0,LOW
2026-07-28 08:19:36.462562,FARM_001,Tomato,31.57,62.94,45.78,34.54,48.79,36.44,0,MEDIUM
2026-07-28 08:29:36.462562,FARM_001,Tomato,20.58,68.22,51.28,29.57,33.54,45.32,0,HIGH
2026-07-28 08:39:36.462562,FARM_001,Tomato,28.4,56.44,47.23,1.22,34.22,44.15,0,MEDIUM
2026-07-28 08:49:36.462562,FARM_001,Tomato,28.7,68.15,42.12,40.43,34.18,36.43,0,HIGH
2026-07-28 08:59:36.462562,FARM_001,Tomato,22.52,79.35,33.14,47.19,50.95,35.72,0,HIGH
2026-07-28 09:09:36.462562,FARM_001,Tomato,30.15,69.01,43.79,22.08,20.64,38.67,0,HIGH
2026-07-28 09:19:36.462562,FARM_001,Tomato,24.07,66.04,50.24,43.6,56.98,29.17,0,LOW
2026-07-28 09:29:36.462562,FARM_001,Tomato,26.07,63.86,43.0,19.16,19.78,29.25,0,LOW
2026-07-28 09:39:36.462562,FARM_001,Tomato,25.96,74.02,45.14,47.29,26.36,36.34,0,HIGH
2026-07-28 09:49:36.462562,FARM_001,Tomato,24.5,62.47,47.15,54.35,43.98,27.62,0,LOW
2026-07-28 09:59:36.462562,FARM_001,Tomato,28.0,80.37,39.82,53.94,47.58,35.88,0,HIGH
2026-07-28 10:09:36.462562,FARM_001,Tomato,27.94,80.95,48.18,31.14,16.92,33.39,0,HIGH
2026-07-28 10:19:36.462562,FARM_001,Tomato,18.53,69.72,53.35,0.0,20.83,27.62,0,LOW
2026-07-28 10:29:36.462562,FARM_001,Tomato,29.83,67.92,44.12,9.83,38.1,32.65,0,MEDIUM
2026-07-28 10:39:36.462562,FARM_001,Tomato,18.85,74.91,39.24,45.08,64.14,39.94,0,HIGH
2026-07-28 10:49:36.462562,FARM_001,Tomato,28.82,75.34,44.66,99.21,50.3,32.97,0,HIGH
2026-07-28 10:59:36.462562,FARM_001,Tomato,29.17,62.6,33.66,17.75,31.47,32.99,0,MEDIUM
2026-07-28 11:09:36.462562,FARM_001,Tomato,20.96,64.47,46.72,41.01,4.12,34.38,0,MEDIUM
2026-07-28 11:19:36.462562,FARM_001,Tomato,23.48,59.14,47.31,11.46,35.63,35.12,0,LOW
2026-07-28 11:29:36.462562,FARM_001,Tomato,20.91,70.74,53.55,0.0,39.16,30.61,0,MEDIUM
2026-07-28 11:39:36.462562,FARM_001,Tomato,24.2,72.47,44.01,7.95,29.78,34.5,0,HIGH
2026-07-28 11:49:36.462562,FARM_001,Tomato,23.86,58.96,47.08,0.0,23.88,26.52,0,LOW
2026-07-28 11:59:36.462562,FARM_001,Tomato,27.88,64.95,40.61,67.22,36.61,27.95,0,LOW
2026-07-28 12:09:36.462562,FARM_001,Tomato,29.85,58.97,43.18,0.0,22.73,28.67,0,LOW
2026-07-28 12:19:36.462562,FARM_001,Tomato,30.16,61.98,37.22,20.0,58.19,35.18,0,MEDIUM
2026-07-28 12:29:36.462562,FARM_001,Tomato,22.92,71.69,44.01,0.0,53.71,33.41,0,HIGH
2026-07-28 12:39:36.462562,FARM_001,Tomato,24.23,63.09,43.44,1.88,42.89,31.73,0,LOW
2026-07-28 12:49:36.462562,FARM_001,Tomato,18.77,65.98,46.53,67.89,35.73,36.44,0,MEDIUM
2026-07-28 12:59:36.462562,FARM_001,Tomato,22.02,57.1,41.82,33.57,26.28,34.66,0,LOW
2026-07-28 13:09:36.462562,FARM_001,Tomato,28.57,69.25,45.43,0.0,34.34,30.85,0,MEDIUM
2026-07-28 13:19:36.462562,FARM_001,Tomato,30.98,67.7,43.3,10.49,55.26,26.6,0,MEDIUM
2026-07-28 13:29:36.462562,FARM_001,Tomato,20.43,63.12,43.31,5.35,45.55,27.83,0,LOW
2026-07-28 13:39:36.462562,FARM_001,Tomato,22.81,66.73,45.41,26.43,37.17,24.14,0,LOW
2026-07-28 13:49:36.462562,FARM_001,Tomato,24.9,69.21,45.21,32.75,46.24,33.3,0,MEDIUM
2026-07-28 13:59:36.462562,FARM_001,Tomato,26.04,62.54,48.88,83.05,41.47,27.59,0,LOW
2026-07-28 14:09:36.462562,FARM_001,Tomato,22.0,58.11,44.38,0.0,39.59,29.68,0,LOW
2026-07-28 14:19:36.462562,FARM_001,Tomato,26.57,80.1,43.22,26.68,46.96,31.77,0,HIGH
2026-07-28 14:29:36.462562,FARM_001,Tomato,23.25,63.76,44.08,18.49,41.11,38.45,0,MEDIUM
2026-07-28 14:39:36.462562,FARM_001,Tomato,24.95,67.35,41.36,55.34,45.42,37.79,0,HIGH
2026-07-28 14:49:36.462562,FARM_001,Tomato,27.02,74.77,43.16,38.06,36.63,32.19,0,HIGH
2026-07-28 14:59:36.462562,FARM_001,Tomato,25.02,90.0,55.36,44.94,31.4,39.71,0,HIGH
2026-07-28 15:09:36.462562,FARM_001,Tomato,23.39,59.66,40.35,37.78,27.69,21.03,0,LOW
2026-07-28 15:19:36.462562,FARM_001,Tomato,24.59,71.01,43.58,0.49,26.19,43.2,0,HIGH
2026-07-28 15:29:36.462562,FARM_001,Tomato,24.67,63.26,43.02,63.07,14.37,36.45,0,MEDIUM
2026-07-28 15:39:36.462562,FARM_001,Tomato,23.63,64.39,43.74,51.02,23.11,33.09,0,MEDIUM
2026-07-28 15:49:36.462562,FARM_001,Tomato,24.04,63.17,43.31,54.43,22.75,27.42,0,LOW
2026-07-28 15:59:36.462562,FARM_001,Tomato,30.91,60.46,46.42,64.61,28.21,30.0,0,LOW
2026-07-28 16:09:36.462562,FARM_001,Tomato,27.08,67.72,36.28,39.9,54.28,35.97,0,MEDIUM
2026-07-28 16:19:36.462562,FARM_001,Tomato,23.91,58.12,50.29,70.94,32.61,36.1,0,LOW
2026-07-28 16:29:36.462562,FARM_001,Tomato,27.58,74.34,48.23,38.73,37.65,36.31,0,HIGH
2026-07-28 16:39:36.462562,FARM_001,Tomato,23.76,68.37,38.66,21.3,38.04,28.35,0,MEDIUM
2026-07-28 16:49:36.462562,FARM_001,Tomato,29.34,70.83,33.43,27.51,54.6,27.2,0,MEDIUM
2026-07-28 16:59:36.462562,FARM_001,Tomato,26.37,64.88,40.02,27.0,27.35,33.61,0,MEDIUM
2026-07-28 17:09:36.462562,FARM_001,Tomato,24.6,65.54,43.76,12.53,31.8,36.89,0,MEDIUM
2026-07-28 17:19:36.462562,FARM_001,Tomato,26.66,69.93,58.16,75.35,33.26,32.52,0,MEDIUM
2026-07-28 17:29:36.462562,FARM_001,Tomato,19.19,60.2,47.77,36.35,48.92,40.94,0,MEDIUM
2026-07-28 17:39:36.462562,FARM_001,Tomato,20.83,65.6,35.78,30.47,51.54,32.69,0,MEDIUM
2026-07-28 17:49:36.462562,FARM_001,Tomato,20.58,62.24,41.48,39.04,40.58,32.5,0,LOW
2026-07-28 17:59:36.462562,FARM_001,Tomato,25.53,62.03,44.73,100.0,50.13,36.32,0,MEDIUM
2026-07-28 18:09:36.462562,FARM_001,Tomato,31.41,53.86,46.29,0.0,36.84,39.45,0,LOW
2026-07-28 18:19:36.462562,FARM_001,Tomato,33.26,76.97,38.29,3.02,32.43,24.81,0,HIGH
2026-07-28 18:29:36.462562,FARM_001,Tomato,27.36,63.4,44.31,0.0,49.45,26.13,0,LOW
2026-07-28 18:39:36.462562,FARM_001,Tomato,26.85,75.79,41.34,20.91,40.74,30.71,0,HIGH
2026-07-28 18:49:36.462562,FARM_001,Tomato,18.34,75.16,39.37,34.87,25.33,50.51,0,HIGH
2026-07-28 18:59:36.462562,FARM_001,Tomato,22.99,59.38,46.32,14.11,47.17,31.01,0,LOW
2026-07-28 19:09:36.462562,FARM_001,Tomato,22.09,60.71,48.95,11.94,31.97,31.81,0,LOW
2026-07-28 19:19:36.462562,FARM_001,Tomato,22.7,85.16,49.29,31.86,30.43,36.02,0,HIGH
2026-07-28 19:29:36.462562,FARM_001,Tomato,24.38,79.73,47.93,13.04,45.85,38.07,0,HIGH
2026-07-28 19:39:36.462562,FARM_001,Tomato,23.25,67.79,42.46,36.76,33.48,33.47,0,MEDIUM
2026-07-28 19:49:36.462562,FARM_001,Tomato,18.0,69.72,48.64,60.24,39.5,39.14,0,HIGH
2026-07-28 19:59:36.462562,FARM_001,Tomato,27.77,63.77,46.58,47.47,42.94,25.69,0,LOW
2026-07-28 20:09:36.462562,FARM_001,Tomato,21.03,70.9,45.68,53.43,24.73,28.13,0,MEDIUM
2026-07-28 20:19:36.462562,FARM_001,Tomato,25.89,63.19,41.88,59.41,39.45,39.13,0,MEDIUM
2026-07-28 20:29:36.462562,FARM_001,Tomato,32.67,54.38,42.47,35.96,51.6,32.56,0,LOW
2026-07-28 20:39:36.462562,FARM_001,Tomato,21.6,59.15,45.38,23.07,22.55,25.3,0,LOW
2026-07-28 20:49:36.462562,FARM_001,Tomato,18.0,68.14,57.44,5.15,40.27,24.96,0,LOW
2026-07-28 20:59:36.462562,FARM_001,Tomato,23.94,60.42,46.54,16.28,24.15,27.88,0,LOW
2026-07-28 21:09:36.462562,FARM_001,Tomato,29.07,67.55,41.88,12.41,47.47,32.51,0,MEDIUM
2026-07-28 21:19:36.462562,FARM_001,Tomato,32.25,60.8,40.75,49.06,47.35,35.16,0,MEDIUM
2026-07-28 21:29:36.462562,FARM_001,Tomato,20.45,62.76,42.49,37.83,30.14,30.62,0,LOW
2026-07-28 21:39:36.462562,FARM_001,Tomato,26.84,73.72,56.1,48.05,62.44,34.69,0,HIGH
2026-07-28 21:49:36.462562,FARM_001,Tomato,23.28,69.66,42.96,0.0,48.54,30.01,0,MEDIUM
2026-07-28 21:59:36.462562,FARM_001,Tomato,24.61,67.94,49.63,69.51,43.51,39.48,0,HIGH
2026-07-28 22:09:36.462562,FARM_001,Tomato,34.0,73.89,43.08,15.23,42.8,47.05,0,HIGH
2026-07-28 22:19:36.462562,FARM_001,Tomato,19.44,71.22,46.33,0.0,47.0,30.26,0,MEDIUM
2026-07-28 22:29:36.462562,FARM_001,Tomato,25.94,77.69,49.04,14.87,22.05,35.24,0,HIGH
2026-07-28 22:39:36.462562,FARM_001,Tomato,26.73,64.92,42.08,100.0,37.05,34.77,0,MEDIUM
2026-07-28 22:49:36.462562,FARM_001,Tomato,29.02,65.12,41.73,16.38,39.43,33.29,0,MEDIUM
2026-07-28 22:59:36.462562,FARM_001,Tomato,25.36,59.28,53.46,18.21,29.56,36.22,0,LOW
2026-07-28 23:09:36.462562,FARM_001,Tomato,26.14,65.13,50.02,22.09,40.46,35.23,0,MEDIUM
2026-07-28 23:19:36.462562,FARM_001,Tomato,23.55,74.46,49.03,23.36,50.12,29.81,0,MEDIUM
2026-07-28 23:29:36.462562,FARM_001,Tomato,26.0,76.71,49.02,4.88,29.29,40.0,0,HIGH
2026-07-28 23:39:36.462562,FARM_001,Tomato,23.73,74.43,47.34,31.88,33.91,33.65,0,HIGH
2026-07-28 23:49:36.462562,FARM_001,Tomato,27.3,55.98,55.29,59.11,24.26,30.31,0,LOW
2026-07-28 23:59:36.462562,FARM_001,Tomato,23.63,75.26,45.22,36.88,12.08,46.43,0,HIGH
2026-07-29 00:09:36.462562,FARM_001,Tomato,26.4,55.68,47.94,0.0,44.41,31.84,0,LOW
2026-07-29 00:19:36.462562,FARM_001,Tomato,24.89,74.02,37.6,17.65,34.28,33.95,0,HIGH
2026-07-29 00:29:36.462562,FARM_001,Tomato,29.17,65.54,40.79,11.6,35.2,33.5,0,MEDIUM
2026-07-29 00:39:36.462562,FARM_001,Tomato,24.81,72.71,38.88,29.25,22.17,31.76,0,HIGH
2026-07-29 00:49:36.462562,FARM_001,Tomato,18.44,59.07,51.5,66.55,32.26,35.06,0,LOW
2026-07-29 00:59:36.462562,FARM_001,Tomato,29.67,75.85,31.98,23.35,48.42,27.68,0,HIGH
2026-07-29 01:09:36.462562,FARM_001,Tomato,21.65,58.18,42.95,25.13,34.61,35.9,0,LOW
2026-07-29 01:19:36.462562,FARM_001,Tomato,22.58,63.52,29.73,79.61,34.97,22.48,0,LOW
2026-07-29 01:29:36.462562,FARM_001,Tomato,22.8,61.31,40.76,53.29,37.21,25.1,0,LOW
2026-07-29 01:39:36.462562,FARM_001,Tomato,30.09,56.25,42.5,44.46,19.02,42.91,0,MEDIUM
2026-07-29 01:49:36.462562,FARM_001,Tomato,18.0,68.63,52.06,84.88,42.47,25.34,0,LOW
2026-07-29 01:59:36.462562,FARM_001,Tomato,34.0,80.1,47.02,42.0,18.78,21.33,0,HIGH
2026-07-29 02:09:36.462562,FARM_001,Tomato,28.91,85.87,40.75,0.0,22.76,25.48,0,HIGH
2026-07-29 02:19:36.462562,FARM_001,Tomato,25.83,68.65,50.44,52.01,21.38,42.42,0,HIGH
2026-07-29 02:29:36.462562,FARM_001,Tomato,24.8,75.48,45.09,0.0,32.39,22.29,0,MEDIUM
2026-07-29 02:39:36.462562,FARM_001,Tomato,26.06,69.56,45.19,40.9,30.16,27.05,0,MEDIUM
2026-07-29 02:49:36.462562,FARM_001,Tomato,26.93,71.34,38.87,0.0,34.58,24.19,0,MEDIUM
2026-07-29 02:59:36.462562,FARM_001,Tomato,27.39,65.71,39.95,14.07,23.19,30.94,0,MEDIUM
2026-07-29 03:09:36.462562,FARM_001,Tomato,27.06,69.31,40.79,17.08,47.27,30.01,0,MEDIUM
2026-07-29 03:19:36.462562,FARM_001,Tomato,25.33,71.6,45.24,5.21,45.11,29.76,0,MEDIUM
2026-07-29 03:29:36.462562,FARM_001,Tomato,24.27,64.12,45.4,17.51,32.41,43.08,0,HIGH
2026-07-29 03:39:36.462562,FARM_001,Tomato,24.44,67.48,52.87,57.85,28.57,25.67,0,LOW
2026-07-29 03:49:36.462562,FARM_001,Tomato,24.28,67.61,46.96,6.85,27.3,31.92,0,MEDIUM
2026-07-29 03:59:36.462562,FARM_001,Tomato,29.19,73.54,31.19,43.62,30.69,34.43,0,HIGH
2026-07-29 04:09:36.462562,FARM_001,Tomato,27.2,60.86,46.34,0.0,16.96,26.91,0,LOW
2026-07-29 04:19:36.462562,FARM_001,Tomato,18.0,67.65,37.6,22.17,22.51,35.27,0,MEDIUM
2026-07-29 04:29:36.462562,FARM_001,Tomato,27.43,80.81,40.07,37.16,45.44,30.22,0,HIGH
2026-07-29 04:39:36.462562,FARM_001,Tomato,25.72,75.8,40.86,0.0,38.4,34.63,0,HIGH
2026-07-29 04:49:36.462562,FARM_001,Tomato,24.93,77.04,41.62,0.0,55.19,31.88,0,HIGH
2026-07-29 04:59:36.462562,FARM_001,Tomato,23.56,68.16,37.99,42.06,30.83,20.81,0,LOW
2026-07-29 05:09:36.462562,FARM_001,Tomato,29.16,70.15,46.04,60.49,30.04,39.94,0,HIGH
2026-07-29 05:19:36.462562,FARM_001,Tomato,28.51,74.71,37.8,25.39,29.46,44.3,0,HIGH
2026-07-29 05:29:36.462562,FARM_001,Tomato,22.14,78.45,46.82,14.35,30.58,31.49,0,HIGH
2026-07-29 05:39:36.462562,FARM_001,Tomato,26.51,54.92,56.41,32.25,26.28,27.38,0,LOW
2026-07-29 05:49:36.462562,FARM_001,Tomato,21.4,59.19,38.22,29.32,38.01,41.08,0,MEDIUM
2026-07-29 05:59:36.462562,FARM_001,Tomato,19.9,76.77,43.55,34.79,34.97,43.28,0,HIGH
2026-07-29 06:09:36.462562,FARM_001,Tomato,22.68,66.14,32.13,0.0,28.18,31.54,0,MEDIUM
2026-07-29 06:19:36.462562,FARM_001,Tomato,28.19,63.5,43.47,0.0,50.36,31.25,0,LOW
2026-07-29 06:29:36.462562,FARM_001,Tomato,28.53,59.6,48.28,3.02,58.5,32.04,0,LOW
2026-07-29 06:39:36.462562,FARM_001,Tomato,26.9,64.28,48.68,32.11,49.3,22.96,0,LOW
2026-07-29 06:49:36.462562,FARM_001,Tomato,27.68,58.6,45.39,33.13,41.63,30.84,0,LOW
2026-07-29 06:59:36.462562,FARM_001,Tomato,26.91,82.01,49.54,46.28,44.2,42.28,0,HIGH
2026-07-29 07:09:36.462562,FARM_001,Tomato,22.63,67.85,57.98,35.22,57.99,31.54,0,MEDIUM
2026-07-29 07:19:36.462562,FARM_001,Tomato,26.6,67.61,53.73,0.0,44.18,26.57,0,LOW
2026-07-29 07:29:36.462562,FARM_001,Tomato,27.96,71.94,42.34,69.95,27.23,35.33,0,HIGH
2026-07-29 07:39:36.462562,FARM_001,Tomato,27.79,74.45,37.6,64.84,39.54,28.7,0,HIGH
2026-07-29 07:49:36.462562,FARM_001,Tomato,29.4,74.34,42.93,0.0,42.49,32.12,0,HIGH
2026-07-29 07:59:36.462562,FARM_001,Tomato,27.62,75.19,40.17,37.41,22.07,25.27,0,MEDIUM
2026-07-29 08:09:36.462562,FARM_001,Tomato,26.3,63.77,47.3,10.31,31.01,26.59,0,LOW
2026-07-29 08:19:36.462562,FARM_001,Tomato,28.96,66.0,38.98,31.75,48.46,36.7,0,MEDIUM
2026-07-29 08:29:36.462562,FARM_001,Tomato,24.9,73.15,44.63,58.46,11.62,33.16,0,HIGH
2026-07-29 08:39:36.462562,FARM_001,Tomato,21.74,64.47,49.27,89.9,18.84,28.08,0,LOW
2026-07-29 08:49:36.462562,FARM_001,Tomato,24.4,67.97,44.49,49.64,32.38,33.18,0,MEDIUM
2026-07-29 08:59:36.462562,FARM_001,Tomato,22.24,70.67,40.17,36.31,39.06,29.04,0,MEDIUM
2026-07-29 09:09:36.462562,FARM_001,Tomato,22.5,73.26,50.99,17.78,17.49,28.03,0,MEDIUM
2026-07-29 09:19:36.462562,FARM_001,Tomato,24.47,56.09,35.42,33.02,33.0,39.13,0,LOW
2026-07-29 09:29:36.462562,FARM_001,Tomato,22.07,72.79,43.33,67.41,49.14,36.96,0,HIGH
2026-07-29 09:39:36.462562,FARM_001,Tomato,23.86,66.43,44.79,26.39,35.47,32.38,0,MEDIUM
2026-07-29 09:49:36.462562,FARM_001,Tomato,18.0,72.74,45.08,1.83,46.43,33.32,0,MEDIUM
2026-07-29 09:59:36.462562,FARM_001,Tomato,25.79,73.21,45.92,0.0,27.14,32.45,0,HIGH
2026-07-29 10:09:36.462562,FARM_001,Tomato,25.0,78.77,48.11,42.68,24.4,35.28,0,HIGH
2026-07-29 10:19:36.462562,FARM_001,Tomato,21.98,77.07,44.82,34.92,45.3,27.94,0,HIGH
2026-07-29 10:29:36.462562,FARM_001,Tomato,27.44,77.02,43.12,8.84,39.25,37.42,0,HIGH
2026-07-29 10:39:36.462562,FARM_001,Tomato,28.47,77.67,42.92,57.66,19.66,34.52,0,HIGH
2026-07-29 10:49:36.462562,FARM_001,Tomato,19.05,69.95,41.88,15.38,24.51,31.0,0,MEDIUM
2026-07-29 10:59:36.462562,FARM_001,Tomato,22.18,68.22,49.02,23.77,54.31,29.72,0,MEDIUM
2026-07-29 11:09:36.462562,FARM_001,Tomato,22.15,73.85,41.7,27.21,22.95,37.29,0,HIGH
2026-07-29 11:19:36.462562,FARM_001,Tomato,21.52,72.9,49.32,17.45,46.37,31.64,0,MEDIUM
2026-07-29 11:29:36.462562,FARM_001,Tomato,28.07,65.93,45.1,34.59,28.57,28.52,0,LOW
2026-07-29 11:39:36.462562,FARM_001,Tomato,24.28,70.71,42.34,61.32,34.56,30.31,0,MEDIUM
2026-07-29 11:49:36.462562,FARM_001,Tomato,24.02,67.76,48.15,0.0,38.31,36.88,0,MEDIUM
2026-07-29 11:59:36.462562,FARM_001,Tomato,18.0,62.28,41.29,41.96,8.13,23.32,0,LOW
2026-07-29 12:09:36.462562,FARM_001,Tomato,27.35,76.65,48.25,32.73,16.17,30.47,0,HIGH
2026-07-29 12:19:36.462562,FARM_001,Tomato,20.41,68.37,46.08,32.19,35.69,38.6,0,HIGH
2026-07-29 12:29:36.462562,FARM_001,Tomato,25.22,81.73,41.96,53.16,25.47,31.54,0,HIGH
2026-07-29 12:39:36.462562,FARM_001,Tomato,26.03,57.11,47.7,29.14,47.16,34.06,0,LOW
2026-07-29 12:49:36.462562,FARM_001,Tomato,30.03,64.27,47.79,41.72,14.36,38.69,0,MEDIUM
2026-07-29 12:59:36.462562,FARM_001,Tomato,20.16,68.22,50.9,48.6,41.72,37.59,0,MEDIUM
2026-07-29 13:09:36.462562,FARM_001,Tomato,18.0,75.62,49.93,12.97,17.26,29.99,0,MEDIUM
2026-07-29 13:19:36.462562,FARM_001,Tomato,25.68,70.68,47.51,36.44,30.16,31.76,0,MEDIUM
2026-07-29 13:29:36.462562,FARM_001,Tomato,31.66,70.08,39.25,20.38,21.19,37.66,0,HIGH
2026-07-29 13:39:36.462562,FARM_001,Tomato,29.58,60.45,57.49,23.83,58.57,37.85,0,MEDIUM
2026-07-29 13:49:36.462562,FARM_001,Tomato,25.78,60.25,37.84,18.3,17.72,32.0,0,LOW
2026-07-29 13:59:36.462562,FARM_001,Tomato,23.18,70.16,49.84,41.46,33.06,32.19,0,MEDIUM
2026-07-29 14:09:36.462562,FARM_001,Tomato,27.99,58.86,47.2,30.08,12.84,34.03,0,LOW
2026-07-29 14:19:36.462562,FARM_001,Tomato,21.4,64.44,39.01,39.22,54.75,40.29,0,MEDIUM
2026-07-29 14:29:36.462562,FARM_001,Tomato,26.76,71.36,44.37,27.19,39.66,38.59,0,HIGH
2026-07-29 14:39:36.462562,FARM_001,Tomato,26.87,61.42,44.6,0.0,36.33,36.45,0,MEDIUM
2026-07-29 14:49:36.462562,FARM_001,Tomato,28.92,78.76,51.66,28.62,53.18,26.35,0,HIGH
2026-07-29 14:59:36.462562,FARM_001,Tomato,34.0,76.2,41.36,29.56,36.46,30.93,0,HIGH
2026-07-29 15:09:36.462562,FARM_001,Tomato,26.45,57.47,43.66,34.78,37.37,31.23,0,LOW
2026-07-29 15:19:36.462562,FARM_001,Tomato,23.12,61.75,33.09,10.36,36.26,40.59,0,MEDIUM
2026-07-29 15:29:36.462562,FARM_001,Tomato,24.91,52.69,53.85,0.0,41.7,31.14,0,LOW
2026-07-29 15:39:36.462562,FARM_001,Tomato,18.45,62.76,39.54,45.94,28.4,39.64,0,MEDIUM
2026-07-29 15:49:36.462562,FARM_001,Tomato,22.43,73.13,46.67,19.71,31.9,29.25,0,MEDIUM
2026-07-29 15:59:36.462562,FARM_001,Tomato,23.49,65.23,44.48,32.7,44.81,29.7,0,LOW
2026-07-29 16:09:36.462562,FARM_001,Tomato,23.06,71.09,44.5,19.48,38.09,35.24,0,HIGH
2026-07-29 16:19:36.462562,FARM_001,Tomato,25.56,57.8,49.13,27.52,33.16,41.44,0,MEDIUM
2026-07-29 16:29:36.462562,FARM_001,Tomato,21.96,73.35,53.52,14.58,16.95,31.29,0,MEDIUM
2026-07-29 16:39:36.462562,FARM_001,Tomato,29.15,64.28,46.28,0.0,53.48,17.89,0,LOW
2026-07-29 16:49:36.462562,FARM_001,Tomato,25.0,68.08,48.34,41.53,26.27,23.58,0,LOW
2026-07-29 16:59:36.462562,FARM_001,Tomato,24.97,67.38,46.68,10.09,47.04,34.2,0,MEDIUM
2026-07-29 17:09:36.462562,FARM_001,Tomato,23.79,59.48,50.19,32.49,36.81,24.09,0,LOW
2026-07-29 17:19:36.462562,FARM_001,Tomato,25.57,60.27,42.64,39.69,18.3,27.57,0,LOW
2026-07-29 17:29:36.462562,FARM_001,Tomato,28.05,74.48,50.48,10.57,50.38,32.57,0,HIGH
2026-07-29 17:39:36.462562,FARM_001,Tomato,21.79,70.67,50.66,0.0,37.81,18.54,0,LOW
2026-07-29 17:49:36.462562,FARM_001,Tomato,22.56,75.04,50.52,98.54,51.43,30.34,0,HIGH
2026-07-29 17:59:36.462562,FARM_001,Tomato,23.88,70.18,41.63,12.29,32.3,25.86,0,LOW
2026-07-29 18:09:36.462562,FARM_001,Tomato,20.02,68.96,44.14,45.9,43.47,23.95,0,LOW
2026-07-29 18:19:36.462562,FARM_001,Tomato,21.97,56.44,46.22,84.33,12.39,27.93,0,LOW
2026-07-29 18:29:36.462562,FARM_001,Tomato,23.24,66.19,38.01,50.77,28.3,26.41,0,LOW
2026-07-29 18:39:36.462562,FARM_001,Tomato,28.24,67.82,53.13,18.93,18.56,35.18,0,MEDIUM
2026-07-29 18:49:36.462562,FARM_001,Tomato,25.97,81.09,44.94,25.74,29.88,39.32,0,HIGH
2026-07-29 18:59:36.462562,FARM_001,Tomato,25.72,72.6,46.45,3.39,40.54,30.42,0,MEDIUM
2026-07-29 19:09:36.462562,FARM_001,Tomato,28.15,78.29,42.06,53.45,26.98,29.1,0,HIGH
2026-07-29 19:19:36.462562,FARM_001,Tomato,24.49,72.0,38.23,44.24,45.48,30.14,0,MEDIUM
2026-07-29 19:29:36.462562,FARM_001,Tomato,26.44,63.23,41.92,12.68,23.81,26.18,0,LOW
2026-07-29 19:39:36.462562,FARM_001,Tomato,24.62,68.78,46.12,0.0,45.75,25.15,0,LOW
2026-07-29 19:49:36.462562,FARM_001,Tomato,25.98,69.58,48.43,0.0,51.1,23.12,0,LOW
2026-07-29 19:59:36.462562,FARM_001,Tomato,22.84,61.71,45.83,56.51,47.37,24.92,0,LOW
2026-07-29 20:09:36.462562,FARM_001,Tomato,18.0,65.42,46.77,31.21,30.26,41.8,0,MEDIUM
2026-07-29 20:19:36.462562,FARM_001,Tomato,24.5,66.62,43.28,33.98,7.82,28.56,0,LOW
2026-07-29 20:29:36.462562,FARM_001,Tomato,30.26,78.76,47.53,3.67,41.94,15.73,0,MEDIUM
2026-07-29 20:39:36.462562,FARM_001,Tomato,28.43,54.06,52.56,0.0,33.02,29.15,0,LOW
2026-07-29 20:49:36.462562,FARM_001,Tomato,28.57,76.08,48.59,55.81,22.27,23.43,0,MEDIUM
2026-07-29 20:59:36.462562,FARM_001,Tomato,29.57,61.72,49.13,28.93,27.59,32.84,0,LOW
2026-07-29 21:09:36.462562,FARM_001,Tomato,25.33,58.81,46.5,54.19,52.67,32.22,0,LOW
2026-07-29 21:19:36.462562,FARM_001,Tomato,25.73,75.91,37.33,16.43,20.27,32.82,0,HIGH
2026-07-29 21:29:36.462562,FARM_001,Tomato,22.71,72.9,39.67,20.78,40.5,32.27,0,HIGH
2026-07-29 21:39:36.462562,FARM_001,Tomato,23.83,76.41,47.32,48.53,37.35,30.38,0,HIGH
2026-07-29 21:49:36.462562,FARM_001,Tomato,27.28,73.36,44.94,49.08,30.1,24.2,0,MEDIUM
2026-07-29 21:59:36.462562,FARM_001,Tomato,29.45,81.8,47.24,50.99,42.72,32.07,0,HIGH
2026-07-29 22:09:36.462562,FARM_001,Tomato,24.48,71.74,53.55,19.08,55.17,38.31,0,HIGH
2026-07-29 22:19:36.462562,FARM_001,Tomato,23.33,66.95,48.7,45.64,30.87,42.84,0,HIGH
2026-07-29 22:29:36.462562,FARM_001,Tomato,25.0,70.3,51.42,60.09,31.54,31.14,0,MEDIUM
2026-07-29 22:39:36.462562,FARM_001,Tomato,27.22,76.33,45.48,24.64,42.44,31.76,0,HIGH
2026-07-29 22:49:36.462562,FARM_001,Tomato,19.66,62.78,40.88,12.71,46.17,35.35,0,LOW
2026-07-29 22:59:36.462562,FARM_001,Tomato,18.0,63.63,44.7,66.91,32.99,41.01,0,MEDIUM
2026-07-29 23:09:36.462562,FARM_001,Tomato,22.96,65.93,40.9,8.59,30.75,29.73,0,LOW
2026-07-29 23:19:36.462562,FARM_001,Tomato,20.48,53.9,52.95,46.08,6.66,36.45,0,LOW
2026-07-29 23:29:36.462562,FARM_001,Tomato,23.12,68.93,49.03,25.99,24.8,27.81,0,MEDIUM
2026-07-29 23:39:36.462562,FARM_001,Tomato,24.45,55.36,47.65,0.0,20.24,34.38,0,LOW
2026-07-29 23:49:36.462562,FARM_001,Tomato,23.32,68.36,51.3,60.65,43.23,38.03,0,HIGH
2026-07-29 23:59:36.462562,FARM_001,Tomato,30.37,73.8,34.7,0.0,31.53,25.14,0,MEDIUM
2026-07-30 00:09:36.462562,FARM_001,Tomato,26.21,64.8,48.0,0.0,31.03,29.51,0,LOW
2026-07-30 00:19:36.462562,FARM_001,Tomato,26.11,79.24,38.32,43.1,34.49,37.94,0,HIGH
2026-07-30 00:29:36.462562,FARM_001,Tomato,27.3,58.21,44.96,43.09,23.64,36.01,0,LOW
2026-07-30 00:39:36.462562,FARM_001,Tomato,20.79,75.98,43.41,9.08,54.17,38.4,0,HIGH
2026-07-30 00:49:36.462562,FARM_001,Tomato,28.84,72.52,48.37,32.02,50.96,37.34,0,HIGH
2026-07-30 00:59:36.462562,FARM_001,Tomato,24.72,56.5,46.16,0.0,54.99,30.56,0,LOW
2026-07-30 01:09:36.462562,FARM_001,Tomato,27.48,86.16,51.86,48.34,43.21,45.04,0,HIGH
2026-07-30 01:19:36.462562,FARM_001,Tomato,21.03,67.57,41.93,34.99,34.23,33.28,0,MEDIUM
2026-07-30 01:29:36.462562,FARM_001,Tomato,19.25,62.12,48.62,26.37,54.95,15.08,0,LOW
2026-07-30 01:39:36.462562,FARM_001,Tomato,28.03,58.57,45.83,28.31,26.02,30.89,0,LOW
2026-07-30 01:49:36.462562,FARM_001,Tomato,26.39,66.53,36.66,42.1,23.62,29.83,0,MEDIUM
2026-07-30 01:59:36.462562,FARM_001,Tomato,21.66,67.15,40.32,26.86,27.02,37.03,0,MEDIUM
2026-07-30 02:09:36.462562,FARM_001,Tomato,21.78,68.69,44.24,0.0,41.19,29.93,0,MEDIUM
2026-07-30 02:19:36.462562,FARM_001,Tomato,29.16,66.0,50.67,91.83,25.0,38.76,0,HIGH
2026-07-30 02:29:36.462562,FARM_001,Tomato,20.6,72.24,47.36,62.76,32.64,35.68,0,HIGH
2026-07-30 02:39:36.462562,FARM_001,Tomato,31.08,65.4,39.05,0.0,14.42,26.8,0,LOW
2026-07-30 02:49:36.462562,FARM_001,Tomato,21.67,55.04,44.28,17.62,40.66,31.7,0,LOW
2026-07-30 02:59:36.462562,FARM_001,Tomato,27.36,67.0,55.29,20.81,15.48,28.08,0,LOW
2026-07-30 03:09:36.462562,FARM_001,Tomato,23.78,52.14,45.57,59.2,22.85,33.55,0,LOW
2026-07-30 03:19:36.462562,FARM_001,Tomato,27.23,70.37,43.33,0.0,49.94,28.05,0,MEDIUM
2026-07-30 03:29:36.462562,FARM_001,Tomato,22.99,61.44,47.51,13.13,49.47,32.92,0,LOW
2026-07-30 03:39:36.462562,FARM_001,Tomato,24.4,69.09,48.89,0.0,39.32,30.95,0,MEDIUM
2026-07-30 03:49:36.462562,FARM_001,Tomato,25.15,76.8,42.67,19.38,38.07,31.63,0,HIGH
2026-07-30 03:59:36.462562,FARM_001,Tomato,21.29,61.64,47.56,13.9,27.91,44.19,0,MEDIUM
2026-07-30 04:09:36.462562,FARM_001,Tomato,27.74,75.11,43.32,30.03,24.86,30.45,0,HIGH
2026-07-30 04:19:36.462562,FARM_001,Tomato,23.1,65.1,48.67,10.04,30.04,21.47,0,LOW
2026-07-30 04:29:36.462562,FARM_001,Tomato,24.15,79.75,45.87,5.77,15.53,38.29,0,HIGH
2026-07-30 04:39:36.462562,FARM_001,Tomato,21.32,65.55,47.46,45.79,37.78,38.25,0,MEDIUM
2026-07-30 04:49:36.462562,FARM_001,Tomato,18.0,62.37,41.13,40.98,35.22,21.22,0,LOW
2026-07-30 04:59:36.462562,FARM_001,Tomato,24.29,72.6,40.81,43.8,22.84,28.5,0,MEDIUM
2026-07-30 05:09:36.462562,FARM_001,Tomato,33.93,65.08,49.82,22.53,54.37,34.98,0,MEDIUM
2026-07-30 05:19:36.462562,FARM_001,Tomato,27.9,62.36,44.6,11.01,42.25,35.49,0,MEDIUM
2026-07-30 05:29:36.462562,FARM_001,Tomato,24.93,64.8,46.45,24.23,43.32,32.47,0,MEDIUM
2026-07-30 05:39:36.462562,FARM_001,Tomato,24.03,67.7,43.44,42.33,28.46,32.6,0,MEDIUM
2026-07-30 05:49:36.462562,FARM_001,Tomato,25.08,76.99,49.58,0.0,34.58,27.15,0,HIGH
2026-07-30 05:59:36.462562,FARM_001,Tomato,27.02,55.04,41.9,39.21,42.5,18.82,0,LOW
2026-07-30 06:09:36.462562,FARM_001,Tomato,20.63,68.15,44.31,36.73,36.53,44.18,0,HIGH
2026-07-30 06:19:36.462562,FARM_001,Tomato,29.12,72.19,49.01,29.51,54.78,26.98,0,MEDIUM
2026-07-30 06:29:36.462562,FARM_001,Tomato,27.65,69.3,50.98,23.34,32.03,33.51,0,MEDIUM
2026-07-30 06:39:36.462562,FARM_001,Tomato,27.66,76.78,42.33,0.0,28.24,31.59,0,HIGH
2026-07-30 06:49:36.462562,FARM_001,Tomato,26.62,67.5,54.99,14.86,42.59,37.61,0,HIGH
2026-07-30 06:59:36.462562,FARM_001,Tomato,25.07,66.76,46.6,79.95,18.67,33.15,0,MEDIUM
2026-07-30 07:09:36.462562,FARM_001,Tomato,27.49,71.97,39.68,28.08,46.25,33.37,0,HIGH
2026-07-30 07:19:36.462562,FARM_001,Tomato,27.19,68.67,46.88,18.73,18.21,17.48,0,LOW
2026-07-30 07:29:36.462562,FARM_001,Tomato,23.69,65.38,43.05,28.19,42.65,27.75,0,LOW
2026-07-30 07:39:36.462562,FARM_001,Tomato,22.88,71.46,47.21,38.06,26.43,36.74,0,HIGH
2026-07-30 07:49:36.462562,FARM_001,Tomato,25.38,63.63,44.78,46.94,40.6,36.23,0,MEDIUM
2026-07-30 07:59:36.462562,FARM_001,Tomato,30.73,63.91,45.38,21.02,46.03,27.08,0,LOW
2026-07-30 08:09:36.462562,FARM_001,Tomato,20.42,64.46,40.35,40.11,36.53,23.51,0,LOW
2026-07-30 08:19:36.462562,FARM_001,Tomato,19.57,77.07,50.05,76.66,19.48,33.22,0,HIGH
2026-07-30 08:29:36.462562,FARM_001,Tomato,25.61,46.42,39.1,57.08,23.3,15.93,0,LOW
2026-07-30 08:39:36.462562,FARM_001,Tomato,25.19,70.65,39.35,96.04,25.42,25.95,0,MEDIUM
2026-07-30 08:49:36.462562,FARM_001,Tomato,25.64,68.23,46.87,8.52,10.72,42.53,0,HIGH
2026-07-30 08:59:36.462562,FARM_001,Tomato,25.9,56.74,53.17,76.64,48.81,40.74,0,MEDIUM
2026-07-30 09:09:36.462562,FARM_001,Tomato,24.17,70.08,43.2,4.61,35.99,35.28,0,HIGH
2026-07-30 09:19:36.462562,FARM_001,Tomato,30.51,71.19,48.57,38.02,20.29,34.25,0,HIGH
2026-07-30 09:29:36.462562,FARM_001,Tomato,19.08,71.95,50.47,49.09,52.94,21.38,0,LOW
2026-07-30 09:39:36.462562,FARM_001,Tomato,21.93,50.23,49.15,12.79,25.76,28.28,0,LOW
2026-07-30 09:49:36.462562,FARM_001,Tomato,24.62,77.15,43.41,30.27,37.76,30.82,0,HIGH
2026-07-30 09:59:36.462562,FARM_001,Tomato,18.92,63.06,39.44,54.29,24.2,28.4,0,LOW
2026-07-30 10:09:36.462562,FARM_001,Tomato,24.35,72.6,33.74,6.96,9.17,30.5,1,MEDIUM
2026-07-30 10:19:36.462562,FARM_001,Tomato,31.15,72.97,43.66,76.45,17.41,39.91,0,HIGH
2026-07-30 10:29:36.462562,FARM_001,Tomato,25.08,62.13,51.01,0.0,28.95,29.41,0,LOW
2026-07-30 10:39:36.462562,FARM_001,Tomato,25.85,72.43,39.27,84.34,45.92,30.56,0,MEDIUM
2026-07-30 10:49:36.462562,FARM_001,Tomato,20.34,65.42,48.57,56.94,38.97,36.72,0,MEDIUM
2026-07-30 10:59:36.462562,FARM_001,Tomato,22.72,54.12,40.15,25.08,36.37,24.41,0,LOW
2026-07-30 11:09:36.462562,FARM_001,Tomato,23.61,75.82,45.54,15.94,9.27,27.71,0,MEDIUM
2026-07-30 11:19:36.462562,FARM_001,Tomato,23.82,62.81,48.61,12.89,50.6,28.29,0,LOW
2026-07-30 11:29:36.462562,FARM_001,Tomato,29.74,62.27,41.64,23.73,37.42,32.82,0,MEDIUM
2026-07-30 11:39:36.462562,FARM_001,Tomato,27.06,65.3,45.87,26.28,33.1,30.53,0,MEDIUM
2026-07-30 11:49:36.462562,FARM_001,Tomato,20.89,69.82,42.88,64.35,48.87,30.71,0,MEDIUM
2026-07-30 11:59:36.462562,FARM_001,Tomato,25.91,67.62,48.6,85.18,50.32,28.71,0,MEDIUM
2026-07-30 12:09:36.462562,FARM_001,Tomato,26.84,71.67,46.2,33.52,49.15,26.4,0,MEDIUM
2026-07-30 12:19:36.462562,FARM_001,Tomato,29.22,59.03,45.29,3.01,31.49,35.97,0,LOW
2026-07-30 12:29:36.462562,FARM_001,Tomato,30.85,63.03,52.95,11.76,21.96,30.57,0,LOW
2026-07-30 12:39:36.462562,FARM_001,Tomato,21.24,67.22,48.38,22.35,47.06,36.03,0,MEDIUM
2026-07-30 12:49:36.462562,FARM_001,Tomato,22.0,80.72,41.48,0.0,17.4,26.16,0,HIGH
2026-07-30 12:59:36.462562,FARM_001,Tomato,20.35,67.24,44.56,0.0,59.14,28.71,0,LOW
2026-07-30 13:09:36.462562,FARM_001,Tomato,24.13,75.27,44.61,88.94,34.95,31.24,0,HIGH
2026-07-30 13:19:36.462562,FARM_001,Tomato,26.73,68.26,45.41,36.54,21.23,31.77,0,MEDIUM
2026-07-30 13:29:36.462562,FARM_001,Tomato,28.65,64.76,57.87,3.37,19.08,36.8,0,MEDIUM
2026-07-30 13:39:36.462562,FARM_001,Tomato,24.72,66.35,46.89,51.54,18.5,30.05,0,MEDIUM
2026-07-30 13:49:36.462562,FARM_001,Tomato,23.82,66.87,34.62,0.0,36.37,36.76,0,MEDIUM
2026-07-30 13:59:36.462562,FARM_001,Tomato,25.56,72.04,42.23,0.0,34.52,34.64,0,HIGH
2026-07-30 14:09:36.462562,FARM_001,Tomato,21.91,77.21,35.14,4.25,19.03,31.89,0,HIGH
2026-07-30 14:19:36.462562,FARM_001,Tomato,32.73,70.41,43.32,76.01,30.11,27.08,0,MEDIUM
2026-07-30 14:29:36.462562,FARM_001,Tomato,19.05,75.95,34.86,20.32,17.36,36.81,0,HIGH
2026-07-30 14:39:36.462562,FARM_001,Tomato,25.68,61.54,40.55,0.0,42.03,27.22,0,LOW
2026-07-30 14:49:36.462562,FARM_001,Tomato,32.49,65.22,37.24,63.03,33.91,32.38,0,MEDIUM
2026-07-30 14:59:36.462562,FARM_001,Tomato,25.03,63.15,46.96,18.75,29.83,32.19,0,LOW
2026-07-30 15:09:36.462562,FARM_001,Tomato,24.3,70.11,45.0,0.0,18.37,31.32,0,MEDIUM
2026-07-30 15:19:36.462562,FARM_001,Tomato,23.68,65.59,46.55,18.45,30.82,30.28,0,LOW
2026-07-30 15:29:36.462562,FARM_001,Tomato,24.33,72.89,44.47,42.91,29.37,27.81,0,MEDIUM
2026-07-30 15:39:36.462562,FARM_001,Tomato,30.08,61.76,37.89,39.5,38.6,23.28,0,LOW
2026-07-30 15:49:36.462562,FARM_001,Tomato,18.0,68.29,47.62,80.21,36.7,40.5,0,HIGH
2026-07-30 15:59:36.462562,FARM_001,Tomato,30.67,72.6,54.8,2.8,44.58,29.7,0,HIGH
2026-07-30 16:09:36.462562,FARM_001,Tomato,19.73,54.16,47.09,29.06,28.49,31.77,0,LOW
2026-07-30 16:19:36.462562,FARM_001,Tomato,24.01,82.21,42.83,7.27,11.16,31.73,0,HIGH
2026-07-30 16:29:36.462562,FARM_001,Tomato,23.41,66.1,37.72,0.0,47.09,38.74,0,MEDIUM
2026-07-30 16:39:36.462562,FARM_001,Tomato,27.18,54.43,40.37,53.56,22.81,43.52,0,MEDIUM
2026-07-30 16:49:36.462562,FARM_001,Tomato,19.09,69.06,47.31,41.23,20.65,33.41,0,MEDIUM
2026-07-30 16:59:36.462562,FARM_001,Tomato,26.71,68.22,50.47,35.98,34.06,31.61,0,MEDIUM
2026-07-30 17:09:36.462562,FARM_001,Tomato,32.49,67.45,46.33,40.16,38.41,26.1,0,MEDIUM
2026-07-30 17:19:36.462562,FARM_001,Tomato,19.96,74.64,49.08,7.68,27.91,24.27,0,MEDIUM
2026-07-30 17:29:36.462562,FARM_001,Tomato,25.7,73.01,48.61,0.0,27.81,22.39,0,MEDIUM
2026-07-30 17:39:36.462562,FARM_001,Tomato,22.55,70.0,47.58,28.8,29.67,27.96,0,MEDIUM
2026-07-30 17:49:36.462562,FARM_001,Tomato,26.58,71.02,41.64,61.61,52.45,20.58,0,LOW
2026-07-30 17:59:36.462562,FARM_001,Tomato,25.07,67.3,45.89,74.66,34.57,38.65,0,HIGH
2026-07-30 18:09:36.462562,FARM_001,Tomato,22.63,79.9,40.67,50.93,22.4,34.91,0,HIGH
2026-07-30 18:19:36.462562,FARM_001,Tomato,26.81,58.09,45.09,28.55,22.53,31.07,0,LOW
2026-07-30 18:29:36.462562,FARM_001,Tomato,31.68,68.94,46.69,35.58,31.44,38.82,0,HIGH
2026-07-30 18:39:36.462562,FARM_001,Tomato,24.29,68.44,53.56,28.04,37.6,26.39,0,LOW
2026-07-30 18:49:36.462562,FARM_001,Tomato,27.66,73.45,38.32,0.0,40.7,27.83,0,MEDIUM
2026-07-30 18:59:36.462562,FARM_001,Tomato,20.21,62.35,47.46,28.42,36.16,21.48,0,LOW
2026-07-30 19:09:36.462562,FARM_001,Tomato,21.46,56.32,52.55,0.0,23.99,36.91,0,LOW
2026-07-30 19:19:36.462562,FARM_001,Tomato,26.75,69.05,48.87,24.08,29.26,27.88,0,MEDIUM
2026-07-30 19:29:36.462562,FARM_001,Tomato,30.49,69.88,49.25,75.47,43.85,32.59,0,HIGH
2026-07-30 19:39:36.462562,FARM_001,Tomato,26.32,77.98,48.0,51.73,20.16,38.21,0,HIGH
2026-07-30 19:49:36.462562,FARM_001,Tomato,23.84,59.49,51.62,0.74,28.73,40.31,0,MEDIUM
2026-07-30 19:59:36.462562,FARM_001,Tomato,25.0,75.74,39.45,25.59,42.13,32.33,0,HIGH
2026-07-30 20:09:36.462562,FARM_001,Tomato,20.37,83.86,37.93,3.34,45.63,34.69,0,HIGH
2026-07-30 20:19:36.462562,FARM_001,Tomato,27.24,65.47,44.97,25.87,32.17,27.35,0,LOW
2026-07-30 20:29:36.462562,FARM_001,Tomato,28.26,59.35,33.98,58.1,29.42,42.1,0,MEDIUM
2026-07-30 20:39:36.462562,FARM_001,Tomato,23.33,65.27,51.28,46.77,17.94,31.55,0,LOW
2026-07-30 20:49:36.462562,FARM_001,Tomato,23.26,68.09,51.23,100.0,41.22,32.96,0,MEDIUM
2026-07-30 20:59:36.462562,FARM_001,Tomato,25.98,71.78,42.79,62.52,51.22,30.18,0,MEDIUM
2026-07-30 21:09:36.462562,FARM_001,Tomato,23.38,64.04,43.11,33.66,66.92,39.34,0,MEDIUM
2026-07-30 21:19:36.462562,FARM_001,Tomato,24.76,78.42,44.63,47.47,39.47,33.64,0,HIGH
2026-07-30 21:29:36.462562,FARM_001,Tomato,32.77,60.53,45.27,21.79,33.96,36.84,0,MEDIUM
2026-07-30 21:39:36.462562,FARM_001,Tomato,24.09,56.35,45.65,0.0,23.01,34.52,0,LOW
2026-07-30 21:49:36.462562,FARM_001,Tomato,23.67,75.41,47.85,65.83,10.93,31.24,0,HIGH
2026-07-30 21:59:36.462562,FARM_001,Tomato,22.6,52.76,44.12,57.16,36.83,37.8,0,LOW
2026-07-30 22:09:36.462562,FARM_001,Tomato,27.75,66.63,49.81,20.66,64.21,34.47,0,MEDIUM
2026-07-30 22:19:36.462562,FARM_001,Tomato,24.33,88.89,47.27,35.7,50.61,27.02,0,HIGH
2026-07-30 22:29:36.462562,FARM_001,Tomato,22.6,67.92,41.9,63.94,48.67,26.86,0,LOW
2026-07-30 22:39:36.462562,FARM_001,Tomato,29.89,60.49,51.81,52.41,37.69,33.35,0,LOW
2026-07-30 22:49:36.462562,FARM_001,Tomato,30.25,67.62,38.07,0.0,39.13,37.67,0,HIGH
2026-07-30 22:59:36.462562,FARM_001,Tomato,22.78,67.66,44.53,34.81,4.06,41.84,0,HIGH
2026-07-30 23:09:36.462562,FARM_001,Tomato,18.09,69.08,49.93,22.81,44.21,22.37,0,LOW
2026-07-30 23:19:36.462562,FARM_001,Tomato,28.73,72.44,41.31,60.2,27.3,32.65,0,HIGH
2026-07-30 23:29:36.462562,FARM_001,Tomato,22.47,61.04,46.58,57.81,25.76,35.29,0,LOW
2026-07-30 23:39:36.462562,FARM_001,Tomato,27.93,79.31,47.77,66.2,30.53,34.19,0,HIGH
2026-07-30 23:49:36.462562,FARM_001,Tomato,18.0,69.64,40.61,0.0,30.1,38.25,0,HIGH
2026-07-30 23:59:36.462562,FARM_001,Tomato,28.3,72.87,44.63,4.8,25.56,36.24,0,HIGH
2026-07-31 00:09:36.462562,FARM_001,Tomato,20.52,63.79,44.2,60.23,34.77,26.88,0,LOW
2026-07-31 00:19:36.462562,FARM_001,Tomato,27.7,76.62,42.19,10.42,27.57,26.72,0,HIGH
2026-07-31 00:29:36.462562,FARM_001,Tomato,25.05,66.28,56.74,0.0,35.86,34.28,0,MEDIUM
2026-07-31 00:39:36.462562,FARM_001,Tomato,21.47,69.86,41.11,43.25,15.86,38.15,0,HIGH
2026-07-31 00:49:36.462562,FARM_001,Tomato,23.49,61.75,50.13,11.72,31.9,33.32,0,LOW
2026-07-31 00:59:36.462562,FARM_001,Tomato,27.54,61.32,43.0,79.96,20.79,23.51,0,LOW
2026-07-31 01:09:36.462562,FARM_001,Tomato,25.39,72.61,39.46,36.35,26.52,26.53,0,MEDIUM
2026-07-31 01:19:36.462562,FARM_001,Tomato,27.16,65.03,45.52,32.38,36.41,36.44,0,MEDIUM
2026-07-31 01:29:36.462562,FARM_001,Tomato,32.31,62.28,48.31,16.92,14.39,30.51,0,LOW
2026-07-31 01:39:36.462562,FARM_001,Tomato,19.21,63.69,49.69,74.15,24.24,33.17,0,LOW
2026-07-31 01:49:36.462562,FARM_001,Tomato,30.98,72.68,52.97,38.17,41.77,38.57,0,HIGH
2026-07-31 01:59:36.462562,FARM_001,Tomato,25.39,63.79,60.0,15.77,16.79,25.65,0,LOW
2026-07-31 02:09:36.462562,FARM_001,Tomato,21.67,67.21,46.28,4.51,57.0,30.14,0,MEDIUM
2026-07-31 02:19:36.462562,FARM_001,Tomato,20.08,68.1,41.62,25.55,49.78,29.52,0,LOW
2026-07-31 02:29:36.462562,FARM_001,Tomato,24.3,55.15,47.31,0.0,28.37,34.53,0,LOW
2026-07-31 02:39:36.462562,FARM_001,Tomato,28.41,58.14,43.64,57.74,24.68,36.91,0,LOW
2026-07-31 02:49:36.462562,FARM_001,Tomato,24.53,70.25,49.72,0.0,37.14,24.06,0,LOW
2026-07-31 02:59:36.462562,FARM_001,Tomato,30.59,63.06,38.38,23.63,16.36,32.47,0,MEDIUM
2026-07-31 03:09:36.462562,FARM_001,Tomato,19.63,75.08,57.08,45.52,9.37,37.46,0,HIGH
2026-07-31 03:19:36.462562,FARM_001,Tomato,24.96,74.48,49.37,37.69,28.81,21.93,0,MEDIUM
2026-07-31 03:29:36.462562,FARM_001,Tomato,20.37,72.82,36.41,6.76,32.91,32.13,0,MEDIUM
2026-07-31 03:39:36.462562,FARM_001,Tomato,26.35,80.19,41.38,46.98,35.79,25.57,0,HIGH
2026-07-31 03:49:36.462562,FARM_001,Tomato,28.28,67.44,49.16,1.83,26.85,28.84,0,MEDIUM
2026-07-31 03:59:36.462562,FARM_001,Tomato,23.44,72.35,51.0,27.05,50.65,18.22,0,LOW
2026-07-31 04:09:36.462562,FARM_001,Tomato,18.0,64.08,38.51,46.73,15.76,40.44,0,MEDIUM
2026-07-31 04:19:36.462562,FARM_001,Tomato,25.74,84.43,48.64,41.22,20.26,30.47,0,HIGH
2026-07-31 04:29:36.462562,FARM_001,Tomato,26.62,81.29,35.07,7.99,40.73,27.9,0,HIGH
2026-07-31 04:39:36.462562,FARM_001,Tomato,26.5,68.08,44.54,62.67,19.96,34.37,0,MEDIUM
2026-07-31 04:49:36.462562,FARM_001,Tomato,29.57,70.59,50.67,30.23,19.48,26.56,0,MEDIUM
2026-07-31 04:59:36.462562,FARM_001,Tomato,21.04,77.11,42.19,49.4,36.15,26.02,0,MEDIUM
2026-07-31 05:09:36.462562,FARM_001,Tomato,27.52,67.01,37.31,72.35,21.33,41.11,0,HIGH
2026-07-31 05:19:36.462562,FARM_001,Tomato,29.41,63.6,45.75,60.33,32.92,42.81,0,HIGH
2026-07-31 05:29:36.462562,FARM_001,Tomato,18.42,73.86,41.92,60.41,25.78,29.13,0,MEDIUM
2026-07-31 05:39:36.462562,FARM_001,Tomato,26.18,68.53,48.21,33.33,23.74,38.58,0,HIGH
2026-07-31 05:49:36.462562,FARM_001,Tomato,23.13,69.23,40.48,50.88,8.11,34.53,0,MEDIUM
2026-07-31 05:59:36.462562,FARM_001,Tomato,24.7,62.41,41.06,33.94,36.36,24.44,0,LOW
2026-07-31 06:09:36.462562,FARM_001,Tomato,26.29,56.49,34.69,0.0,18.89,27.21,0,LOW
2026-07-31 06:19:36.462562,FARM_001,Tomato,23.2,69.58,45.87,36.54,32.48,41.34,0,HIGH
2026-07-31 06:29:36.462562,FARM_001,Tomato,22.5,74.06,44.18,35.19,28.15,24.37,0,MEDIUM
2026-07-31 06:39:36.462562,FARM_001,Tomato,25.13,66.49,38.94,44.74,32.0,45.5,0,HIGH
2026-07-31 06:49:36.462562,FARM_001,Tomato,20.98,77.62,45.99,23.96,32.71,29.24,0,HIGH
2026-07-31 06:59:36.462562,FARM_001,Tomato,20.98,63.28,50.24,5.47,37.04,41.51,0,MEDIUM
2026-07-31 07:09:36.462562,FARM_001,Tomato,27.51,60.93,43.9,46.87,25.43,30.76,0,LOW
2026-07-31 07:19:36.462562,FARM_001,Tomato,20.75,67.55,46.37,0.0,50.26,37.06,0,MEDIUM
2026-07-31 07:29:36.462562,FARM_001,Tomato,27.47,67.45,46.39,70.3,11.32,40.45,0,HIGH
2026-07-31 07:39:36.462562,FARM_001,Tomato,26.71,73.16,38.86,20.94,31.74,40.42,0,HIGH
2026-07-31 07:49:36.462562,FARM_001,Tomato,18.61,62.81,55.49,34.87,45.14,29.17,0,LOW
2026-07-31 07:59:36.462562,FARM_001,Tomato,22.49,77.17,42.6,44.01,40.61,27.61,0,HIGH
2026-07-31 08:09:36.462562,FARM_001,Tomato,29.42,81.18,48.35,44.95,22.32,32.04,0,HIGH
2026-07-31 08:19:36.462562,FARM_001,Tomato,21.37,67.74,48.92,0.0,24.42,25.09,0,LOW
2026-07-31 08:29:36.462562,FARM_001,Tomato,23.28,76.37,44.29,51.76,21.91,33.86,0,HIGH
2026-07-31 08:39:36.462562,FARM_001,Tomato,26.71,60.92,48.09,36.55,42.15,27.82,0,LOW
2026-07-31 08:49:36.462562,FARM_001,Tomato,27.9,75.2,46.25,9.15,25.28,38.67,0,HIGH
2026-07-31 08:59:36.462562,FARM_001,Tomato,24.07,75.02,37.77,5.81,37.81,29.25,0,HIGH
2026-07-31 09:09:36.462562,FARM_001,Tomato,22.79,73.79,43.31,17.95,37.93,22.57,0,MEDIUM
2026-07-31 09:19:36.462562,FARM_001,Tomato,30.26,67.9,41.88,0.0,64.44,40.49,0,HIGH
2026-07-31 09:29:36.462562,FARM_001,Tomato,31.43,48.21,42.65,77.99,38.55,33.55,0,LOW
2026-07-31 09:39:36.462562,FARM_001,Tomato,28.62,63.7,38.35,71.1,24.38,32.67,0,MEDIUM
2026-07-31 09:49:36.462562,FARM_001,Tomato,25.32,63.81,50.74,40.89,16.2,38.74,0,MEDIUM
2026-07-31 09:59:36.462562,FARM_001,Tomato,22.01,61.45,53.17,21.18,31.12,37.47,0,MEDIUM
2026-07-31 10:09:36.462562,FARM_001,Tomato,21.93,68.82,49.99,21.94,33.1,28.16,0,LOW
2026-07-31 10:19:36.462562,FARM_001,Tomato,26.93,65.19,51.48,49.84,6.75,29.94,0,LOW
2026-07-31 10:29:36.462562,FARM_001,Tomato,26.55,62.48,43.24,79.03,25.61,26.16,0,LOW
2026-07-31 10:39:36.462562,FARM_001,Tomato,30.19,60.91,41.76,11.04,38.35,24.15,0,LOW
2026-07-31 10:49:36.462562,FARM_001,Tomato,27.41,63.21,41.03,0.0,27.89,35.8,0,MEDIUM
2026-07-31 10:59:36.462562,FARM_001,Tomato,19.44,75.51,48.28,72.89,46.8,34.74,0,HIGH
2026-07-31 11:09:36.462562,FARM_001,Tomato,28.89,63.57,46.16,0.0,14.96,36.84,0,MEDIUM
2026-07-31 11:19:36.462562,FARM_001,Tomato,21.31,64.55,44.61,0.0,43.13,39.81,0,MEDIUM
2026-07-31 11:29:36.462562,FARM_001,Tomato,23.58,64.94,51.61,20.49,46.12,36.91,0,MEDIUM
2026-07-31 11:39:36.462562,FARM_001,Tomato,25.93,70.27,47.07,0.0,46.65,37.42,0,HIGH
2026-07-31 11:49:36.462562,FARM_001,Tomato,32.38,71.06,40.72,60.17,14.87,20.66,0,LOW
2026-07-31 11:59:36.462562,FARM_001,Tomato,34.0,47.6,41.53,52.72,38.56,30.75,0,LOW
2026-07-31 12:09:36.462562,FARM_001,Tomato,27.24,74.84,48.48,10.92,26.17,38.0,0,HIGH
2026-07-31 12:19:36.462562,FARM_001,Tomato,24.32,77.62,50.31,65.06,16.88,25.84,0,MEDIUM
2026-07-31 12:29:36.462562,FARM_001,Tomato,26.98,60.96,47.81,70.02,29.39,33.02,0,LOW
2026-07-31 12:39:36.462562,FARM_001,Tomato,28.28,61.49,54.67,24.4,23.2,35.46,0,MEDIUM
2026-07-31 12:49:36.462562,FARM_001,Tomato,23.81,64.98,53.34,14.54,46.2,35.02,0,MEDIUM
2026-07-31 12:59:36.462562,FARM_001,Tomato,31.64,62.93,47.25,93.68,41.06,34.6,0,MEDIUM
2026-07-31 13:09:36.462562,FARM_001,Tomato,25.85,69.5,40.72,48.76,20.08,35.91,0,HIGH
2026-07-31 13:19:36.462562,FARM_001,Tomato,26.84,54.96,38.32,35.18,25.47,33.53,0,LOW
2026-07-31 13:29:36.462562,FARM_001,Tomato,27.46,60.51,43.02,67.52,29.8,24.16,0,LOW
2026-07-31 13:39:36.462562,FARM_001,Tomato,26.56,78.31,48.84,36.52,33.69,35.39,0,HIGH
2026-07-31 13:49:36.462562,FARM_001,Tomato,28.1,61.78,54.32,12.94,47.28,34.12,0,MEDIUM
2026-07-31 13:59:36.462562,FARM_001,Tomato,22.72,76.33,47.13,30.04,43.3,24.24,0,MEDIUM
2026-07-31 14:09:36.462562,FARM_001,Tomato,22.93,70.38,50.96,58.03,35.25,40.36,0,HIGH
2026-07-31 14:19:36.462562,FARM_001,Tomato,20.93,55.88,43.75,0.0,31.32,35.54,0,LOW
2026-07-31 14:29:36.462562,FARM_001,Tomato,26.63,72.26,48.18,19.29,12.26,24.63,0,MEDIUM
2026-07-31 14:39:36.462562,FARM_001,Tomato,27.88,67.21,49.2,68.09,50.88,27.84,0,MEDIUM
2026-07-31 14:49:36.462562,FARM_001,Tomato,26.69,64.95,34.9,12.75,28.97,29.28,0,LOW
2026-07-31 14:59:36.462562,FARM_001,Tomato,31.2,69.64,42.89,72.85,54.19,29.28,0,MEDIUM
2026-07-31 15:09:36.462562,FARM_001,Tomato,24.98,71.18,49.84,69.01,37.07,34.17,0,HIGH
2026-07-31 15:19:36.462562,FARM_001,Tomato,27.47,72.74,46.4,25.79,60.12,26.93,0,MEDIUM
2026-07-31 15:29:36.462562,FARM_001,Tomato,20.96,75.89,38.9,11.1,42.24,38.93,0,HIGH
2026-07-31 15:39:36.462562,FARM_001,Tomato,23.57,70.73,32.61,19.31,16.56,38.46,1,HIGH
2026-07-31 15:49:36.462562,FARM_001,Tomato,27.57,58.78,43.13,100.0,26.86,36.03,0,LOW
2026-07-31 15:59:36.462562,FARM_001,Tomato,28.14,64.83,44.63,82.43,32.47,32.75,0,MEDIUM
2026-07-31 16:09:36.462562,FARM_001,Tomato,23.91,87.72,40.49,31.36,23.59,37.84,0,HIGH
2026-07-31 16:19:36.462562,FARM_001,Tomato,24.74,72.85,45.73,9.94,29.85,30.93,0,MEDIUM
2026-07-31 16:29:36.462562,FARM_001,Tomato,19.38,83.87,47.58,31.12,17.38,28.37,0,HIGH
2026-07-31 16:39:36.462562,FARM_001,Tomato,23.68,77.35,48.42,34.82,34.67,39.28,0,HIGH
2026-07-31 16:49:36.462562,FARM_001,Tomato,28.29,69.62,32.98,0.0,37.59,34.31,0,HIGH
2026-07-31 16:59:36.462562,FARM_001,Tomato,27.13,70.02,38.3,30.04,21.95,28.6,0,MEDIUM
2026-07-31 17:09:36.462562,FARM_001,Tomato,26.85,67.75,43.45,66.31,59.05,30.12,0,MEDIUM
2026-07-31 17:19:36.462562,FARM_001,Tomato,25.18,56.36,47.92,0.0,35.4,28.3,0,LOW
2026-07-31 17:29:36.462562,FARM_001,Tomato,25.03,68.12,47.5,51.84,24.31,44.03,0,HIGH
2026-07-31 17:39:36.462562,FARM_001,Tomato,22.56,76.11,47.41,67.84,14.07,32.52,0,HIGH
2026-07-31 17:49:36.462562,FARM_001,Tomato,27.59,63.98,43.04,11.33,35.36,33.4,0,MEDIUM
2026-07-31 17:59:36.462562,FARM_001,Tomato,26.56,70.76,43.33,77.17,31.32,36.61,0,HIGH
2026-07-31 18:09:36.462562,FARM_001,Tomato,26.82,73.71,41.29,7.54,44.47,25.57,0,MEDIUM
2026-07-31 18:19:36.462562,FARM_001,Tomato,23.05,61.91,48.92,40.58,32.79,38.75,0,MEDIUM
2026-07-31 18:29:36.462562,FARM_001,Tomato,18.0,64.98,40.31,18.74,19.56,29.04,0,LOW
2026-07-31 18:39:36.462562,FARM_001,Tomato,29.06,61.18,49.34,18.74,55.65,42.93,0,HIGH
2026-07-31 18:49:36.462562,FARM_001,Tomato,23.23,62.49,46.06,9.67,40.09,30.72,0,LOW
2026-07-31 18:59:36.462562,FARM_001,Tomato,21.81,59.37,44.77,48.1,31.4,38.41,0,LOW
2026-07-31 19:09:36.462562,FARM_001,Tomato,27.57,61.97,41.65,52.49,36.67,18.27,0,LOW
2026-07-31 19:19:36.462562,FARM_001,Tomato,23.55,77.51,38.09,25.82,40.57,25.8,0,MEDIUM
2026-07-31 19:29:36.462562,FARM_001,Tomato,28.92,61.87,41.7,0.0,16.6,30.83,0,LOW
2026-07-31 19:39:36.462562,FARM_001,Tomato,27.28,68.85,43.32,39.47,36.59,20.92,0,LOW
2026-07-31 19:49:36.462562,FARM_001,Tomato,27.53,64.63,32.92,40.02,28.93,35.93,0,MEDIUM
2026-07-31 19:59:36.462562,FARM_001,Tomato,19.95,75.9,43.99,21.37,40.99,34.28,0,HIGH
2026-07-31 20:09:36.462562,FARM_001,Tomato,29.48,76.78,49.71,82.22,25.27,26.85,0,HIGH
2026-07-31 20:19:36.462562,FARM_001,Tomato,25.97,73.79,47.89,0.0,26.98,32.41,0,HIGH
2026-07-31 20:29:36.462562,FARM_001,Tomato,23.63,70.05,42.47,0.0,55.55,37.1,0,HIGH
2026-07-31 20:39:36.462562,FARM_001,Tomato,25.53,66.45,45.24,6.36,50.11,20.51,0,LOW
2026-07-31 20:49:36.462562,FARM_001,Tomato,18.43,60.01,42.16,48.44,0.0,25.24,0,LOW
2026-07-31 20:59:36.462562,FARM_001,Tomato,26.51,81.02,45.76,0.0,49.18,30.59,0,HIGH
2026-07-31 21:09:36.462562,FARM_001,Tomato,21.19,62.91,52.85,0.0,33.67,32.64,0,LOW
2026-07-31 21:19:36.462562,FARM_001,Tomato,20.0,72.45,49.94,55.47,25.68,32.17,0,MEDIUM
2026-07-31 21:29:36.462562,FARM_001,Tomato,19.37,75.1,47.66,41.21,21.91,37.57,0,HIGH
2026-07-31 21:39:36.462562,FARM_001,Tomato,29.12,64.28,42.49,38.71,22.64,35.22,0,MEDIUM
2026-07-31 21:49:36.462562,FARM_001,Tomato,22.67,74.95,48.82,50.52,26.03,36.47,0,HIGH
2026-07-31 21:59:36.462562,FARM_001,Tomato,30.67,73.12,36.4,15.28,20.4,24.58,0,MEDIUM
2026-07-31 22:09:36.462562,FARM_001,Tomato,23.02,79.58,43.71,16.63,17.53,33.33,0,HIGH
2026-07-31 22:19:36.462562,FARM_001,Tomato,18.68,64.86,47.98,51.35,21.49,30.75,0,LOW
2026-07-31 22:29:36.462562,FARM_001,Tomato,20.87,59.38,48.78,0.0,38.67,40.83,0,MEDIUM
2026-07-31 22:39:36.462562,FARM_001,Tomato,29.57,64.61,48.42,0.0,35.23,33.49,0,MEDIUM
2026-07-31 22:49:36.462562,FARM_001,Tomato,24.42,69.4,46.5,15.05,41.6,28.69,0,MEDIUM
2026-07-31 22:59:36.462562,FARM_001,Tomato,22.97,68.39,44.0,54.88,33.76,37.36,0,HIGH
2026-07-31 23:09:36.462562,FARM_001,Tomato,25.59,65.36,47.74,35.16,18.14,35.71,0,MEDIUM
2026-07-31 23:19:36.462562,FARM_001,Tomato,26.86,55.21,40.14,52.73,40.83,27.82,0,LOW
2026-07-31 23:29:36.462562,FARM_001,Tomato,29.13,71.15,40.69,0.0,21.94,30.51,0,MEDIUM
2026-07-31 23:39:36.462562,FARM_001,Tomato,30.36,81.21,45.31,36.91,42.75,30.61,0,HIGH
2026-07-31 23:49:36.462562,FARM_001,Tomato,23.67,71.11,45.88,46.79,19.91,39.5,0,HIGH
2026-07-31 23:59:36.462562,FARM_001,Tomato,20.09,72.08,35.69,0.0,25.94,33.66,0,MEDIUM
2026-08-01 00:09:36.462562,FARM_001,Tomato,23.47,71.84,47.32,52.87,30.05,36.64,0,HIGH
2026-08-01 00:19:36.462562,FARM_001,Tomato,25.96,70.66,48.94,24.44,43.1,29.69,0,MEDIUM
2026-08-01 00:29:36.462562,FARM_001,Tomato,21.43,74.24,44.61,100.0,36.82,34.41,0,HIGH
2026-08-01 00:39:36.462562,FARM_001,Tomato,21.46,70.65,57.11,0.0,34.85,39.93,0,HIGH
2026-08-01 00:49:36.462562,FARM_001,Tomato,26.27,65.91,41.52,67.68,58.36,30.44,0,MEDIUM
2026-08-01 00:59:36.462562,FARM_001,Tomato,24.82,62.67,43.16,16.19,11.45,33.16,0,LOW
2026-08-01 01:09:36.462562,FARM_001,Tomato,25.12,66.33,42.99,0.0,21.52,24.73,0,LOW
2026-08-01 01:19:36.462562,FARM_001,Tomato,22.19,70.1,44.61,12.31,20.98,28.14,0,MEDIUM
2026-08-01 01:29:36.462562,FARM_001,Tomato,24.15,65.88,43.32,35.8,12.29,30.59,0,LOW
2026-08-01 01:39:36.462562,FARM_001,Tomato,21.58,70.11,37.83,57.99,25.53,26.45,0,LOW
2026-08-01 01:49:36.462562,FARM_001,Tomato,28.29,70.94,42.21,77.98,43.27,40.04,0,HIGH
2026-08-01 01:59:36.462562,FARM_001,Tomato,28.83,73.58,44.5,69.22,27.15,27.72,0,MEDIUM
2026-08-01 02:09:36.462562,FARM_001,Tomato,18.17,76.59,51.27,0.0,30.4,36.98,0,HIGH
2026-08-01 02:19:36.462562,FARM_001,Tomato,21.56,68.52,56.23,60.7,12.9,33.56,0,MEDIUM
2026-08-01 02:29:36.462562,FARM_001,Tomato,19.46,59.24,51.81,39.13,24.56,32.68,0,LOW
2026-08-01 02:39:36.462562,FARM_001,Tomato,22.59,65.69,41.05,8.59,28.78,40.97,0,HIGH
2026-08-01 02:49:36.462562,FARM_001,Tomato,24.69,68.3,41.45,21.51,42.69,19.61,0,LOW
2026-08-01 02:59:36.462562,FARM_001,Tomato,19.64,55.7,44.19,6.97,13.5,31.38,0,LOW
2026-08-01 03:09:36.462562,FARM_001,Tomato,21.59,77.3,54.1,28.78,28.87,26.34,0,MEDIUM
2026-08-01 03:19:36.462562,FARM_001,Tomato,21.29,68.95,44.16,6.39,48.29,21.32,0,LOW
2026-08-01 03:29:36.462562,FARM_001,Tomato,25.77,70.56,38.23,0.0,28.99,25.69,0,MEDIUM
2026-08-01 03:39:36.462562,FARM_001,Tomato,25.26,77.15,42.44,41.69,7.94,32.6,0,HIGH
2026-08-01 03:49:36.462562,FARM_001,Tomato,22.33,63.78,48.86,46.06,50.72,28.37,0,LOW
2026-08-01 03:59:36.462562,FARM_001,Tomato,25.65,71.85,48.52,22.22,43.86,37.61,0,HIGH
2026-08-01 04:09:36.462562,FARM_001,Tomato,22.98,67.26,43.98,67.64,45.55,31.28,0,MEDIUM
2026-08-01 04:19:36.462562,FARM_001,Tomato,23.99,66.77,48.49,20.1,12.63,30.65,0,MEDIUM
2026-08-01 04:29:36.462562,FARM_001,Tomato,31.19,62.83,33.41,18.86,53.66,30.67,0,LOW
2026-08-01 04:39:36.462562,FARM_001,Tomato,29.96,79.16,45.53,46.99,24.86,31.94,0,HIGH
2026-08-01 04:49:36.462562,FARM_001,Tomato,20.19,65.48,49.39,23.83,28.18,30.11,0,LOW
2026-08-01 04:59:36.462562,FARM_001,Tomato,28.07,72.69,40.75,30.18,25.75,27.65,0,MEDIUM
2026-08-01 05:09:36.462562,FARM_001,Tomato,28.0,55.44,40.73,0.0,46.53,38.14,0,LOW
2026-08-01 05:19:36.462562,FARM_001,Tomato,20.75,75.91,35.48,28.19,32.33,28.94,0,MEDIUM
2026-08-01 05:29:36.462562,FARM_001,Tomato,28.03,75.05,53.11,0.0,40.67,30.31,0,HIGH
2026-08-01 05:39:36.462562,FARM_001,Tomato,30.69,68.65,41.33,0.0,35.56,34.95,0,HIGH
2026-08-01 05:49:36.462562,FARM_001,Tomato,20.85,66.48,46.23,0.0,33.4,34.32,0,MEDIUM
2026-08-01 05:59:36.462562,FARM_001,Tomato,21.61,70.68,48.08,0.0,22.67,27.41,0,MEDIUM
2026-08-01 06:09:36.462562,FARM_001,Tomato,28.77,83.33,52.71,11.67,57.43,36.8,0,HIGH
2026-08-01 06:19:36.462562,FARM_001,Tomato,26.0,56.19,44.22,13.49,16.16,35.56,0,LOW
2026-08-01 06:29:36.462562,FARM_001,Tomato,27.04,73.24,42.25,47.1,39.79,33.51,0,HIGH
2026-08-01 06:39:36.462562,FARM_001,Tomato,26.26,61.89,45.88,34.19,39.35,30.04,0,LOW
2026-08-01 06:49:36.462562,FARM_001,Tomato,26.45,67.87,51.55,0.0,49.14,30.18,0,MEDIUM
2026-08-01 06:59:36.462562,FARM_001,Tomato,20.09,66.34,44.13,30.13,52.09,31.35,0,LOW
2026-08-01 07:09:36.462562,FARM_001,Tomato,28.88,65.13,40.13,36.99,32.87,25.48,0,LOW
2026-08-01 07:19:36.462562,FARM_001,Tomato,29.33,67.93,37.14,18.11,41.28,32.28,0,MEDIUM
2026-08-01 07:29:36.462562,FARM_001,Tomato,24.15,60.4,38.77,25.92,56.84,37.58,0,MEDIUM
2026-08-01 07:39:36.462562,FARM_001,Tomato,24.84,74.9,49.41,33.26,33.78,37.5,0,HIGH
2026-08-01 07:49:36.462562,FARM_001,Tomato,19.33,55.98,43.36,50.03,21.16,30.33,0,LOW
2026-08-01 07:59:36.462562,FARM_001,Tomato,26.9,71.62,41.9,0.0,29.76,38.57,0,HIGH
2026-08-01 08:09:36.462562,FARM_001,Tomato,27.12,65.81,41.35,20.57,18.16,43.36,0,HIGH
2026-08-01 08:19:36.462562,FARM_001,Tomato,24.77,60.15,45.43,71.74,39.28,30.7,0,LOW
2026-08-01 08:29:36.462562,FARM_001,Tomato,29.16,69.36,43.78,69.07,48.01,36.44,0,HIGH
2026-08-01 08:39:36.462562,FARM_001,Tomato,23.76,57.57,43.61,52.55,33.07,19.6,0,LOW
2026-08-01 08:49:36.462562,FARM_001,Tomato,27.09,68.27,51.88,43.38,14.18,25.33,0,LOW
2026-08-01 08:59:36.462562,FARM_001,Tomato,21.23,58.47,52.84,76.02,47.47,33.02,0,LOW
2026-08-01 09:09:36.462562,FARM_001,Tomato,24.91,71.09,36.79,83.7,12.22,26.76,0,MEDIUM
2026-08-01 09:19:36.462562,FARM_001,Tomato,24.35,61.81,46.67,23.93,15.12,44.12,0,HIGH
2026-08-01 09:29:36.462562,FARM_001,Tomato,25.83,64.98,41.04,0.0,32.35,35.91,0,MEDIUM
2026-08-01 09:39:36.462562,FARM_001,Tomato,23.63,69.97,43.73,19.81,37.77,38.01,0,HIGH
2026-08-01 09:49:36.462562,FARM_001,Tomato,24.51,62.82,46.58,100.0,39.92,32.33,0,LOW
2026-08-01 09:59:36.462562,FARM_001,Tomato,28.06,67.61,43.92,0.0,33.77,26.78,0,LOW
2026-08-01 10:09:36.462562,FARM_001,Tomato,23.38,57.86,46.18,13.96,56.78,29.54,0,LOW
2026-08-01 10:19:36.462562,FARM_001,Tomato,19.06,72.23,48.43,0.0,35.42,33.95,0,MEDIUM
2026-08-01 10:29:36.462562,FARM_001,Tomato,31.47,79.82,46.5,31.34,47.64,28.86,0,HIGH
2026-08-01 10:39:36.462562,FARM_001,Tomato,30.11,86.71,41.7,0.0,44.52,36.33,0,HIGH
2026-08-01 10:49:36.462562,FARM_001,Tomato,20.22,68.61,41.79,24.52,18.31,36.56,0,MEDIUM
2026-08-01 10:59:36.462562,FARM_001,Tomato,27.55,73.28,37.66,0.0,32.46,32.53,0,HIGH
2026-08-01 11:09:36.462562,FARM_001,Tomato,23.14,56.07,40.65,45.73,61.35,22.09,0,LOW
2026-08-01 11:19:36.462562,FARM_001,Tomato,25.97,78.07,55.01,63.39,28.25,42.27,0,HIGH
2026-08-01 11:29:36.462562,FARM_001,Tomato,26.09,73.2,40.96,16.49,26.1,31.29,0,HIGH
2026-08-01 11:39:36.462562,FARM_001,Tomato,24.13,64.76,38.91,23.75,36.75,47.94,0,HIGH
2026-08-01 11:49:36.462562,FARM_001,Tomato,22.1,76.29,46.63,22.93,28.7,36.22,0,HIGH
2026-08-01 11:59:36.462562,FARM_001,Tomato,22.44,66.3,44.44,32.98,24.6,31.3,0,MEDIUM
2026-08-01 12:09:36.462562,FARM_001,Tomato,21.61,64.93,44.0,26.59,28.51,35.05,0,MEDIUM
2026-08-01 12:19:36.462562,FARM_001,Tomato,21.92,71.18,52.19,50.13,52.64,20.99,0,LOW
2026-08-01 12:29:36.462562,FARM_001,Tomato,24.75,60.88,47.8,63.7,32.88,38.35,0,MEDIUM
2026-08-01 12:39:36.462562,FARM_001,Tomato,22.35,74.84,42.3,3.93,17.87,47.13,0,HIGH
2026-08-01 12:49:36.462562,FARM_001,Tomato,27.52,60.92,42.84,18.67,15.55,20.59,0,LOW
2026-08-01 12:59:36.462562,FARM_001,Tomato,30.5,60.96,42.44,54.03,62.41,30.86,0,LOW
2026-08-01 13:09:36.462562,FARM_001,Tomato,22.85,61.91,49.46,0.0,31.79,31.9,0,LOW
2026-08-01 13:19:36.462562,FARM_001,Tomato,25.89,73.09,43.43,0.0,40.08,37.49,0,HIGH
2026-08-01 13:29:36.462562,FARM_001,Tomato,26.85,63.87,35.85,34.31,24.88,44.5,0,HIGH
2026-08-01 13:39:36.462562,FARM_001,Tomato,26.75,58.97,44.75,42.19,38.64,34.68,0,LOW
2026-08-01 13:49:36.462562,FARM_001,Tomato,25.28,63.94,37.16,6.61,52.99,44.71,0,HIGH
2026-08-01 13:59:36.462562,FARM_001,Tomato,27.75,67.79,56.14,10.8,26.38,33.47,0,MEDIUM
2026-08-01 14:09:36.462562,FARM_001,Tomato,26.78,60.09,40.08,5.5,40.38,35.07,0,LOW
2026-08-01 14:19:36.462562,FARM_001,Tomato,20.42,60.28,44.17,2.39,16.89,34.37,0,LOW
2026-08-01 14:29:36.462562,FARM_001,Tomato,28.22,82.15,46.32,47.95,60.09,39.46,0,HIGH
2026-08-01 14:39:36.462562,FARM_001,Tomato,28.28,62.23,43.53,0.0,37.98,30.09,0,LOW
2026-08-01 14:49:36.462562,FARM_001,Tomato,22.18,65.84,43.52,19.95,29.4,37.16,0,MEDIUM
2026-08-01 14:59:36.462562,FARM_001,Tomato,25.14,65.54,47.15,1.26,30.85,25.48,0,LOW
2026-08-01 15:09:36.462562,FARM_001,Tomato,27.53,65.18,52.78,0.0,28.17,30.88,0,MEDIUM
2026-08-01 15:19:36.462562,FARM_001,Tomato,24.23,72.16,48.91,53.11,28.82,28.87,0,MEDIUM
2026-08-01 15:29:36.462562,FARM_001,Tomato,28.97,74.35,52.54,12.52,3.76,33.0,0,HIGH
2026-08-01 15:39:36.462562,FARM_001,Tomato,33.75,65.95,39.66,33.2,33.37,30.7,0,MEDIUM
2026-08-01 15:49:36.462562,FARM_001,Tomato,22.09,59.72,46.62,0.0,32.84,38.95,0,MEDIUM
2026-08-01 15:59:36.462562,FARM_001,Tomato,19.89,76.54,45.79,6.04,40.76,27.49,0,MEDIUM
2026-08-01 16:09:36.462562,FARM_001,Tomato,26.12,67.36,46.79,49.78,28.01,22.63,0,LOW
2026-08-01 16:19:36.462562,FARM_001,Tomato,27.67,79.59,52.02,100.0,24.88,24.76,0,HIGH
2026-08-01 16:29:36.462562,FARM_001,Tomato,24.15,52.95,43.87,0.0,34.5,38.17,0,LOW
2026-08-01 16:39:36.462562,FARM_001,Tomato,30.38,69.31,42.93,21.83,14.28,26.97,0,MEDIUM
2026-08-01 16:49:36.462562,FARM_001,Tomato,20.05,80.85,47.72,39.74,36.41,34.77,0,HIGH
2026-08-01 16:59:36.462562,FARM_001,Tomato,27.56,65.63,35.93,9.71,11.14,30.82,1,MEDIUM
2026-08-01 17:09:36.462562,FARM_001,Tomato,22.76,66.49,43.79,52.51,48.72,37.2,0,MEDIUM
2026-08-01 17:19:36.462562,FARM_001,Tomato,31.36,69.98,44.32,2.39,43.22,31.18,0,MEDIUM
2026-08-01 17:29:36.462562,FARM_001,Tomato,32.37,64.26,40.31,32.19,22.93,48.26,0,HIGH
2026-08-01 17:39:36.462562,FARM_001,Tomato,22.16,65.91,50.39,12.46,42.93,43.32,0,HIGH
2026-08-01 17:49:36.462562,FARM_001,Tomato,22.97,65.74,39.58,63.31,36.01,30.7,0,LOW
2026-08-01 17:59:36.462562,FARM_001,Tomato,28.18,63.8,44.31,7.95,21.89,29.92,0,LOW
2026-08-01 18:09:36.462562,FARM_001,Tomato,23.57,76.23,46.5,17.43,9.11,50.35,0,HIGH
2026-08-01 18:19:36.462562,FARM_001,Tomato,24.83,71.09,51.9,55.31,38.59,26.35,0,MEDIUM
2026-08-01 18:29:36.462562,FARM_001,Tomato,25.09,69.68,44.95,0.0,24.59,32.19,0,MEDIUM
2026-08-01 18:39:36.462562,FARM_001,Tomato,18.0,73.42,49.77,29.71,48.4,32.63,0,MEDIUM
2026-08-01 18:49:36.462562,FARM_001,Tomato,24.95,66.23,48.57,0.0,34.78,32.49,0,MEDIUM
2026-08-01 18:59:36.462562,FARM_001,Tomato,22.45,62.81,45.63,0.0,25.79,22.59,0,LOW
2026-08-01 19:09:36.462562,FARM_001,Tomato,23.18,63.96,39.44,38.86,57.25,35.33,0,MEDIUM
2026-08-01 19:19:36.462562,FARM_001,Tomato,30.34,68.01,37.68,0.0,41.86,26.97,0,MEDIUM
2026-08-01 19:29:36.462562,FARM_001,Tomato,20.35,60.9,45.54,11.8,0.0,40.69,0,MEDIUM
2026-08-01 19:39:36.462562,FARM_001,Tomato,28.01,64.65,42.23,42.1,28.47,24.2,0,LOW
2026-08-01 19:49:36.462562,FARM_001,Tomato,23.97,64.54,49.69,10.79,17.16,32.84,0,MEDIUM
2026-08-01 19:59:36.462562,FARM_001,Tomato,23.96,82.23,48.8,51.73,24.52,19.87,0,MEDIUM
2026-08-01 20:09:36.462562,FARM_001,Tomato,27.92,49.42,44.06,34.0,32.78,20.22,0,LOW
2026-08-01 20:19:36.462562,FARM_001,Tomato,26.26,66.8,39.1,40.42,39.06,27.72,0,LOW
2026-08-01 20:29:36.462562,FARM_001,Tomato,27.11,79.56,47.6,63.94,37.89,28.52,0,HIGH
2026-08-01 20:39:36.462562,FARM_001,Tomato,28.58,68.82,39.81,37.04,48.18,40.85,0,HIGH
2026-08-01 20:49:36.462562,FARM_001,Tomato,23.77,73.05,41.13,72.63,42.62,32.27,0,HIGH
2026-08-01 20:59:36.462562,FARM_001,Tomato,22.73,68.67,40.0,54.31,41.84,39.87,0,HIGH
2026-08-01 21:09:36.462562,FARM_001,Tomato,20.98,63.53,44.29,12.42,37.14,30.34,0,LOW
2026-08-01 21:19:36.462562,FARM_001,Tomato,21.95,52.98,50.97,65.46,50.81,35.95,0,LOW
2026-08-01 21:29:36.462562,FARM_001,Tomato,34.0,69.38,44.97,35.4,30.61,28.36,0,MEDIUM
2026-08-01 21:39:36.462562,FARM_001,Tomato,29.61,62.8,42.74,16.18,30.94,27.98,0,LOW
2026-08-01 21:49:36.462562,FARM_001,Tomato,20.0,62.64,37.22,35.83,10.59,22.12,0,LOW
2026-08-01 21:59:36.462562,FARM_001,Tomato,20.11,64.66,47.82,60.18,47.91,34.41,0,MEDIUM
2026-08-01 22:09:36.462562,FARM_001,Tomato,26.78,79.69,41.02,40.99,33.63,33.99,0,HIGH
2026-08-01 22:19:36.462562,FARM_001,Tomato,27.02,84.11,45.6,80.91,71.56,36.93,0,HIGH
2026-08-01 22:29:36.462562,FARM_001,Tomato,27.03,69.46,43.19,59.43,29.49,33.73,0,MEDIUM
2026-08-01 22:39:36.462562,FARM_001,Tomato,24.06,64.89,49.27,42.98,35.72,44.05,0,HIGH
2026-08-01 22:49:36.462562,FARM_001,Tomato,24.54,60.11,44.2,0.0,41.49,33.5,0,LOW
2026-08-01 22:59:36.462562,FARM_001,Tomato,26.21,71.14,44.7,22.45,20.72,38.15,0,HIGH
2026-08-01 23:09:36.462562,FARM_001,Tomato,25.32,79.95,47.48,29.79,39.12,30.65,0,HIGH
2026-08-01 23:19:36.462562,FARM_001,Tomato,18.0,66.34,55.75,48.04,35.04,27.32,0,LOW
2026-08-01 23:29:36.462562,FARM_001,Tomato,24.15,52.06,49.53,46.31,30.77,36.59,0,LOW
2026-08-01 23:39:36.462562,FARM_001,Tomato,21.85,72.49,44.55,32.65,49.37,31.99,0,MEDIUM
2026-08-01 23:49:36.462562,FARM_001,Tomato,25.65,74.6,45.02,31.21,23.21,37.24,0,HIGH
2026-08-01 23:59:36.462562,FARM_001,Tomato,34.0,57.37,42.32,48.74,38.06,34.51,0,LOW
2026-08-02 00:09:36.462562,FARM_001,Tomato,26.36,69.18,40.16,2.63,52.93,27.98,0,MEDIUM
2026-08-02 00:19:36.462562,FARM_001,Tomato,23.84,71.02,42.18,77.21,25.7,38.62,0,HIGH
2026-08-02 00:29:36.462562,FARM_001,Tomato,28.41,67.51,41.06,0.0,30.86,27.53,0,MEDIUM
2026-08-02 00:39:36.462562,FARM_001,Tomato,26.79,62.7,48.33,70.2,64.15,36.06,0,MEDIUM
2026-08-02 00:49:36.462562,FARM_001,Tomato,26.55,74.81,39.54,26.38,40.58,39.81,0,HIGH
2026-08-02 00:59:36.462562,FARM_001,Tomato,27.25,65.3,51.8,56.98,28.22,30.31,0,MEDIUM
2026-08-02 01:09:36.462562,FARM_001,Tomato,32.61,58.05,48.84,38.32,44.71,39.09,0,MEDIUM
2026-08-02 01:19:36.462562,FARM_001,Tomato,20.82,54.27,45.1,37.8,27.44,34.77,0,LOW
2026-08-02 01:29:36.462562,FARM_001,Tomato,26.75,76.45,45.0,43.88,14.88,37.36,0,HIGH
2026-08-02 01:39:36.462562,FARM_001,Tomato,21.57,72.13,42.16,51.32,51.89,27.73,0,MEDIUM
2026-08-02 01:49:36.462562,FARM_001,Tomato,27.06,68.59,46.38,18.1,20.7,33.72,0,MEDIUM
2026-08-02 01:59:36.462562,FARM_001,Tomato,21.6,65.05,50.55,57.92,65.49,24.47,0,LOW
2026-08-02 02:09:36.462562,FARM_001,Tomato,23.46,64.46,41.41,0.0,28.43,42.25,0,HIGH
2026-08-02 02:19:36.462562,FARM_001,Tomato,23.91,60.79,37.18,27.54,61.48,21.02,0,LOW
2026-08-02 02:29:36.462562,FARM_001,Tomato,28.61,65.11,48.59,52.11,17.35,30.48,0,MEDIUM
2026-08-02 02:39:36.462562,FARM_001,Tomato,28.4,53.8,46.65,56.75,47.52,27.19,0,LOW
2026-08-02 02:49:36.462562,FARM_001,Tomato,20.39,63.07,39.29,41.16,40.9,36.35,0,MEDIUM
2026-08-02 02:59:36.462562,FARM_001,Tomato,25.2,65.92,41.26,16.21,45.16,43.47,0,HIGH
2026-08-02 03:09:36.462562,FARM_001,Tomato,22.37,72.09,40.62,53.88,46.8,36.23,0,HIGH
2026-08-02 03:19:36.462562,FARM_001,Tomato,20.34,67.73,41.3,8.15,28.33,49.38,0,HIGH
2026-08-02 03:29:36.462562,FARM_001,Tomato,24.2,73.33,43.35,78.84,18.11,24.65,0,MEDIUM
2026-08-02 03:39:36.462562,FARM_001,Tomato,23.86,77.04,43.64,25.23,33.96,25.08,0,MEDIUM
2026-08-02 03:49:36.462562,FARM_001,Tomato,33.98,75.09,41.68,0.0,37.41,27.41,0,HIGH
2026-08-02 03:59:36.462562,FARM_001,Tomato,26.6,71.15,41.13,0.0,28.65,33.19,0,HIGH
2026-08-02 04:09:36.462562,FARM_001,Tomato,19.9,68.08,43.83,28.97,38.1,26.65,0,LOW
2026-08-02 04:19:36.462562,FARM_001,Tomato,22.91,61.43,45.86,31.78,38.75,28.22,0,LOW
2026-08-02 04:29:36.462562,FARM_001,Tomato,28.78,72.96,43.39,85.21,23.13,36.04,0,HIGH
2026-08-02 04:39:36.462562,FARM_001,Tomato,32.73,79.25,50.91,0.0,39.58,25.44,0,HIGH
2026-08-02 04:49:36.462562,FARM_001,Tomato,19.13,70.29,47.59,28.85,31.23,26.04,0,LOW
2026-08-02 04:59:36.462562,FARM_001,Tomato,18.04,80.85,36.89,0.0,25.78,30.23,0,HIGH
2026-08-02 05:09:36.462562,FARM_001,Tomato,31.92,57.78,47.67,13.31,44.52,30.76,0,LOW
2026-08-02 05:19:36.462562,FARM_001,Tomato,26.44,60.27,48.09,76.87,24.81,38.26,0,MEDIUM
2026-08-02 05:29:36.462562,FARM_001,Tomato,21.79,73.73,42.78,0.0,28.85,27.37,0,MEDIUM
2026-08-02 05:39:36.462562,FARM_001,Tomato,26.98,69.77,37.37,44.84,35.51,28.39,0,MEDIUM
2026-08-02 05:49:36.462562,FARM_001,Tomato,18.0,76.8,45.04,39.17,51.92,35.82,0,HIGH
2026-08-02 05:59:36.462562,FARM_001,Tomato,25.01,67.9,44.96,26.99,37.03,37.07,0,HIGH
2026-08-02 06:09:36.462562,FARM_001,Tomato,26.21,62.18,39.28,42.87,41.26,40.64,0,MEDIUM
2026-08-02 06:19:36.462562,FARM_001,Tomato,28.42,66.57,37.6,0.0,30.85,35.17,0,MEDIUM
2026-08-02 06:29:36.462562,FARM_001,Tomato,21.25,57.73,44.55,76.06,33.61,33.24,0,LOW
2026-08-02 06:39:36.462562,FARM_001,Tomato,25.32,60.44,43.81,83.91,33.98,35.78,0,LOW
2026-08-02 06:49:36.462562,FARM_001,Tomato,21.58,74.52,42.87,29.08,38.3,30.98,0,HIGH
2026-08-02 06:59:36.462562,FARM_001,Tomato,25.94,73.85,44.57,98.45,30.87,30.93,0,HIGH
2026-08-02 07:09:36.462562,FARM_001,Tomato,21.69,70.43,39.38,16.05,51.48,22.39,0,LOW
2026-08-02 07:19:36.462562,FARM_001,Tomato,23.49,56.47,42.78,39.39,29.9,37.59,0,LOW
2026-08-02 07:29:36.462562,FARM_001,Tomato,21.32,65.6,47.72,69.51,13.09,33.71,0,MEDIUM
2026-08-02 07:39:36.462562,FARM_001,Tomato,27.41,59.79,43.22,14.3,69.16,36.93,0,MEDIUM
2026-08-02 07:49:36.462562,FARM_001,Tomato,28.18,75.88,36.47,0.0,30.48,16.45,0,LOW
2026-08-02 07:59:36.462562,FARM_001,Tomato,24.13,64.09,42.59,0.0,51.15,32.23,0,LOW
2026-08-02 08:09:36.462562,FARM_001,Tomato,25.14,60.73,39.54,87.88,52.3,27.62,0,LOW
2026-08-02 08:19:36.462562,FARM_001,Tomato,19.64,68.2,46.36,12.25,46.51,41.06,0,HIGH
2026-08-02 08:29:36.462562,FARM_001,Tomato,23.89,63.71,46.63,22.28,32.1,36.0,0,MEDIUM
2026-08-02 08:39:36.462562,FARM_001,Tomato,24.81,77.94,36.54,0.0,38.21,33.84,0,HIGH
2026-08-02 08:49:36.462562,FARM_001,Tomato,34.0,63.08,48.87,55.39,18.54,30.04,0,LOW
2026-08-02 08:59:36.462562,FARM_001,Tomato,20.89,58.63,39.33,4.88,59.68,34.76,0,LOW
2026-08-02 09:09:36.462562,FARM_001,Tomato,30.42,53.58,52.95,13.36,23.87,27.21,0,LOW
2026-08-02 09:19:36.462562,FARM_001,Tomato,28.69,67.79,44.75,36.45,31.4,31.93,0,MEDIUM
2026-08-02 09:29:36.462562,FARM_001,Tomato,26.04,64.24,38.64,0.0,35.85,29.2,0,LOW
2026-08-02 09:39:36.462562,FARM_001,Tomato,31.51,58.43,39.18,22.49,33.25,45.42,0,HIGH
2026-08-02 09:49:36.462562,FARM_001,Tomato,26.38,75.97,46.78,68.64,26.32,40.88,0,HIGH
2026-08-02 09:59:36.462562,FARM_001,Tomato,26.44,72.47,43.0,40.21,52.17,38.56,0,HIGH
2026-08-02 10:09:36.462562,FARM_001,Tomato,24.8,67.81,44.51,31.51,46.57,24.01,0,LOW
2026-08-02 10:19:36.462562,FARM_001,Tomato,29.53,77.14,53.23,33.97,38.66,37.43,0,HIGH
2026-08-02 10:29:36.462562,FARM_001,Tomato,29.06,72.44,41.43,16.34,29.57,33.57,0,HIGH
2026-08-02 10:39:36.462562,FARM_001,Tomato,22.68,62.49,45.31,85.99,48.01,39.47,0,MEDIUM
2026-08-02 10:49:36.462562,FARM_001,Tomato,20.12,61.04,52.24,3.99,28.75,34.34,0,LOW
2026-08-02 10:59:36.462562,FARM_001,Tomato,24.25,73.48,46.38,33.86,54.39,32.46,0,HIGH
2026-08-02 11:09:36.462562,FARM_001,Tomato,22.04,70.66,36.81,31.06,36.0,33.83,0,MEDIUM
2026-08-02 11:19:36.462562,FARM_001,Tomato,24.76,69.14,47.58,57.16,50.1,22.21,0,LOW
2026-08-02 11:29:36.462562,FARM_001,Tomato,29.58,62.33,39.07,59.91,33.17,28.13,0,LOW
2026-08-02 11:39:36.462562,FARM_001,Tomato,23.31,72.07,52.17,26.77,35.5,34.63,0,HIGH
2026-08-02 11:49:36.462562,FARM_001,Tomato,24.84,62.94,40.8,36.19,50.04,38.99,0,MEDIUM
2026-08-02 11:59:36.462562,FARM_001,Tomato,25.21,67.32,60.0,37.29,62.24,29.36,0,MEDIUM
2026-08-02 12:09:36.462562,FARM_001,Tomato,28.14,77.69,52.48,0.0,54.26,32.27,0,HIGH
2026-08-02 12:19:36.462562,FARM_001,Tomato,18.0,63.57,40.94,0.0,45.65,23.37,0,LOW
2026-08-02 12:29:36.462562,FARM_001,Tomato,22.76,57.46,45.1,10.03,42.02,40.82,0,MEDIUM
2026-08-02 12:39:36.462562,FARM_001,Tomato,25.78,60.95,48.84,11.3,28.21,38.85,0,MEDIUM
2026-08-02 12:49:36.462562,FARM_001,Tomato,29.44,74.66,49.0,0.0,38.32,36.22,0,HIGH
2026-08-02 12:59:36.462562,FARM_001,Tomato,23.18,69.71,47.26,49.59,23.1,34.82,0,MEDIUM
2026-08-02 13:09:36.462562,FARM_001,Tomato,18.06,67.14,51.39,27.76,39.33,41.35,0,HIGH
2026-08-02 13:19:36.462562,FARM_001,Tomato,27.29,64.59,44.37,21.43,40.14,27.91,0,LOW
2026-08-02 13:29:36.462562,FARM_001,Tomato,22.65,71.25,43.13,0.0,9.89,27.29,0,MEDIUM
2026-08-02 13:39:36.462562,FARM_001,Tomato,20.6,62.31,43.23,26.4,35.09,38.55,0,MEDIUM
2026-08-02 13:49:36.462562,FARM_001,Tomato,22.69,70.05,49.38,0.0,39.83,38.17,0,HIGH
2026-08-02 13:59:36.462562,FARM_001,Tomato,24.32,63.1,46.86,22.94,33.55,25.7,0,LOW
2026-08-02 14:09:36.462562,FARM_001,Tomato,22.76,61.99,46.49,29.54,39.11,29.47,0,LOW
2026-08-02 14:19:36.462562,FARM_001,Tomato,18.0,63.73,49.06,34.76,17.69,42.13,0,MEDIUM
2026-08-02 14:29:36.462562,FARM_001,Tomato,28.32,65.48,34.54,0.0,24.82,34.85,0,MEDIUM
2026-08-02 14:39:36.462562,FARM_001,Tomato,29.72,67.67,46.58,34.26,47.64,36.99,0,HIGH
2026-08-02 14:49:36.462562,FARM_001,Tomato,27.41,69.58,46.11,0.0,34.61,25.89,0,MEDIUM
2026-08-02 14:59:36.462562,FARM_001,Tomato,20.79,45.0,53.51,3.98,38.88,36.24,0,LOW
2026-08-02 15:09:36.462562,FARM_001,Tomato,24.25,62.59,37.2,48.66,27.71,24.41,0,LOW
2026-08-02 15:19:36.462562,FARM_001,Tomato,24.98,65.38,52.94,86.51,34.85,21.22,0,LOW
2026-08-02 15:29:36.462562,FARM_001,Tomato,27.22,78.08,45.38,29.2,5.59,36.64,0,HIGH
2026-08-02 15:39:36.462562,FARM_001,Tomato,27.47,60.76,47.49,3.84,45.26,40.68,0,MEDIUM
2026-08-02 15:49:36.462562,FARM_001,Tomato,22.28,69.09,53.55,33.21,57.38,31.05,0,MEDIUM
2026-08-02 15:59:36.462562,FARM_001,Tomato,25.3,78.02,47.86,55.12,21.18,29.38,0,HIGH
2026-08-02 16:09:36.462562,FARM_001,Tomato,26.69,59.2,47.04,45.83,22.75,42.25,0,MEDIUM
2026-08-02 16:19:36.462562,FARM_001,Tomato,30.39,70.64,46.24,100.0,40.16,31.39,0,MEDIUM
2026-08-02 16:29:36.462562,FARM_001,Tomato,27.61,62.62,42.53,6.81,53.17,32.13,0,LOW
2026-08-02 16:39:36.462562,FARM_001,Tomato,27.92,64.62,44.85,35.07,34.57,42.16,0,HIGH
2026-08-02 16:49:36.462562,FARM_001,Tomato,25.31,62.62,41.35,72.93,19.11,30.48,0,LOW
2026-08-02 16:59:36.462562,FARM_001,Tomato,30.22,63.1,44.77,71.1,31.97,28.77,0,LOW
2026-08-02 17:09:36.462562,FARM_001,Tomato,26.52,86.24,33.09,0.0,21.62,37.15,0,HIGH
2026-08-02 17:19:36.462562,FARM_001,Tomato,21.81,73.66,47.19,27.6,26.17,28.44,0,MEDIUM
2026-08-02 17:29:36.462562,FARM_001,Tomato,30.19,75.38,44.38,71.05,30.77,31.68,0,HIGH
2026-08-02 17:39:36.462562,FARM_001,Tomato,27.58,71.3,43.29,100.0,22.89,24.98,0,MEDIUM
2026-08-02 17:49:36.462562,FARM_001,Tomato,23.36,57.24,46.12,48.25,24.8,33.56,0,LOW
2026-08-02 17:59:36.462562,FARM_001,Tomato,23.23,70.65,37.69,16.96,35.54,32.89,0,MEDIUM
2026-08-02 18:09:36.462562,FARM_001,Tomato,26.1,75.19,54.84,0.0,37.31,38.02,0,HIGH
2026-08-02 18:19:36.462562,FARM_001,Tomato,26.71,62.28,44.48,92.49,16.66,37.39,0,MEDIUM
2026-08-02 18:29:36.462562,FARM_001,Tomato,25.73,74.47,44.26,48.98,39.59,35.64,0,HIGH
2026-08-02 18:39:36.462562,FARM_001,Tomato,26.15,72.72,40.08,2.94,29.79,34.75,0,HIGH
2026-08-02 18:49:36.462562,FARM_001,Tomato,31.29,80.41,45.12,21.77,43.68,32.08,0,HIGH
2026-08-02 18:59:36.462562,FARM_001,Tomato,28.96,65.2,52.07,36.76,44.43,35.97,0,MEDIUM
2026-08-02 19:09:36.462562,FARM_001,Tomato,25.71,60.65,50.28,43.58,27.74,26.16,0,LOW
2026-08-02 19:19:36.462562,FARM_001,Tomato,28.48,65.58,49.36,1.43,42.34,19.11,0,LOW
2026-08-02 19:29:36.462562,FARM_001,Tomato,21.18,77.62,47.79,9.77,24.05,39.12,0,HIGH
2026-08-02 19:39:36.462562,FARM_001,Tomato,26.47,55.75,43.17,0.0,51.28,36.34,0,LOW
2026-08-02 19:49:36.462562,FARM_001,Tomato,31.69,54.14,37.6,58.06,24.53,31.78,0,LOW
2026-08-02 19:59:36.462562,FARM_001,Tomato,24.19,68.6,43.97,17.72,39.04,38.62,0,HIGH
2026-08-02 20:09:36.462562,FARM_001,Tomato,21.86,65.03,43.8,41.32,32.24,28.33,0,LOW
2026-08-02 20:19:36.462562,FARM_001,Tomato,22.59,68.05,50.35,69.23,21.79,28.48,0,LOW
2026-08-02 20:29:36.462562,FARM_001,Tomato,20.97,74.33,46.58,34.12,45.95,27.69,0,MEDIUM
2026-08-02 20:39:36.462562,FARM_001,Tomato,22.1,64.3,53.22,24.4,26.86,35.74,0,MEDIUM
2026-08-02 20:49:36.462562,FARM_001,Tomato,23.63,55.45,51.11,33.36,13.18,23.48,0,LOW
2026-08-02 20:59:36.462562,FARM_001,Tomato,19.8,81.7,42.67,29.55,0.0,28.13,0,HIGH
2026-08-02 21:09:36.462562,FARM_001,Tomato,25.06,61.32,35.84,64.09,23.57,34.15,0,LOW
2026-08-02 21:19:36.462562,FARM_001,Tomato,28.34,60.9,52.07,36.78,51.94,25.64,0,LOW
2026-08-02 21:29:36.462562,FARM_001,Tomato,21.64,75.39,51.93,11.8,50.45,28.74,0,MEDIUM
2026-08-02 21:39:36.462562,FARM_001,Tomato,30.62,65.42,38.03,58.3,25.55,19.89,0,LOW
2026-08-02 21:49:36.462562,FARM_001,Tomato,26.89,67.58,52.7,63.63,29.88,35.95,0,MEDIUM
2026-08-02 21:59:36.462562,FARM_001,Tomato,28.81,71.23,46.95,0.0,28.74,28.58,0,MEDIUM
2026-08-02 22:09:36.462562,FARM_001,Tomato,22.57,75.26,45.82,72.46,17.8,26.23,0,MEDIUM
2026-08-02 22:19:36.462562,FARM_001,Tomato,28.16,65.77,53.24,38.35,22.64,25.12,0,LOW
2026-08-02 22:29:36.462562,FARM_001,Tomato,20.96,78.18,51.86,35.97,46.96,30.12,0,HIGH
2026-08-02 22:39:36.462562,FARM_001,Tomato,28.29,53.69,48.32,57.09,40.95,23.49,0,LOW
2026-08-02 22:49:36.462562,FARM_001,Tomato,25.64,73.09,47.41,11.14,38.04,43.57,0,HIGH
2026-08-02 22:59:36.462562,FARM_001,Tomato,27.05,62.38,48.14,55.56,17.78,18.91,0,LOW
2026-08-02 23:09:36.462562,FARM_001,Tomato,20.65,77.19,42.96,16.7,35.87,29.93,0,HIGH
2026-08-02 23:19:36.462562,FARM_001,Tomato,21.69,68.95,44.72,0.0,5.57,33.11,0,MEDIUM
2026-08-02 23:29:36.462562,FARM_001,Tomato,27.21,63.49,40.4,0.0,45.22,28.08,0,LOW
2026-08-02 23:39:36.462562,FARM_001,Tomato,21.49,72.44,43.3,44.26,37.86,33.71,0,HIGH
2026-08-02 23:49:36.462562,FARM_001,Tomato,26.71,73.98,43.13,0.09,17.65,27.94,0,MEDIUM
2026-08-02 23:59:36.462562,FARM_001,Tomato,19.94,72.3,41.76,74.71,54.97,41.22,0,HIGH
2026-08-03 00:09:36.462562,FARM_001,Tomato,28.14,61.1,45.7,62.43,11.97,26.12,0,LOW
2026-08-03 00:19:36.462562,FARM_001,Tomato,20.44,64.76,43.35,66.64,41.28,19.1,0,LOW
2026-08-03 00:29:36.462562,FARM_001,Tomato,27.04,67.97,47.56,31.34,41.6,25.1,0,LOW
2026-08-03 00:39:36.462562,FARM_001,Tomato,27.31,67.72,36.73,35.23,18.98,34.7,0,MEDIUM
2026-08-03 00:49:36.462562,FARM_001,Tomato,22.42,73.02,44.42,0.0,34.12,31.83,0,MEDIUM
2026-08-03 00:59:36.462562,FARM_001,Tomato,27.15,54.5,45.67,56.78,13.98,36.79,0,LOW
2026-08-03 01:09:36.462562,FARM_001,Tomato,25.96,70.24,43.42,38.79,0.0,35.36,0,HIGH
2026-08-03 01:19:36.462562,FARM_001,Tomato,23.01,66.06,44.12,44.27,21.14,28.87,0,LOW
2026-08-03 01:29:36.462562,FARM_001,Tomato,21.27,62.38,36.92,77.0,26.83,29.71,0,LOW
2026-08-03 01:39:36.462562,FARM_001,Tomato,18.0,63.03,46.82,10.01,42.72,30.3,0,LOW
2026-08-03 01:49:36.462562,FARM_001,Tomato,26.29,66.56,48.3,24.02,35.45,43.24,0,HIGH
2026-08-03 01:59:36.462562,FARM_001,Tomato,19.21,45.0,47.52,37.24,35.78,36.44,0,LOW
2026-08-03 02:09:36.462562,FARM_001,Tomato,25.35,63.3,50.3,0.39,21.82,43.28,0,HIGH
2026-08-03 02:19:36.462562,FARM_001,Tomato,24.03,62.13,46.03,22.22,27.92,37.29,0,MEDIUM
2026-08-03 02:29:36.462562,FARM_001,Tomato,27.51,71.57,47.44,42.09,22.88,32.14,0,HIGH
2026-08-03 02:39:36.462562,FARM_001,Tomato,23.88,62.6,45.8,18.2,19.17,26.69,0,LOW
2026-08-03 02:49:36.462562,FARM_001,Tomato,23.78,66.56,48.51,65.92,27.12,33.65,0,MEDIUM
2026-08-03 02:59:36.462562,FARM_001,Tomato,27.71,78.33,36.96,0.0,35.54,32.15,0,HIGH
2026-08-03 03:09:36.462562,FARM_001,Tomato,26.24,74.66,40.44,60.48,27.38,31.97,0,HIGH
2026-08-03 03:19:36.462562,FARM_001,Tomato,26.17,74.05,53.09,47.01,30.52,31.31,0,HIGH
2026-08-03 03:29:36.462562,FARM_001,Tomato,26.74,64.65,32.45,11.09,43.36,20.8,0,LOW
2026-08-03 03:39:36.462562,FARM_001,Tomato,19.32,71.64,44.29,0.71,28.29,39.69,0,HIGH
2026-08-03 03:49:36.462562,FARM_001,Tomato,27.8,66.43,50.98,0.0,17.79,32.21,0,MEDIUM
2026-08-03 03:59:36.462562,FARM_001,Tomato,27.27,66.69,44.52,4.48,41.7,24.44,0,LOW
2026-08-03 04:09:36.462562,FARM_001,Tomato,21.24,70.74,42.93,58.28,37.95,35.25,0,HIGH
2026-08-03 04:19:36.462562,FARM_001,Tomato,24.1,64.0,45.66,26.06,38.74,27.62,0,LOW
2026-08-03 04:29:36.462562,FARM_001,Tomato,24.85,78.0,43.2,61.66,42.49,35.7,0,HIGH
2026-08-03 04:39:36.462562,FARM_001,Tomato,24.5,66.93,45.16,9.6,40.35,37.53,0,MEDIUM
2026-08-03 04:49:36.462562,FARM_001,Tomato,26.24,72.14,41.51,48.35,34.96,38.31,0,HIGH
2026-08-03 04:59:36.462562,FARM_001,Tomato,30.3,77.75,50.65,6.75,64.73,31.58,0,HIGH
2026-08-03 05:09:36.462562,FARM_001,Tomato,29.0,74.91,52.26,0.0,18.41,30.14,0,HIGH
2026-08-03 05:19:36.462562,FARM_001,Tomato,20.14,58.56,44.32,24.57,27.21,28.93,0,LOW
2026-08-03 05:29:36.462562,FARM_001,Tomato,27.3,70.98,37.93,8.28,46.79,28.38,0,MEDIUM
2026-08-03 05:39:36.462562,FARM_001,Tomato,29.92,73.7,42.33,0.0,36.4,32.4,0,HIGH
2026-08-03 05:49:36.462562,FARM_001,Tomato,26.43,73.98,44.06,22.38,44.15,31.31,0,HIGH
2026-08-03 05:59:36.462562,FARM_001,Tomato,29.04,60.54,47.58,30.81,36.74,27.8,0,LOW
2026-08-03 06:09:36.462562,FARM_001,Tomato,32.45,63.6,39.86,64.74,51.91,25.98,0,LOW
2026-08-03 06:19:36.462562,FARM_001,Tomato,28.79,74.66,41.08,55.05,21.91,31.88,0,HIGH
2026-08-03 06:29:36.462562,FARM_001,Tomato,25.92,62.9,47.6,63.32,51.51,30.03,0,LOW
2026-08-03 06:39:36.462562,FARM_001,Tomato,28.87,65.99,49.79,48.73,49.35,25.99,0,LOW
2026-08-03 06:49:36.462562,FARM_001,Tomato,25.54,78.56,41.83,37.41,19.35,37.23,0,HIGH
2026-08-03 06:59:36.462562,FARM_001,Tomato,25.09,67.68,38.2,0.0,42.55,42.6,0,HIGH
2026-08-03 07:09:36.462562,FARM_001,Tomato,23.7,63.13,60.0,32.08,34.06,37.99,0,MEDIUM
2026-08-03 07:19:36.462562,FARM_001,Tomato,30.78,62.12,48.99,45.13,26.96,28.39,0,LOW
2026-08-03 07:29:36.462562,FARM_001,Tomato,21.97,70.23,43.64,70.26,10.8,32.21,0,MEDIUM
2026-08-03 07:39:36.462562,FARM_001,Tomato,30.67,59.07,49.43,47.74,21.86,41.28,0,MEDIUM
2026-08-03 07:49:36.462562,FARM_001,Tomato,26.85,66.34,44.37,63.92,43.52,25.81,0,LOW
2026-08-03 07:59:36.462562,FARM_001,Tomato,19.82,70.23,49.42,0.0,44.85,36.96,0,HIGH
2026-08-03 08:09:36.462562,FARM_001,Tomato,26.36,76.7,45.81,18.17,31.95,24.25,0,MEDIUM
2026-08-03 08:19:36.462562,FARM_001,Tomato,18.0,72.47,45.47,40.24,44.89,42.1,0,HIGH
2026-08-03 08:29:36.462562,FARM_001,Tomato,27.31,63.22,44.42,61.6,46.51,30.05,0,LOW
2026-08-03 08:39:36.462562,FARM_001,Tomato,28.28,75.9,37.62,23.46,36.55,45.21,0,HIGH
2026-08-03 08:49:36.462562,FARM_001,Tomato,22.81,65.99,54.88,25.29,25.5,42.35,0,HIGH
2026-08-03 08:59:36.462562,FARM_001,Tomato,25.46,59.72,40.2,47.76,40.16,31.89,0,LOW
2026-08-03 09:09:36.462562,FARM_001,Tomato,32.23,66.85,38.06,0.0,40.74,28.4,0,MEDIUM
2026-08-03 09:19:36.462562,FARM_001,Tomato,23.13,77.64,43.91,74.64,43.09,33.61,0,HIGH
2026-08-03 09:29:36.462562,FARM_001,Tomato,21.08,69.11,40.1,2.03,45.5,31.47,0,MEDIUM
2026-08-03 09:39:36.462562,FARM_001,Tomato,30.48,68.08,44.74,0.0,17.44,30.21,0,MEDIUM
2026-08-03 09:49:36.462562,FARM_001,Tomato,32.26,78.97,48.51,27.99,28.17,23.05,0,HIGH
2026-08-03 09:59:36.462562,FARM_001,Tomato,25.01,58.41,50.08,77.29,10.68,29.57,0,LOW
2026-08-03 10:09:36.462562,FARM_001,Tomato,28.74,59.39,49.16,44.82,44.01,26.17,0,LOW
2026-08-03 10:19:36.462562,FARM_001,Tomato,29.96,57.17,43.44,49.63,31.92,35.64,0,LOW
2026-08-03 10:29:36.462562,FARM_001,Tomato,22.25,70.5,45.25,28.91,40.03,38.15,0,HIGH
2026-08-03 10:39:36.462562,FARM_001,Tomato,23.2,69.12,47.08,23.25,16.01,36.72,0,HIGH
2026-08-03 10:49:36.462562,FARM_001,Tomato,29.55,78.34,36.04,0.0,52.25,34.45,0,HIGH
2026-08-03 10:59:36.462562,FARM_001,Tomato,31.23,69.63,47.91,0.0,19.55,27.64,0,MEDIUM
2026-08-03 11:09:36.462562,FARM_001,Tomato,27.08,65.29,37.57,33.43,44.36,33.67,0,MEDIUM
2026-08-03 11:19:36.462562,FARM_001,Tomato,21.74,68.01,55.41,66.03,36.09,37.02,0,MEDIUM
2026-08-03 11:29:36.462562,FARM_001,Tomato,32.35,68.79,42.94,37.75,32.21,29.16,0,MEDIUM
2026-08-03 11:39:36.462562,FARM_001,Tomato,23.04,56.8,44.06,45.91,31.2,33.18,0,LOW
2026-08-03 11:49:36.462562,FARM_001,Tomato,23.76,86.16,41.07,73.94,26.56,31.67,0,HIGH
2026-08-03 11:59:36.462562,FARM_001,Tomato,26.27,71.48,41.79,37.3,50.92,41.98,0,HIGH
2026-08-03 12:09:36.462562,FARM_001,Tomato,30.75,69.41,56.6,24.12,34.76,37.35,0,HIGH
2026-08-03 12:19:36.462562,FARM_001,Tomato,28.16,72.12,49.8,3.8,18.61,35.97,0,HIGH
2026-08-03 12:29:36.462562,FARM_001,Tomato,26.54,72.75,37.1,86.75,29.76,22.71,0,MEDIUM
2026-08-03 12:39:36.462562,FARM_001,Tomato,26.71,67.06,52.67,43.08,36.22,33.49,0,MEDIUM
2026-08-03 12:49:36.462562,FARM_001,Tomato,25.16,63.77,51.09,0.15,45.91,31.62,0,LOW
2026-08-03 12:59:36.462562,FARM_001,Tomato,27.07,72.02,43.57,0.0,26.98,31.57,0,HIGH
2026-08-03 13:09:36.462562,FARM_001,Tomato,18.0,70.58,46.56,64.29,27.82,23.59,0,LOW
2026-08-03 13:19:36.462562,FARM_001,Tomato,23.9,62.57,44.92,0.0,34.9,26.3,0,LOW
2026-08-03 13:29:36.462562,FARM_001,Tomato,25.89,77.51,55.06,81.83,45.61,32.11,0,HIGH
2026-08-03 13:39:36.462562,FARM_001,Tomato,20.74,69.97,40.94,0.0,17.35,38.85,0,HIGH
2026-08-03 13:49:36.462562,FARM_001,Tomato,26.43,72.89,45.74,69.24,40.97,29.13,0,MEDIUM
2026-08-03 13:59:36.462562,FARM_001,Tomato,24.24,77.33,42.82,41.92,28.75,30.22,0,HIGH
2026-08-03 14:09:36.462562,FARM_001,Tomato,31.5,68.15,37.69,31.16,30.51,42.65,0,HIGH
2026-08-03 14:19:36.462562,FARM_001,Tomato,30.82,70.12,56.18,22.58,59.82,30.81,0,MEDIUM
2026-08-03 14:29:36.462562,FARM_001,Tomato,23.28,73.43,38.97,82.91,32.12,31.77,0,HIGH
2026-08-03 14:39:36.462562,FARM_001,Tomato,24.44,63.14,46.12,48.35,44.11,31.84,0,LOW
2026-08-03 14:49:36.462562,FARM_001,Tomato,24.73,68.36,36.12,1.33,43.66,24.83,0,LOW
2026-08-03 14:59:36.462562,FARM_001,Tomato,23.33,68.84,42.96,0.0,19.73,35.76,0,MEDIUM
2026-08-03 15:09:36.462562,FARM_001,Tomato,25.72,61.59,47.15,32.88,11.35,28.78,0,LOW
2026-08-03 15:19:36.462562,FARM_001,Tomato,22.19,83.53,40.79,27.67,44.94,32.33,0,HIGH
2026-08-03 15:29:36.462562,FARM_001,Tomato,20.82,58.57,47.99,0.0,20.95,35.03,0,LOW
2026-08-03 15:39:36.462562,FARM_001,Tomato,27.3,59.3,43.63,26.08,13.63,43.57,0,MEDIUM
2026-08-03 15:49:36.462562,FARM_001,Tomato,27.33,76.81,50.92,10.94,47.53,24.99,0,MEDIUM
2026-08-03 15:59:36.462562,FARM_001,Tomato,22.02,72.78,51.94,27.97,21.76,37.43,0,HIGH
2026-08-03 16:09:36.462562,FARM_001,Tomato,28.31,61.13,42.01,48.9,24.87,37.45,0,MEDIUM
2026-08-03 16:19:36.462562,FARM_001,Tomato,22.66,72.07,45.39,71.28,59.48,28.86,0,MEDIUM
2026-08-03 16:29:36.462562,FARM_001,Tomato,25.94,77.83,45.94,54.24,13.69,35.92,0,HIGH
2026-08-03 16:39:36.462562,FARM_001,Tomato,28.04,67.8,48.16,6.63,18.77,41.87,0,HIGH
2026-08-03 16:49:36.462562,FARM_001,Tomato,24.88,85.41,45.07,38.47,28.81,28.14,0,HIGH
2026-08-03 16:59:36.462562,FARM_001,Tomato,26.68,56.45,45.97,29.54,31.57,33.88,0,LOW
2026-08-03 17:09:36.462562,FARM_001,Tomato,23.09,72.65,43.76,0.0,23.34,34.81,0,HIGH
2026-08-03 17:19:36.462562,FARM_001,Tomato,24.27,75.82,45.59,39.33,20.0,35.54,0,HIGH
2026-08-03 17:29:36.462562,FARM_001,Tomato,24.24,73.97,51.62,81.91,53.63,36.88,0,HIGH
2026-08-03 17:39:36.462562,FARM_001,Tomato,22.24,66.63,48.3,28.65,37.91,33.45,0,MEDIUM
2026-08-03 17:49:36.462562,FARM_001,Tomato,24.35,66.05,48.58,0.0,41.97,35.43,0,MEDIUM
2026-08-03 17:59:36.462562,FARM_001,Tomato,19.27,70.98,48.69,28.58,32.87,27.3,0,MEDIUM
2026-08-03 18:09:36.462562,FARM_001,Tomato,23.18,73.47,44.22,0.0,38.25,33.43,0,HIGH
2026-08-03 18:19:36.462562,FARM_001,Tomato,23.95,72.04,46.63,52.92,46.35,29.78,0,MEDIUM
2026-08-03 18:29:36.462562,FARM_001,Tomato,24.05,74.97,39.47,43.03,22.05,25.49,0,MEDIUM
2026-08-03 18:39:36.462562,FARM_001,Tomato,24.11,61.17,51.47,22.71,37.94,29.6,0,LOW
2026-08-03 18:49:36.462562,FARM_001,Tomato,24.77,66.47,30.81,18.03,43.37,34.04,0,MEDIUM
2026-08-03 18:59:36.462562,FARM_001,Tomato,26.77,61.7,44.56,21.5,54.06,34.98,0,MEDIUM
2026-08-03 19:09:36.462562,FARM_001,Tomato,28.24,65.41,50.82,27.94,59.14,25.27,0,LOW
2026-08-03 19:19:36.462562,FARM_001,Tomato,22.6,74.8,38.04,5.15,35.48,27.16,0,MEDIUM
2026-08-03 19:29:36.462562,FARM_001,Tomato,20.55,68.72,47.04,0.0,48.95,36.63,0,MEDIUM
2026-08-03 19:39:36.462562,FARM_001,Tomato,21.14,85.47,41.53,60.95,0.96,35.4,0,HIGH
2026-08-03 19:49:36.462562,FARM_001,Tomato,23.2,69.3,43.12,16.45,54.16,37.56,0,HIGH
2026-08-03 19:59:36.462562,FARM_001,Tomato,23.7,68.4,49.82,32.58,25.45,40.3,0,HIGH
2026-08-03 20:09:36.462562,FARM_001,Tomato,22.15,68.71,46.01,36.03,31.56,35.57,0,MEDIUM
2026-08-03 20:19:36.462562,FARM_001,Tomato,20.2,63.73,34.62,37.1,40.16,30.14,0,LOW
2026-08-03 20:29:36.462562,FARM_001,Tomato,23.31,67.61,40.02,0.0,32.67,33.15,0,MEDIUM
2026-08-03 20:39:36.462562,FARM_001,Tomato,25.67,75.56,49.97,0.0,37.08,41.96,0,HIGH
2026-08-03 20:49:36.462562,FARM_001,Tomato,27.2,68.76,47.29,10.51,54.6,48.26,0,HIGH
2026-08-03 20:59:36.462562,FARM_001,Tomato,22.94,62.68,53.92,39.25,29.76,35.14,0,MEDIUM
2026-08-03 21:09:36.462562,FARM_001,Tomato,23.47,61.8,53.58,6.44,20.9,35.55,0,MEDIUM
2026-08-03 21:19:36.462562,FARM_001,Tomato,21.57,64.98,43.25,17.34,57.45,36.64,0,MEDIUM
2026-08-03 21:29:36.462562,FARM_001,Tomato,24.88,68.49,57.77,89.82,41.24,32.64,0,MEDIUM
2026-08-03 21:39:36.462562,FARM_001,Tomato,21.86,76.0,45.12,0.0,58.82,39.13,0,HIGH
2026-08-03 21:49:36.462562,FARM_001,Tomato,27.12,59.02,40.09,5.65,45.48,38.25,0,MEDIUM
2026-08-03 21:59:36.462562,FARM_001,Tomato,18.39,65.86,41.77,83.08,17.92,34.52,0,MEDIUM
2026-08-03 22:09:36.462562,FARM_001,Tomato,23.67,68.97,33.49,26.4,42.73,30.69,0,MEDIUM
2026-08-03 22:19:36.462562,FARM_001,Tomato,26.11,55.71,53.2,7.09,22.2,23.83,0,LOW
2026-08-03 22:29:36.462562,FARM_001,Tomato,25.68,62.41,53.13,61.83,34.69,36.67,0,MEDIUM
2026-08-03 22:39:36.462562,FARM_001,Tomato,34.0,63.44,39.82,29.31,33.65,33.71,0,MEDIUM
2026-08-03 22:49:36.462562,FARM_001,Tomato,26.29,62.67,43.84,17.53,14.22,28.29,0,LOW
2026-08-03 22:59:36.462562,FARM_001,Tomato,21.28,69.29,45.49,33.32,24.36,26.06,0,LOW
2026-08-03 23:09:36.462562,FARM_001,Tomato,24.65,66.92,40.1,8.48,62.39,36.27,0,MEDIUM
2026-08-03 23:19:36.462562,FARM_001,Tomato,18.43,64.28,36.05,0.0,37.6,23.37,0,LOW
2026-08-03 23:29:36.462562,FARM_001,Tomato,24.7,70.87,43.93,24.38,32.39,34.21,0,HIGH
2026-08-03 23:39:36.462562,FARM_001,Tomato,21.92,79.54,43.36,0.0,57.44,37.31,0,HIGH
2026-08-03 23:49:36.462562,FARM_001,Tomato,28.39,78.98,43.02,28.01,29.61,35.63,0,HIGH
2026-08-03 23:59:36.462562,FARM_001,Tomato,22.97,55.12,46.14,38.05,33.45,30.27,0,LOW
2026-08-04 00:09:36.462562,FARM_001,Tomato,24.57,71.87,52.29,52.61,47.08,25.38,0,MEDIUM
2026-08-04 00:19:36.462562,FARM_001,Tomato,22.65,66.81,43.45,60.64,29.55,35.85,0,MEDIUM
2026-08-04 00:29:36.462562,FARM_001,Tomato,31.43,69.04,45.87,15.85,25.19,39.34,0,HIGH
2026-08-04 00:39:36.462562,FARM_001,Tomato,23.81,65.33,48.71,42.28,6.2,29.24,0,LOW
2026-08-04 00:49:36.462562,FARM_001,Tomato,31.78,68.79,47.83,42.08,22.8,35.39,0,HIGH
2026-08-04 00:59:36.462562,FARM_001,Tomato,28.01,69.01,41.87,37.27,22.68,41.51,0,HIGH
2026-08-04 01:09:36.462562,FARM_001,Tomato,26.78,64.12,45.49,13.7,36.6,34.43,0,MEDIUM
2026-08-04 01:19:36.462562,FARM_001,Tomato,26.36,61.99,47.79,0.0,26.91,30.24,0,LOW
2026-08-04 01:29:36.462562,FARM_001,Tomato,26.46,64.99,39.25,42.36,61.79,38.43,0,MEDIUM
2026-08-04 01:39:36.462562,FARM_001,Tomato,18.0,69.57,51.44,0.0,21.27,28.3,0,LOW
2026-08-04 01:49:36.462562,FARM_001,Tomato,23.97,72.01,52.3,19.88,52.25,25.1,0,MEDIUM
2026-08-04 01:59:36.462562,FARM_001,Tomato,28.13,73.72,41.31,0.0,37.37,37.13,0,HIGH
2026-08-04 02:09:36.462562,FARM_001,Tomato,24.82,64.69,45.99,0.0,44.77,30.18,0,LOW
2026-08-04 02:19:36.462562,FARM_001,Tomato,19.8,69.9,48.28,2.09,44.0,30.7,0,MEDIUM
2026-08-04 02:29:36.462562,FARM_001,Tomato,24.81,74.45,42.22,59.72,6.65,28.93,0,MEDIUM
2026-08-04 02:39:36.462562,FARM_001,Tomato,31.31,75.81,47.46,47.79,34.45,29.8,0,HIGH
2026-08-04 02:49:36.462562,FARM_001,Tomato,29.61,67.61,45.83,11.53,31.3,40.5,0,HIGH
2026-08-04 02:59:36.462562,FARM_001,Tomato,24.77,66.52,37.51,49.0,20.32,41.98,0,HIGH
2026-08-04 03:09:36.462562,FARM_001,Tomato,28.52,69.28,47.34,53.62,40.39,42.73,0,HIGH
2026-08-04 03:19:36.462562,FARM_001,Tomato,23.64,60.3,39.39,23.01,56.23,38.71,0,MEDIUM
2026-08-04 03:29:36.462562,FARM_001,Tomato,18.7,66.7,49.79,0.0,0.92,35.16,0,MEDIUM
2026-08-04 03:39:36.462562,FARM_001,Tomato,21.58,72.99,41.58,21.63,27.87,24.34,0,MEDIUM
2026-08-04 03:49:36.462562,FARM_001,Tomato,30.78,72.3,44.18,24.84,18.9,31.43,0,HIGH
2026-08-04 03:59:36.462562,FARM_001,Tomato,23.99,66.19,52.0,0.0,35.5,44.79,0,HIGH
2026-08-04 04:09:36.462562,FARM_001,Tomato,24.1,69.46,47.53,38.42,30.5,30.02,0,MEDIUM
2026-08-04 04:19:36.462562,FARM_001,Tomato,23.89,62.47,39.49,35.87,26.97,41.13,0,MEDIUM
2026-08-04 04:29:36.462562,FARM_001,Tomato,32.05,72.71,39.82,40.7,43.29,32.81,0,HIGH
2026-08-04 04:39:36.462562,FARM_001,Tomato,31.02,67.48,41.94,35.84,55.22,17.23,0,LOW
2026-08-04 04:49:36.462562,FARM_001,Tomato,33.21,66.15,47.01,49.01,68.13,36.15,0,HIGH
2026-08-04 04:59:36.462562,FARM_001,Tomato,24.41,65.58,46.83,22.46,25.28,39.72,0,HIGH
2026-08-04 05:09:36.462562,FARM_001,Tomato,26.09,67.58,40.7,33.59,11.66,32.22,0,MEDIUM
2026-08-04 05:19:36.462562,FARM_001,Tomato,19.39,65.0,39.05,16.09,41.65,39.53,0,MEDIUM
2026-08-04 05:29:36.462562,FARM_001,Tomato,30.46,72.41,46.44,10.63,54.89,22.99,0,MEDIUM
2026-08-04 05:39:36.462562,FARM_001,Tomato,20.68,65.35,44.07,66.78,44.85,24.6,0,LOW
2026-08-04 05:49:36.462562,FARM_001,Tomato,25.8,78.67,56.0,0.0,54.84,33.67,0,HIGH
2026-08-04 05:59:36.462562,FARM_001,Tomato,20.94,77.82,45.19,53.3,31.76,35.22,0,HIGH
2026-08-04 06:09:36.462562,FARM_001,Tomato,22.82,62.03,54.25,9.58,26.92,40.23,0,MEDIUM
2026-08-04 06:19:36.462562,FARM_001,Tomato,21.9,68.47,39.03,5.8,36.05,36.14,0,MEDIUM
2026-08-04 06:29:36.462562,FARM_001,Tomato,22.75,63.64,36.98,35.34,30.44,25.7,0,LOW
2026-08-04 06:39:36.462562,FARM_001,Tomato,23.01,65.81,39.29,0.0,42.95,33.71,0,MEDIUM
2026-08-04 06:49:36.462562,FARM_001,Tomato,22.97,81.42,51.06,3.87,46.82,35.92,0,HIGH
2026-08-04 06:59:36.462562,FARM_001,Tomato,28.08,65.94,53.96,2.91,47.81,21.82,0,LOW
2026-08-04 07:09:36.462562,FARM_001,Tomato,20.91,70.41,41.01,21.24,41.03,32.25,0,MEDIUM
2026-08-04 07:19:36.462562,FARM_001,Tomato,25.82,71.63,42.65,4.22,37.7,30.59,0,MEDIUM
2026-08-04 07:29:36.462562,FARM_001,Tomato,29.51,61.3,39.04,74.45,44.61,28.77,0,LOW
2026-08-04 07:39:36.462562,FARM_001,Tomato,23.1,62.27,35.76,80.17,9.87,35.34,1,MEDIUM
2026-08-04 07:49:36.462562,FARM_001,Tomato,22.34,59.92,48.66,0.0,37.25,25.95,0,LOW
2026-08-04 07:59:36.462562,FARM_001,Tomato,24.15,62.06,46.14,43.59,35.26,34.88,0,LOW
2026-08-04 08:09:36.462562,FARM_001,Tomato,29.36,48.9,45.05,52.77,37.28,35.69,0,LOW
2026-08-04 08:19:36.462562,FARM_001,Tomato,25.72,71.65,37.86,43.56,33.5,38.68,0,HIGH
2026-08-04 08:29:36.462562,FARM_001,Tomato,23.03,81.76,53.36,8.48,40.04,26.1,0,HIGH
2026-08-04 08:39:36.462562,FARM_001,Tomato,26.79,68.99,42.43,20.57,27.36,23.92,0,LOW
2026-08-04 08:49:36.462562,FARM_001,Tomato,20.92,58.51,47.72,5.85,48.83,34.09,0,LOW
2026-08-04 08:59:36.462562,FARM_001,Tomato,27.52,63.69,37.58,15.43,40.57,30.87,0,LOW
2026-08-04 09:09:36.462562,FARM_001,Tomato,26.51,64.93,44.03,0.0,36.5,49.05,0,HIGH
2026-08-04 09:19:36.462562,FARM_001,Tomato,23.86,61.18,46.49,24.35,25.81,35.11,0,LOW
2026-08-04 09:29:36.462562,FARM_001,Tomato,21.9,73.76,46.67,0.0,44.87,32.83,0,HIGH
2026-08-04 09:39:36.462562,FARM_001,Tomato,21.72,73.43,45.79,21.86,37.2,31.51,0,MEDIUM
2026-08-04 09:49:36.462562,FARM_001,Tomato,26.98,60.26,47.52,0.0,25.08,25.56,0,LOW
2026-08-04 09:59:36.462562,FARM_001,Tomato,29.55,72.86,39.23,33.74,33.89,35.71,0,HIGH
2026-08-04 10:09:36.462562,FARM_001,Tomato,22.64,78.23,46.01,7.86,42.53,32.05,0,HIGH
2026-08-04 10:19:36.462562,FARM_001,Tomato,26.7,80.75,45.58,36.18,41.55,32.05,0,HIGH
2026-08-04 10:29:36.462562,FARM_001,Tomato,18.0,87.2,46.18,59.28,40.74,33.04,0,HIGH
2026-08-04 10:39:36.462562,FARM_001,Tomato,22.84,61.96,45.37,74.11,35.77,33.76,0,LOW
2026-08-04 10:49:36.462562,FARM_001,Tomato,24.89,86.92,38.51,0.0,47.53,22.59,0,HIGH
2026-08-04 10:59:36.462562,FARM_001,Tomato,21.63,65.63,38.28,3.34,50.2,37.27,0,MEDIUM
2026-08-04 11:09:36.462562,FARM_001,Tomato,21.53,64.03,33.71,18.85,43.89,27.68,0,LOW
2026-08-04 11:19:36.462562,FARM_001,Tomato,22.53,70.19,49.17,41.14,27.2,31.71,0,MEDIUM
2026-08-04 11:29:36.462562,FARM_001,Tomato,26.08,64.1,49.22,0.0,21.27,39.83,0,MEDIUM
2026-08-04 11:39:36.462562,FARM_001,Tomato,24.31,70.67,49.3,0.0,27.75,42.64,0,HIGH
2026-08-04 11:49:36.462562,FARM_001,Tomato,18.0,59.16,46.56,31.51,59.22,22.81,0,LOW
2026-08-04 11:59:36.462562,FARM_001,Tomato,18.0,66.4,34.12,30.18,38.15,32.67,0,MEDIUM
2026-08-04 12:09:36.462562,FARM_001,Tomato,22.75,76.61,39.76,38.73,61.39,34.06,0,HIGH
2026-08-04 12:19:36.462562,FARM_001,Tomato,26.69,67.62,45.87,40.66,33.09,23.91,0,LOW
2026-08-04 12:29:36.462562,FARM_001,Tomato,18.0,68.95,45.69,37.59,31.34,37.07,0,MEDIUM
2026-08-04 12:39:36.462562,FARM_001,Tomato,23.15,71.18,43.86,33.35,33.67,33.16,0,MEDIUM
2026-08-04 12:49:36.462562,FARM_001,Tomato,23.05,75.84,46.88,29.33,33.44,33.61,0,HIGH
2026-08-04 12:59:36.462562,FARM_001,Tomato,30.14,56.91,45.06,47.11,24.85,27.27,0,LOW
2026-08-04 13:09:36.462562,FARM_001,Tomato,23.58,71.92,45.62,0.0,20.12,34.85,0,HIGH
2026-08-04 13:19:36.462562,FARM_001,Tomato,26.42,66.2,41.74,72.79,40.92,37.28,0,MEDIUM
2026-08-04 13:29:36.462562,FARM_001,Tomato,25.52,69.12,50.01,0.0,47.89,33.23,0,MEDIUM
2026-08-04 13:39:36.462562,FARM_001,Tomato,18.0,75.1,42.8,0.0,65.41,29.57,0,MEDIUM
2026-08-04 13:49:36.462562,FARM_001,Tomato,27.84,60.0,38.21,21.08,29.14,30.01,0,LOW
2026-08-04 13:59:36.462562,FARM_001,Tomato,25.8,61.22,41.07,47.34,30.16,33.76,0,LOW
2026-08-04 14:09:36.462562,FARM_001,Tomato,26.88,55.03,43.22,0.0,24.88,32.78,0,LOW
2026-08-04 14:19:36.462562,FARM_001,Tomato,34.0,64.32,50.07,26.88,48.78,37.66,0,HIGH
2026-08-04 14:29:36.462562,FARM_001,Tomato,18.0,76.91,44.78,50.84,44.87,29.76,0,HIGH
2026-08-04 14:39:36.462562,FARM_001,Tomato,31.38,67.19,44.05,56.74,23.55,25.56,0,LOW
2026-08-04 14:49:36.462562,FARM_001,Tomato,23.94,59.02,38.63,7.34,23.23,34.55,0,LOW
2026-08-04 14:59:36.462562,FARM_001,Tomato,26.06,64.75,49.01,18.92,46.6,29.78,0,LOW
2026-08-04 15:09:36.462562,FARM_001,Tomato,24.83,58.03,41.68,9.71,39.43,36.97,0,LOW
2026-08-04 15:19:36.462562,FARM_001,Tomato,23.43,60.46,44.49,16.23,44.16,32.54,0,LOW
2026-08-04 15:29:36.462562,FARM_001,Tomato,22.89,70.61,52.55,0.0,23.48,36.23,0,HIGH
2026-08-04 15:39:36.462562,FARM_001,Tomato,26.22,60.14,47.59,1.73,10.94,26.72,0,LOW
2026-08-04 15:49:36.462562,FARM_001,Tomato,19.39,75.45,36.7,40.38,23.58,33.32,0,HIGH
2026-08-04 15:59:36.462562,FARM_001,Tomato,27.78,67.52,35.98,31.54,43.27,28.51,0,MEDIUM
2026-08-04 16:09:36.462562,FARM_001,Tomato,23.46,68.57,44.67,42.05,61.2,25.54,0,LOW
2026-08-04 16:19:36.462562,FARM_001,Tomato,20.82,66.13,38.82,33.95,29.19,27.59,0,LOW
2026-08-04 16:29:36.462562,FARM_001,Tomato,23.33,73.18,48.31,48.27,63.28,29.4,0,MEDIUM
2026-08-04 16:39:36.462562,FARM_001,Tomato,29.65,73.25,45.22,53.34,45.06,39.59,0,HIGH
2026-08-04 16:49:36.462562,FARM_001,Tomato,23.02,70.24,45.84,0.0,17.05,29.25,0,MEDIUM
2026-08-04 16:59:36.462562,FARM_001,Tomato,26.33,71.78,41.4,2.75,37.3,25.25,0,MEDIUM
2026-08-04 17:09:36.462562,FARM_001,Tomato,22.3,66.58,53.88,20.94,45.49,33.25,0,MEDIUM
2026-08-04 17:19:36.462562,FARM_001,Tomato,27.8,71.63,59.5,27.04,4.04,32.67,0,HIGH
2026-08-04 17:29:36.462562,FARM_001,Tomato,27.54,65.74,43.58,8.13,42.72,29.7,0,MEDIUM
2026-08-04 17:39:36.462562,FARM_001,Tomato,31.84,68.01,46.8,54.33,49.38,31.58,0,MEDIUM
2026-08-04 17:49:36.462562,FARM_001,Tomato,24.35,66.16,45.5,85.51,39.63,38.06,0,MEDIUM
2026-08-04 17:59:36.462562,FARM_001,Tomato,27.47,64.94,43.68,33.14,33.82,36.32,0,MEDIUM
2026-08-04 18:09:36.462562,FARM_001,Tomato,25.36,63.38,40.76,30.16,32.42,35.83,0,MEDIUM
2026-08-04 18:19:36.462562,FARM_001,Tomato,29.79,71.13,39.47,52.5,31.69,25.75,0,MEDIUM
2026-08-04 18:29:36.462562,FARM_001,Tomato,22.34,76.78,39.21,0.0,19.78,48.95,0,HIGH
2026-08-04 18:39:36.462562,FARM_001,Tomato,27.76,75.85,47.07,28.53,25.94,38.49,0,HIGH
2026-08-04 18:49:36.462562,FARM_001,Tomato,24.28,59.58,42.35,56.29,29.35,35.45,0,LOW
2026-08-04 18:59:36.462562,FARM_001,Tomato,24.76,76.64,31.85,8.92,36.03,25.86,0,MEDIUM
2026-08-04 19:09:36.462562,FARM_001,Tomato,25.34,65.87,47.27,0.0,27.58,37.9,0,MEDIUM
2026-08-04 19:19:36.462562,FARM_001,Tomato,25.93,72.02,44.8,22.27,23.65,29.64,0,MEDIUM
2026-08-04 19:29:36.462562,FARM_001,Tomato,24.57,61.93,51.87,25.93,44.17,31.39,0,LOW
2026-08-04 19:39:36.462562,FARM_001,Tomato,25.79,68.95,46.9,1.17,39.27,22.92,0,LOW
2026-08-04 19:49:36.462562,FARM_001,Tomato,30.84,70.1,37.46,88.91,27.81,25.42,0,MEDIUM
2026-08-04 19:59:36.462562,FARM_001,Tomato,28.65,58.05,33.63,13.72,40.98,35.0,0,LOW
2026-08-04 20:09:36.462562,FARM_001,Tomato,28.22,72.08,41.33,0.0,28.89,38.24,0,HIGH
2026-08-04 20:19:36.462562,FARM_001,Tomato,23.31,77.02,41.81,24.97,35.39,36.4,0,HIGH
2026-08-04 20:29:36.462562,FARM_001,Tomato,21.71,66.83,49.81,54.21,46.89,36.21,0,MEDIUM
2026-08-04 20:39:36.462562,FARM_001,Tomato,28.53,77.11,44.95,28.21,26.99,32.13,0,HIGH
2026-08-04 20:49:36.462562,FARM_001,Tomato,28.24,66.73,50.78,41.88,19.83,30.18,0,MEDIUM
2026-08-04 20:59:36.462562,FARM_001,Tomato,30.45,73.69,38.24,2.25,32.77,34.15,0,HIGH
2026-08-04 21:09:36.462562,FARM_001,Tomato,22.77,53.14,49.92,71.14,17.42,37.18,0,LOW
2026-08-04 21:19:36.462562,FARM_001,Tomato,24.15,84.21,48.68,44.1,31.1,32.53,0,HIGH
2026-08-04 21:29:36.462562,FARM_001,Tomato,18.93,78.02,34.71,58.29,31.06,39.4,0,HIGH
2026-08-04 21:39:36.462562,FARM_001,Tomato,23.55,66.09,51.75,38.36,3.56,31.27,0,MEDIUM
2026-08-04 21:49:36.462562,FARM_001,Tomato,28.69,54.79,45.48,51.79,41.29,26.91,0,LOW
2026-08-04 21:59:36.462562,FARM_001,Tomato,23.27,69.93,47.0,2.21,32.3,32.44,0,MEDIUM
2026-08-04 22:09:36.462562,FARM_001,Tomato,27.37,58.33,40.59,13.35,49.49,33.1,0,LOW
2026-08-04 22:19:36.462562,FARM_001,Tomato,24.3,70.98,51.5,67.02,37.32,32.03,0,MEDIUM
2026-08-04 22:29:36.462562,FARM_001,Tomato,26.2,70.76,38.95,73.24,43.87,39.8,0,HIGH
2026-08-04 22:39:36.462562,FARM_001,Tomato,20.75,61.69,49.24,0.0,49.59,37.09,0,MEDIUM
2026-08-04 22:49:36.462562,FARM_001,Tomato,25.32,75.51,49.19,34.99,32.94,24.34,0,MEDIUM
2026-08-04 22:59:36.462562,FARM_001,Tomato,18.0,73.4,40.03,15.12,34.59,41.25,0,HIGH
2026-08-04 23:09:36.462562,FARM_001,Tomato,24.31,74.54,55.12,7.35,14.77,16.87,0,LOW
2026-08-04 23:19:36.462562,FARM_001,Tomato,18.97,68.06,46.18,36.02,50.22,44.76,0,HIGH
2026-08-04 23:29:36.462562,FARM_001,Tomato,29.46,58.52,48.33,61.02,32.76,30.86,0,LOW
2026-08-04 23:39:36.462562,FARM_001,Tomato,27.88,74.55,37.21,40.89,21.93,31.42,0,HIGH
2026-08-04 23:49:36.462562,FARM_001,Tomato,26.73,66.19,55.8,18.37,43.92,32.16,0,MEDIUM
2026-08-04 23:59:36.462562,FARM_001,Tomato,30.63,58.69,38.75,42.73,7.13,34.7,1,LOW
2026-08-05 00:09:36.462562,FARM_001,Tomato,21.49,77.06,50.23,17.19,29.19,32.5,0,HIGH
2026-08-05 00:19:36.462562,FARM_001,Tomato,31.47,82.07,39.93,39.73,46.04,31.74,0,HIGH
2026-08-05 00:29:36.462562,FARM_001,Tomato,28.45,67.72,41.84,68.48,29.08,39.96,0,HIGH
2026-08-05 00:39:36.462562,FARM_001,Tomato,24.12,82.47,49.02,0.0,25.55,35.72,0,HIGH
2026-08-05 00:49:36.462562,FARM_001,Tomato,29.2,68.61,50.24,50.98,29.36,27.03,0,MEDIUM
2026-08-05 00:59:36.462562,FARM_001,Tomato,20.91,65.45,38.52,0.0,9.27,36.72,0,MEDIUM
2026-08-05 01:09:36.462562,FARM_001,Tomato,21.95,63.78,50.56,63.57,43.62,35.49,0,MEDIUM
2026-08-05 01:19:36.462562,FARM_001,Tomato,22.75,78.97,50.33,9.1,33.05,29.39,0,HIGH
2026-08-05 01:29:36.462562,FARM_001,Tomato,23.04,62.77,40.22,0.0,31.17,37.02,0,MEDIUM
2026-08-05 01:39:36.462562,FARM_001,Tomato,21.09,72.93,53.15,48.0,31.21,31.6,0,MEDIUM
2026-08-05 01:49:36.462562,FARM_001,Tomato,29.53,64.25,37.57,38.33,34.78,31.24,0,MEDIUM
2026-08-05 01:59:36.462562,FARM_001,Tomato,24.04,64.92,41.81,0.0,42.83,31.08,0,LOW
2026-08-05 02:09:36.462562,FARM_001,Tomato,26.3,74.9,47.44,0.0,33.94,18.66,0,LOW
2026-08-05 02:19:36.462562,FARM_001,Tomato,22.89,65.45,40.65,22.23,17.44,29.5,0,LOW
2026-08-05 02:29:36.462562,FARM_001,Tomato,18.26,65.29,46.35,0.0,41.85,36.57,0,MEDIUM
2026-08-05 02:39:36.462562,FARM_001,Tomato,26.0,75.59,46.23,0.0,40.88,32.37,0,HIGH
2026-08-05 02:49:36.462562,FARM_001,Tomato,18.0,78.7,44.05,31.08,37.19,25.17,0,MEDIUM
2026-08-05 02:59:36.462562,FARM_001,Tomato,24.75,72.32,49.25,0.0,48.15,38.0,0,HIGH
2026-08-05 03:09:36.462562,FARM_001,Tomato,19.94,63.61,43.84,40.15,34.98,30.8,0,LOW
2026-08-05 03:19:36.462562,FARM_001,Tomato,32.35,64.58,46.18,71.21,48.6,25.54,0,LOW
2026-08-05 03:29:36.462562,FARM_001,Tomato,28.37,68.54,50.85,23.36,52.33,45.07,0,HIGH
2026-08-05 03:39:36.462562,FARM_001,Tomato,25.39,70.15,49.03,31.5,41.94,26.5,0,MEDIUM
2026-08-05 03:49:36.462562,FARM_001,Tomato,29.68,61.38,49.01,86.63,25.18,37.51,0,MEDIUM
2026-08-05 03:59:36.462562,FARM_001,Tomato,21.87,72.84,39.14,0.0,32.95,28.11,0,MEDIUM
2026-08-05 04:09:36.462562,FARM_001,Tomato,27.01,68.57,47.68,62.48,50.21,33.27,0,MEDIUM
2026-08-05 04:19:36.462562,FARM_001,Tomato,25.74,56.5,40.52,58.97,15.73,27.36,0,LOW
2026-08-05 04:29:36.462562,FARM_001,Tomato,25.98,61.78,38.46,52.65,29.66,25.44,0,LOW
2026-08-05 04:39:36.462562,FARM_001,Tomato,29.71,64.62,44.63,65.42,30.28,35.48,0,MEDIUM
2026-08-05 04:49:36.462562,FARM_001,Tomato,27.71,67.51,40.39,35.89,23.7,34.81,0,MEDIUM
2026-08-05 04:59:36.462562,FARM_001,Tomato,26.07,80.66,49.03,10.68,45.6,39.02,0,HIGH
2026-08-05 05:09:36.462562,FARM_001,Tomato,18.88,69.6,49.15,59.66,39.35,32.3,0,MEDIUM
2026-08-05 05:19:36.462562,FARM_001,Tomato,21.45,62.37,35.3,60.78,25.64,45.16,0,HIGH
2026-08-05 05:29:36.462562,FARM_001,Tomato,24.55,69.48,40.78,59.98,42.23,34.03,0,MEDIUM
2026-08-05 05:39:36.462562,FARM_001,Tomato,25.35,65.64,37.56,29.0,32.6,35.73,0,MEDIUM
2026-08-05 05:49:36.462562,FARM_001,Tomato,20.82,70.18,42.64,6.79,23.38,24.76,0,LOW
2026-08-05 05:59:36.462562,FARM_001,Tomato,33.92,71.89,47.32,33.29,25.62,29.0,0,HIGH
2026-08-05 06:09:36.462562,FARM_001,Tomato,30.61,76.1,43.76,55.21,40.09,35.46,0,HIGH
2026-08-05 06:19:36.462562,FARM_001,Tomato,27.23,67.84,41.99,57.61,46.43,32.02,0,MEDIUM
2026-08-05 06:29:36.462562,FARM_001,Tomato,25.27,78.98,51.63,15.15,28.47,33.57,0,HIGH
2026-08-05 06:39:36.462562,FARM_001,Tomato,24.21,74.08,33.25,36.91,41.46,27.85,0,MEDIUM
2026-08-05 06:49:36.462562,FARM_001,Tomato,21.48,63.26,51.31,0.0,54.53,33.2,0,LOW
2026-08-05 06:59:36.462562,FARM_001,Tomato,25.29,82.81,42.22,56.46,18.74,33.18,0,HIGH
2026-08-05 07:09:36.462562,FARM_001,Tomato,25.95,70.19,44.6,4.83,39.08,25.77,0,MEDIUM
2026-08-05 07:19:36.462562,FARM_001,Tomato,20.41,62.4,42.31,50.63,45.07,36.16,0,MEDIUM
2026-08-05 07:29:36.462562,FARM_001,Tomato,26.24,79.07,52.87,0.0,33.4,22.81,0,MEDIUM
2026-08-05 07:39:36.462562,FARM_001,Tomato,24.43,81.92,38.72,57.82,50.2,33.55,0,HIGH
2026-08-05 07:49:36.462562,FARM_001,Tomato,18.0,67.78,45.06,37.1,62.31,42.56,0,HIGH
2026-08-05 07:59:36.462562,FARM_001,Tomato,21.82,64.63,47.69,4.88,38.93,36.38,0,MEDIUM
2026-08-05 08:09:36.462562,FARM_001,Tomato,23.47,66.85,36.78,47.89,31.66,36.34,0,MEDIUM
2026-08-05 08:19:36.462562,FARM_001,Tomato,31.98,72.79,40.31,10.46,46.91,27.38,0,MEDIUM
2026-08-05 08:29:36.462562,FARM_001,Tomato,27.06,76.56,44.24,49.59,45.21,42.58,0,HIGH
2026-08-05 08:39:36.462562,FARM_001,Tomato,20.06,71.82,40.48,19.7,2.86,40.35,0,HIGH
2026-08-05 08:49:36.462562,FARM_001,Tomato,26.8,68.68,40.84,0.0,34.57,27.69,0,MEDIUM
2026-08-05 08:59:36.462562,FARM_001,Tomato,19.27,78.04,43.22,0.0,29.63,29.79,0,HIGH
2026-08-05 09:09:36.462562,FARM_001,Tomato,29.01,65.9,48.31,15.13,39.6,39.65,0,HIGH
2026-08-05 09:19:36.462562,FARM_001,Tomato,23.26,74.91,43.25,67.65,32.16,42.74,0,HIGH
2026-08-05 09:29:36.462562,FARM_001,Tomato,24.65,66.07,50.5,54.01,33.53,25.29,0,LOW
2026-08-05 09:39:36.462562,FARM_001,Tomato,29.91,70.89,39.91,75.12,23.72,26.78,0,MEDIUM
2026-08-05 09:49:36.462562,FARM_001,Tomato,20.24,67.24,38.62,75.99,43.86,31.68,0,MEDIUM
2026-08-05 09:59:36.462562,FARM_001,Tomato,19.83,67.63,54.82,12.09,55.45,20.12,0,LOW
2026-08-05 10:09:36.462562,FARM_001,Tomato,22.84,65.47,41.64,22.2,23.92,32.61,0,MEDIUM
2026-08-05 10:19:36.462562,FARM_001,Tomato,28.84,77.01,38.31,15.69,17.0,39.26,0,HIGH
2026-08-05 10:29:36.462562,FARM_001,Tomato,19.38,63.09,36.12,8.09,34.85,24.3,0,LOW
2026-08-05 10:39:36.462562,FARM_001,Tomato,18.0,63.04,50.48,0.0,34.24,33.22,0,LOW
2026-08-05 10:49:36.462562,FARM_001,Tomato,23.33,82.21,43.26,27.27,49.35,29.18,0,HIGH
2026-08-05 10:59:36.462562,FARM_001,Tomato,27.04,74.55,43.71,0.0,19.11,41.85,0,HIGH
2026-08-05 11:09:36.462562,FARM_001,Tomato,29.44,52.02,44.19,26.7,27.82,29.25,0,LOW
2026-08-05 11:19:36.462562,FARM_001,Tomato,23.29,64.21,50.17,89.48,7.54,41.16,0,MEDIUM
2026-08-05 11:29:36.462562,FARM_001,Tomato,23.48,55.86,44.08,12.83,51.92,29.09,0,LOW
2026-08-05 11:39:36.462562,FARM_001,Tomato,29.27,61.63,56.95,33.39,37.76,36.9,0,MEDIUM
2026-08-05 11:49:36.462562,FARM_001,Tomato,18.08,46.97,45.68,54.17,28.76,33.94,0,LOW
2026-08-05 11:59:36.462562,FARM_001,Tomato,23.56,67.08,50.42,35.88,17.94,31.71,0,MEDIUM
2026-08-05 12:09:36.462562,FARM_001,Tomato,25.7,60.35,49.11,36.24,19.1,27.99,0,LOW
2026-08-05 12:19:36.462562,FARM_001,Tomato,26.66,68.4,44.81,17.12,39.82,34.34,0,MEDIUM
2026-08-05 12:29:36.462562,FARM_001,Tomato,23.11,57.11,42.01,20.93,20.65,29.99,0,LOW
2026-08-05 12:39:36.462562,FARM_001,Tomato,25.13,68.56,46.69,0.0,35.91,28.57,0,MEDIUM
2026-08-05 12:49:36.462562,FARM_001,Tomato,18.0,65.22,47.6,52.4,60.34,40.89,0,MEDIUM
2026-08-05 12:59:36.462562,FARM_001,Tomato,22.56,78.06,42.08,0.0,30.22,35.62,0,HIGH
2026-08-05 13:09:36.462562,FARM_001,Tomato,26.68,77.46,45.85,56.06,22.49,36.17,0,HIGH
2026-08-05 13:19:36.462562,FARM_001,Tomato,21.37,73.26,51.3,0.0,39.41,30.27,0,MEDIUM
2026-08-05 13:29:36.462562,FARM_001,Tomato,25.22,65.81,55.56,55.81,19.16,31.44,0,MEDIUM
2026-08-05 13:39:36.462562,FARM_001,Tomato,26.65,81.3,49.36,17.37,56.27,31.08,0,HIGH
2026-08-05 13:49:36.462562,FARM_001,Tomato,23.73,57.59,54.5,0.0,52.29,34.42,0,LOW
2026-08-05 13:59:36.462562,FARM_001,Tomato,25.63,58.6,41.79,44.62,32.53,36.16,0,LOW
2026-08-05 14:09:36.462562,FARM_001,Tomato,21.44,67.44,48.58,54.82,23.29,32.33,0,MEDIUM
2026-08-05 14:19:36.462562,FARM_001,Tomato,24.24,83.1,51.83,14.91,29.24,27.98,0,HIGH
2026-08-05 14:29:36.462562,FARM_001,Tomato,27.26,66.64,40.43,48.74,30.87,36.84,0,MEDIUM
2026-08-05 14:39:36.462562,FARM_001,Tomato,25.58,66.77,42.52,0.0,39.43,32.69,0,MEDIUM
2026-08-05 14:49:36.462562,FARM_001,Tomato,22.83,58.34,53.86,0.0,47.7,24.29,0,LOW
2026-08-05 14:59:36.462562,FARM_001,Tomato,25.83,74.34,40.03,65.44,21.54,20.33,0,LOW
2026-08-05 15:09:36.462562,FARM_001,Tomato,27.64,74.39,38.16,21.17,47.34,34.2,0,HIGH
2026-08-05 15:19:36.462562,FARM_001,Tomato,18.0,73.29,52.79,0.0,42.38,27.77,0,MEDIUM
2026-08-05 15:29:36.462562,FARM_001,Tomato,29.29,63.78,51.1,7.29,28.2,34.96,0,MEDIUM
2026-08-05 15:39:36.462562,FARM_001,Tomato,23.76,63.27,47.2,0.74,20.91,28.08,0,LOW
2026-08-05 15:49:36.462562,FARM_001,Tomato,26.57,59.34,44.77,22.85,36.06,33.26,0,LOW
2026-08-05 15:59:36.462562,FARM_001,Tomato,29.43,68.56,42.76,16.87,21.25,30.34,0,MEDIUM
2026-08-05 16:09:36.462562,FARM_001,Tomato,19.92,60.76,46.44,32.92,47.5,42.49,0,MEDIUM
2026-08-05 16:19:36.462562,FARM_001,Tomato,22.38,60.11,53.06,25.67,20.44,37.92,0,MEDIUM
2026-08-05 16:29:36.462562,FARM_001,Tomato,23.93,65.16,46.22,67.4,41.5,40.18,0,HIGH
2026-08-05 16:39:36.462562,FARM_001,Tomato,22.1,64.72,56.05,40.1,33.58,32.64,0,LOW
2026-08-05 16:49:36.462562,FARM_001,Tomato,31.42,64.4,40.42,41.06,27.54,37.19,0,MEDIUM
2026-08-05 16:59:36.462562,FARM_001,Tomato,21.83,71.13,44.9,61.72,33.3,33.02,0,MEDIUM
2026-08-05 17:09:36.462562,FARM_001,Tomato,22.94,68.53,43.1,16.35,48.21,40.88,0,HIGH
2026-08-05 17:19:36.462562,FARM_001,Tomato,25.76,66.07,39.47,0.0,19.58,32.09,0,MEDIUM
2026-08-05 17:29:36.462562,FARM_001,Tomato,20.55,69.23,44.22,62.94,29.41,24.53,0,LOW
2026-08-05 17:39:36.462562,FARM_001,Tomato,23.54,61.36,47.13,31.67,25.13,21.11,0,LOW
2026-08-05 17:49:36.462562,FARM_001,Tomato,26.17,68.71,47.67,31.77,34.11,42.01,0,HIGH
2026-08-05 17:59:36.462562,FARM_001,Tomato,23.77,69.01,56.07,9.21,25.97,35.23,0,MEDIUM
2026-08-05 18:09:36.462562,FARM_001,Tomato,24.65,57.93,47.37,9.69,12.32,35.6,0,LOW
2026-08-05 18:19:36.462562,FARM_001,Tomato,23.04,74.67,50.87,52.42,21.31,40.99,0,HIGH
2026-08-05 18:29:36.462562,FARM_001,Tomato,19.4,62.09,45.34,56.45,55.24,23.09,0,LOW
2026-08-05 18:39:36.462562,FARM_001,Tomato,26.19,68.61,53.56,50.59,37.71,30.46,0,MEDIUM
2026-08-05 18:49:36.462562,FARM_001,Tomato,31.49,75.8,57.23,50.85,37.28,31.15,0,HIGH
2026-08-05 18:59:36.462562,FARM_001,Tomato,25.07,74.2,47.71,44.32,31.04,36.73,0,HIGH
2026-08-05 19:09:36.462562,FARM_001,Tomato,25.83,68.23,39.94,31.54,33.95,28.55,0,MEDIUM
2026-08-05 19:19:36.462562,FARM_001,Tomato,27.56,65.57,42.2,22.58,29.18,25.65,0,LOW
2026-08-05 19:29:36.462562,FARM_001,Tomato,20.3,74.35,46.44,63.04,41.24,25.6,0,MEDIUM
2026-08-05 19:39:36.462562,FARM_001,Tomato,31.3,72.52,47.33,16.79,35.87,39.05,0,HIGH
2026-08-05 19:49:36.462562,FARM_001,Tomato,25.75,63.86,48.56,38.5,19.84,28.27,0,LOW
2026-08-05 19:59:36.462562,FARM_001,Tomato,31.04,62.67,47.35,4.22,37.8,29.35,0,LOW
2026-08-05 20:09:36.462562,FARM_001,Tomato,22.29,54.12,45.04,8.45,3.62,36.12,0,LOW
2026-08-05 20:19:36.462562,FARM_001,Tomato,31.73,69.03,41.76,20.8,39.81,28.52,0,MEDIUM
2026-08-05 20:29:36.462562,FARM_001,Tomato,27.87,67.45,47.05,4.22,16.84,22.78,0,LOW
2026-08-05 20:39:36.462562,FARM_001,Tomato,27.05,75.61,54.46,51.0,33.39,23.48,0,MEDIUM
2026-08-05 20:49:36.462562,FARM_001,Tomato,25.87,70.41,50.2,0.0,19.55,32.18,0,MEDIUM
2026-08-05 20:59:36.462562,FARM_001,Tomato,24.08,76.94,47.73,30.6,34.64,35.33,0,HIGH
2026-08-05 21:09:36.462562,FARM_001,Tomato,29.44,63.33,50.25,31.57,41.89,31.35,0,LOW
2026-08-05 21:19:36.462562,FARM_001,Tomato,25.52,75.63,43.11,0.0,53.54,34.95,0,HIGH
2026-08-05 21:29:36.462562,FARM_001,Tomato,18.0,64.46,42.41,14.82,15.18,23.31,0,LOW
2026-08-05 21:39:36.462562,FARM_001,Tomato,20.87,73.21,41.19,35.17,46.89,23.69,0,MEDIUM
2026-08-05 21:49:36.462562,FARM_001,Tomato,24.31,58.23,44.36,40.22,36.25,45.35,0,MEDIUM
2026-08-05 21:59:36.462562,FARM_001,Tomato,26.15,69.58,42.85,21.73,28.92,39.53,0,HIGH
2026-08-05 22:09:36.462562,FARM_001,Tomato,24.79,54.7,51.16,47.47,44.17,36.88,0,LOW
2026-08-05 22:19:36.462562,FARM_001,Tomato,29.51,66.21,42.58,24.51,31.63,28.74,0,MEDIUM
2026-08-05 22:29:36.462562,FARM_001,Tomato,18.0,70.95,40.91,28.1,43.64,31.14,0,MEDIUM
2026-08-05 22:39:36.462562,FARM_001,Tomato,25.53,64.51,54.91,35.05,22.1,32.49,0,MEDIUM
2026-08-05 22:49:36.462562,FARM_001,Tomato,18.27,60.96,42.7,54.77,26.62,39.99,0,MEDIUM
2026-08-05 22:59:36.462562,FARM_001,Tomato,27.81,73.67,45.78,7.97,46.49,34.8,0,HIGH
2026-08-05 23:09:36.462562,FARM_001,Tomato,24.65,67.31,47.3,13.48,53.32,35.5,0,MEDIUM
2026-08-05 23:19:36.462562,FARM_001,Tomato,26.55,64.72,39.2,8.17,34.16,31.54,0,MEDIUM
2026-08-05 23:29:36.462562,FARM_001,Tomato,21.8,68.28,51.3,18.0,0.0,37.02,0,MEDIUM
2026-08-05 23:39:36.462562,FARM_001,Tomato,29.73,85.67,48.25,69.35,32.09,34.22,0,HIGH
2026-08-05 23:49:36.462562,FARM_001,Tomato,28.85,75.73,52.95,44.42,35.01,32.75,0,HIGH
2026-08-05 23:59:36.462562,FARM_001,Tomato,27.16,75.79,41.54,0.0,31.67,28.26,0,HIGH
2026-08-06 00:09:36.462562,FARM_001,Tomato,24.52,70.92,45.51,10.17,38.84,31.85,0,MEDIUM
2026-08-06 00:19:36.462562,FARM_001,Tomato,27.15,69.12,45.2,38.58,28.59,26.35,0,MEDIUM
2026-08-06 00:29:36.462562,FARM_001,Tomato,22.38,51.95,46.35,1.23,45.17,32.27,0,LOW
2026-08-06 00:39:36.462562,FARM_001,Tomato,28.17,63.45,37.58,6.52,19.9,33.01,0,MEDIUM
2026-08-06 00:49:36.462562,FARM_001,Tomato,31.1,64.78,45.57,66.97,50.18,18.79,0,LOW
2026-08-06 00:59:36.462562,FARM_001,Tomato,28.96,55.44,37.73,9.79,54.13,31.19,0,LOW
2026-08-06 01:09:36.462562,FARM_001,Tomato,22.3,60.25,46.83,55.58,23.1,25.8,0,LOW
2026-08-06 01:19:36.462562,FARM_001,Tomato,26.34,54.73,34.14,64.36,23.09,35.34,0,LOW
2026-08-06 01:29:36.462562,FARM_001,Tomato,20.22,67.74,35.56,6.28,39.77,36.13,0,MEDIUM
2026-08-06 01:39:36.462562,FARM_001,Tomato,27.12,73.49,49.17,1.71,19.64,30.07,0,HIGH
2026-08-06 01:49:36.462562,FARM_001,Tomato,26.67,75.42,42.21,19.64,28.39,35.63,0,HIGH
2026-08-06 01:59:36.462562,FARM_001,Tomato,18.08,70.78,39.96,0.0,48.49,35.87,0,MEDIUM
2026-08-06 02:09:36.462562,FARM_001,Tomato,20.7,61.55,51.48,31.23,43.89,31.19,0,LOW
2026-08-06 02:19:36.462562,FARM_001,Tomato,23.95,55.06,46.67,21.69,59.55,41.25,0,LOW
2026-08-06 02:29:36.462562,FARM_001,Tomato,23.89,56.23,49.45,38.23,36.75,28.37,0,LOW
2026-08-06 02:39:36.462562,FARM_001,Tomato,20.52,59.5,44.15,68.49,26.9,40.89,0,MEDIUM
2026-08-06 02:49:36.462562,FARM_001,Tomato,26.44,62.04,58.67,51.57,35.25,31.22,0,LOW
2026-08-06 02:59:36.462562,FARM_001,Tomato,25.93,66.93,41.92,41.99,32.7,27.69,0,LOW
2026-08-06 03:09:36.462562,FARM_001,Tomato,24.28,61.21,53.9,0.0,32.88,30.5,0,LOW
2026-08-06 03:19:36.462562,FARM_001,Tomato,22.2,70.27,44.69,40.65,34.3,26.23,0,LOW
2026-08-06 03:29:36.462562,FARM_001,Tomato,28.88,66.44,36.56,78.0,22.86,36.97,0,HIGH
2026-08-06 03:39:36.462562,FARM_001,Tomato,31.13,68.07,47.46,0.0,38.16,23.36,0,LOW
2026-08-06 03:49:36.462562,FARM_001,Tomato,23.21,75.64,46.61,47.83,16.85,40.42,0,HIGH
2026-08-06 03:59:36.462562,FARM_001,Tomato,22.73,60.09,39.64,23.05,25.57,27.17,0,LOW
2026-08-06 04:09:36.462562,FARM_001,Tomato,26.82,70.81,40.3,2.89,33.1,37.27,0,HIGH
2026-08-06 04:19:36.462562,FARM_001,Tomato,23.68,67.91,44.87,51.09,6.13,32.64,0,MEDIUM
2026-08-06 04:29:36.462562,FARM_001,Tomato,24.48,65.77,46.78,77.62,44.29,34.04,0,MEDIUM
2026-08-06 04:39:36.462562,FARM_001,Tomato,27.74,73.93,32.4,50.34,8.73,29.14,1,HIGH
2026-08-06 04:49:36.462562,FARM_001,Tomato,18.0,73.89,50.37,16.86,43.04,34.51,0,HIGH
2026-08-06 04:59:36.462562,FARM_001,Tomato,29.88,61.66,42.48,0.15,18.31,33.27,0,MEDIUM
2026-08-06 05:09:36.462562,FARM_001,Tomato,25.27,66.78,38.21,31.92,29.5,24.19,0,LOW
2026-08-06 05:19:36.462562,FARM_001,Tomato,23.48,69.88,49.8,53.2,41.14,27.01,0,MEDIUM
2026-08-06 05:29:36.462562,FARM_001,Tomato,24.67,66.17,44.88,16.4,62.3,29.42,0,LOW
2026-08-06 05:39:36.462562,FARM_001,Tomato,24.86,71.92,51.2,19.22,36.07,28.2,0,MEDIUM
2026-08-06 05:49:36.462562,FARM_001,Tomato,18.59,69.88,47.23,100.0,9.62,39.64,0,HIGH
2026-08-06 05:59:36.462562,FARM_001,Tomato,30.53,80.28,44.99,59.2,46.62,32.54,0,HIGH
2026-08-06 06:09:36.462562,FARM_001,Tomato,25.15,57.75,44.22,61.28,31.68,28.06,0,LOW
2026-08-06 06:19:36.462562,FARM_001,Tomato,26.64,67.18,47.46,0.0,35.48,29.7,0,MEDIUM
2026-08-06 06:29:36.462562,FARM_001,Tomato,28.52,61.91,42.89,7.05,41.63,29.62,0,LOW
2026-08-06 06:39:36.462562,FARM_001,Tomato,21.22,72.05,40.65,29.88,6.56,30.86,0,MEDIUM
2026-08-06 06:49:36.462562,FARM_001,Tomato,26.75,57.16,48.11,0.0,34.68,26.37,0,LOW
2026-08-06 06:59:36.462562,FARM_001,Tomato,24.01,70.32,44.26,74.43,29.44,27.86,0,MEDIUM
2026-08-06 07:09:36.462562,FARM_001,Tomato,28.13,63.78,45.17,68.88,50.0,36.87,0,MEDIUM
2026-08-06 07:19:36.462562,FARM_001,Tomato,18.0,63.08,50.56,12.12,43.76,33.56,0,LOW
2026-08-06 07:29:36.462562,FARM_001,Tomato,24.63,58.31,44.42,79.79,14.1,31.63,0,LOW
2026-08-06 07:39:36.462562,FARM_001,Tomato,22.77,64.88,45.08,27.58,50.51,32.51,0,MEDIUM
2026-08-06 07:49:36.462562,FARM_001,Tomato,26.6,75.27,41.94,100.0,40.26,32.24,0,HIGH
2026-08-06 07:59:36.462562,FARM_001,Tomato,26.74,67.83,47.2,31.92,15.1,31.31,0,MEDIUM
2026-08-06 08:09:36.462562,FARM_001,Tomato,22.38,72.21,46.78,44.52,35.3,35.45,0,HIGH
2026-08-06 08:19:36.462562,FARM_001,Tomato,22.36,79.15,49.59,68.58,47.64,35.03,0,HIGH
2026-08-06 08:29:36.462562,FARM_001,Tomato,24.59,69.77,42.05,65.01,19.3,23.54,0,LOW
2026-08-06 08:39:36.462562,FARM_001,Tomato,21.68,64.26,42.67,42.61,51.96,31.75,0,LOW
2026-08-06 08:49:36.462562,FARM_001,Tomato,28.12,71.13,49.04,23.58,15.54,23.92,0,MEDIUM
2026-08-06 08:59:36.462562,FARM_001,Tomato,23.63,64.35,46.29,42.71,24.63,36.12,0,MEDIUM
2026-08-06 09:09:36.462562,FARM_001,Tomato,18.0,64.62,40.38,3.87,22.72,36.88,0,MEDIUM
2026-08-06 09:19:36.462562,FARM_001,Tomato,23.61,57.82,51.66,32.14,51.95,29.02,0,LOW
2026-08-06 09:29:36.462562,FARM_001,Tomato,21.16,74.21,36.34,0.0,28.41,31.83,0,HIGH
2026-08-06 09:39:36.462562,FARM_001,Tomato,18.96,65.41,49.0,0.0,19.95,20.46,0,LOW
2026-08-06 09:49:36.462562,FARM_001,Tomato,20.42,69.22,38.55,29.17,40.21,38.04,0,HIGH
2026-08-06 09:59:36.462562,FARM_001,Tomato,25.4,61.06,54.62,64.56,42.93,36.55,0,MEDIUM
2026-08-06 10:09:36.462562,FARM_001,Tomato,29.92,70.92,37.12,54.73,43.01,39.06,0,HIGH
2026-08-06 10:19:36.462562,FARM_001,Tomato,26.16,62.89,50.88,25.31,31.18,40.97,0,MEDIUM
2026-08-06 10:29:36.462562,FARM_001,Tomato,22.76,67.05,44.58,78.71,37.81,25.52,0,LOW
2026-08-06 10:39:36.462562,FARM_001,Tomato,26.69,73.88,43.13,11.08,26.41,37.56,0,HIGH
2026-08-06 10:49:36.462562,FARM_001,Tomato,23.3,73.3,45.95,0.0,55.7,40.93,0,HIGH
2026-08-06 10:59:36.462562,FARM_001,Tomato,22.43,67.85,48.22,0.0,49.02,23.98,0,LOW
2026-08-06 11:09:36.462562,FARM_001,Tomato,20.73,56.15,40.39,0.0,48.25,31.52,0,LOW
2026-08-06 11:19:36.462562,FARM_001,Tomato,18.52,88.05,40.84,51.55,44.61,30.43,0,HIGH
2026-08-06 11:29:36.462562,FARM_001,Tomato,23.56,79.7,48.31,9.16,41.15,37.38,0,HIGH
2026-08-06 11:39:36.462562,FARM_001,Tomato,25.58,72.84,36.29,41.16,18.92,18.85,0,LOW
2026-08-06 11:49:36.462562,FARM_001,Tomato,24.64,62.95,42.02,75.77,42.58,42.85,0,HIGH
2026-08-06 11:59:36.462562,FARM_001,Tomato,23.46,67.24,60.0,0.0,36.04,31.86,0,MEDIUM
2026-08-06 12:09:36.462562,FARM_001,Tomato,21.5,64.36,40.06,41.67,50.52,37.72,0,MEDIUM
2026-08-06 12:19:36.462562,FARM_001,Tomato,27.25,76.47,50.85,43.44,44.77,32.16,0,HIGH
2026-08-06 12:29:36.462562,FARM_001,Tomato,20.13,69.76,42.01,2.57,41.53,35.31,0,MEDIUM
2026-08-06 12:39:36.462562,FARM_001,Tomato,27.87,62.75,47.6,67.24,13.38,19.27,0,LOW
2026-08-06 12:49:36.462562,FARM_001,Tomato,21.29,64.85,48.34,19.3,33.48,30.31,0,LOW
2026-08-06 12:59:36.462562,FARM_001,Tomato,22.22,75.51,50.76,16.49,27.57,37.33,0,HIGH
2026-08-06 13:09:36.462562,FARM_001,Tomato,19.57,78.72,43.98,89.36,37.78,34.15,0,HIGH
2026-08-06 13:19:36.462562,FARM_001,Tomato,23.14,78.24,55.14,42.96,29.36,23.17,0,MEDIUM
2026-08-06 13:29:36.462562,FARM_001,Tomato,28.61,73.07,41.99,54.72,31.12,32.85,0,HIGH
2026-08-06 13:39:36.462562,FARM_001,Tomato,26.91,66.31,46.19,67.26,40.38,27.83,0,LOW
2026-08-06 13:49:36.462562,FARM_001,Tomato,28.62,46.28,46.25,8.71,29.16,27.34,0,LOW
2026-08-06 13:59:36.462562,FARM_001,Tomato,26.93,69.99,39.28,64.19,36.13,23.83,0,LOW
2026-08-06 14:09:36.462562,FARM_001,Tomato,20.92,67.99,43.54,13.04,15.46,36.03,0,MEDIUM
2026-08-06 14:19:36.462562,FARM_001,Tomato,23.78,68.94,45.82,11.8,24.11,38.84,0,HIGH
2026-08-06 14:29:36.462562,FARM_001,Tomato,22.11,68.36,42.8,19.76,42.87,44.58,0,HIGH
2026-08-06 14:39:36.462562,FARM_001,Tomato,29.92,59.11,57.45,9.54,19.1,24.1,0,LOW
2026-08-06 14:49:36.462562,FARM_001,Tomato,20.57,71.73,40.72,51.71,50.3,36.87,0,HIGH
2026-08-06 14:59:36.462562,FARM_001,Tomato,28.31,72.24,51.02,35.5,46.88,37.25,0,HIGH
2026-08-06 15:09:36.462562,FARM_001,Tomato,28.3,72.57,49.37,13.36,31.22,29.19,0,MEDIUM
2026-08-06 15:19:36.462562,FARM_001,Tomato,31.77,74.34,44.93,47.4,72.38,27.27,0,HIGH
2026-08-06 15:29:36.462562,FARM_001,Tomato,23.48,72.05,40.59,19.66,50.26,26.31,0,MEDIUM
2026-08-06 15:39:36.462562,FARM_001,Tomato,27.64,65.25,41.08,18.12,22.64,29.49,0,LOW
2026-08-06 15:49:36.462562,FARM_001,Tomato,33.44,67.53,42.36,29.12,44.0,33.65,0,MEDIUM
2026-08-06 15:59:36.462562,FARM_001,Tomato,22.71,68.61,35.89,41.23,35.43,40.25,0,HIGH
2026-08-06 16:09:36.462562,FARM_001,Tomato,19.32,68.72,39.88,39.08,24.81,38.8,0,HIGH
2026-08-06 16:19:36.462562,FARM_001,Tomato,18.04,74.69,37.44,17.09,21.12,23.29,0,MEDIUM
2026-08-06 16:29:36.462562,FARM_001,Tomato,27.64,72.31,51.86,52.44,47.14,28.0,0,MEDIUM
2026-08-06 16:39:36.462562,FARM_001,Tomato,18.03,81.92,48.15,21.21,27.07,39.91,0,HIGH
2026-08-06 16:49:36.462562,FARM_001,Tomato,23.62,82.78,49.01,8.57,33.32,28.33,0,HIGH
2026-08-06 16:59:36.462562,FARM_001,Tomato,26.62,68.53,48.0,0.0,23.0,32.18,0,MEDIUM
2026-08-06 17:09:36.462562,FARM_001,Tomato,25.69,45.0,45.85,56.41,25.17,22.78,0,LOW
2026-08-06 17:19:36.462562,FARM_001,Tomato,26.57,76.29,52.45,28.06,33.0,39.07,0,HIGH
2026-08-06 17:29:36.462562,FARM_001,Tomato,25.82,64.38,41.89,33.86,39.49,21.6,0,LOW
2026-08-06 17:39:36.462562,FARM_001,Tomato,29.73,62.63,45.54,58.24,1.99,23.14,0,LOW
2026-08-06 17:49:36.462562,FARM_001,Tomato,21.48,65.33,48.81,13.76,34.81,38.49,0,MEDIUM
2026-08-06 17:59:36.462562,FARM_001,Tomato,22.5,65.01,38.26,0.0,25.2,43.44,0,HIGH
2026-08-06 18:09:36.462562,FARM_001,Tomato,22.14,72.1,60.0,29.74,52.27,30.84,0,MEDIUM
2026-08-06 18:19:36.462562,FARM_001,Tomato,28.07,57.55,45.15,36.69,71.68,32.23,0,LOW
2026-08-06 18:29:36.462562,FARM_001,Tomato,28.33,60.78,45.72,20.02,30.07,37.68,0,MEDIUM
2026-08-06 18:39:36.462562,FARM_001,Tomato,26.67,70.3,51.41,70.73,12.9,34.15,0,HIGH
2026-08-06 18:49:36.462562,FARM_001,Tomato,29.38,72.17,49.67,0.0,36.07,30.37,0,HIGH
2026-08-06 18:59:36.462562,FARM_001,Tomato,20.64,72.3,45.19,60.41,32.01,29.73,0,MEDIUM
2026-08-06 19:09:36.462562,FARM_001,Tomato,31.17,62.73,45.66,50.8,59.44,23.57,0,LOW
2026-08-06 19:19:36.462562,FARM_001,Tomato,30.64,61.45,37.33,41.04,55.6,33.83,0,MEDIUM
2026-08-06 19:29:36.462562,FARM_001,Tomato,27.72,64.61,42.16,0.0,45.5,31.98,0,MEDIUM
2026-08-06 19:39:36.462562,FARM_001,Tomato,31.59,69.61,47.64,65.19,27.21,30.0,0,MEDIUM
2026-08-06 19:49:36.462562,FARM_001,Tomato,18.87,77.95,47.26,0.0,43.14,26.79,0,MEDIUM
2026-08-06 19:59:36.462562,FARM_001,Tomato,23.06,54.28,51.23,12.88,37.94,27.37,0,LOW
2026-08-06 20:09:36.462562,FARM_001,Tomato,22.28,66.52,44.39,22.72,37.64,36.02,0,MEDIUM
2026-08-06 20:19:36.462562,FARM_001,Tomato,27.67,59.07,37.92,39.6,14.97,37.53,0,MEDIUM
2026-08-06 20:29:36.462562,FARM_001,Tomato,21.11,56.93,50.39,46.37,47.98,30.64,0,LOW
2026-08-06 20:39:36.462562,FARM_001,Tomato,27.8,74.48,52.32,53.77,35.96,30.03,0,HIGH
2026-08-06 20:49:36.462562,FARM_001,Tomato,30.07,71.65,49.58,51.52,33.33,27.63,0,MEDIUM
2026-08-06 20:59:36.462562,FARM_001,Tomato,27.57,71.01,44.17,35.09,27.04,37.84,0,HIGH
2026-08-06 21:09:36.462562,FARM_001,Tomato,26.05,74.17,50.33,39.84,24.6,32.68,0,HIGH
2026-08-06 21:19:36.462562,FARM_001,Tomato,21.34,64.79,60.0,0.0,38.6,34.6,0,MEDIUM
2026-08-06 21:29:36.462562,FARM_001,Tomato,21.87,65.1,45.59,5.77,12.56,34.54,0,MEDIUM
2026-08-06 21:39:36.462562,FARM_001,Tomato,29.62,82.64,38.31,53.85,44.55,30.75,0,HIGH
2026-08-06 21:49:36.462562,FARM_001,Tomato,27.88,66.35,42.01,52.15,21.32,25.86,0,LOW
2026-08-06 21:59:36.462562,FARM_001,Tomato,24.86,72.93,48.19,48.83,8.66,26.82,0,MEDIUM
2026-08-06 22:09:36.462562,FARM_001,Tomato,23.45,68.04,36.82,12.68,57.56,38.93,0,HIGH
2026-08-06 22:19:36.462562,FARM_001,Tomato,18.0,55.62,45.86,54.29,23.79,28.36,0,LOW
2026-08-06 22:29:36.462562,FARM_001,Tomato,21.04,54.3,46.94,0.0,25.5,30.16,0,LOW
2026-08-06 22:39:36.462562,FARM_001,Tomato,32.07,64.12,52.83,59.16,48.9,26.03,0,LOW
2026-08-06 22:49:36.462562,FARM_001,Tomato,20.26,75.08,51.68,20.08,57.97,25.57,0,MEDIUM
2026-08-06 22:59:36.462562,FARM_001,Tomato,25.7,73.28,49.41,76.88,15.28,28.12,0,MEDIUM
2026-08-06 23:09:36.462562,FARM_001,Tomato,28.73,74.12,33.97,0.0,22.55,42.12,0,HIGH
2026-08-06 23:19:36.462562,FARM_001,Tomato,20.36,61.39,49.7,79.19,23.48,36.25,0,LOW
2026-08-06 23:29:36.462562,FARM_001,Tomato,25.68,78.83,48.6,17.15,46.38,29.5,0,HIGH
2026-08-06 23:39:36.462562,FARM_001,Tomato,28.47,61.54,46.31,16.62,55.25,38.67,0,MEDIUM
2026-08-06 23:49:36.462562,FARM_001,Tomato,25.05,69.43,36.18,33.39,20.99,31.63,0,MEDIUM
2026-08-06 23:59:36.462562,FARM_001,Tomato,34.0,67.93,41.04,7.35,52.43,40.22,0,HIGH
2026-08-07 00:09:36.462562,FARM_001,Tomato,18.83,66.84,39.05,25.59,25.67,45.11,0,HIGH
2026-08-07 00:19:36.462562,FARM_001,Tomato,28.92,76.97,34.72,6.16,38.84,38.36,0,HIGH
2026-08-07 00:29:36.462562,FARM_001,Tomato,24.36,63.28,44.99,7.23,18.58,33.04,0,LOW
2026-08-07 00:39:36.462562,FARM_001,Tomato,27.86,58.96,40.93,41.92,33.06,36.49,0,LOW
2026-08-07 00:49:36.462562,FARM_001,Tomato,26.63,68.13,58.39,1.37,33.2,32.59,0,MEDIUM
2026-08-07 00:59:36.462562,FARM_001,Tomato,22.29,65.32,44.14,5.27,30.63,22.03,0,LOW
2026-08-07 01:09:36.462562,FARM_001,Tomato,25.85,90.0,51.6,0.0,39.45,28.77,0,HIGH
2026-08-07 01:19:36.462562,FARM_001,Tomato,18.13,72.53,37.0,12.99,21.91,27.08,0,MEDIUM
2026-08-07 01:29:36.462562,FARM_001,Tomato,27.23,65.26,42.3,66.0,23.47,28.64,0,LOW
2026-08-07 01:39:36.462562,FARM_001,Tomato,26.1,60.92,45.49,3.0,40.12,42.72,0,MEDIUM
2026-08-07 01:49:36.462562,FARM_001,Tomato,27.36,55.4,40.37,6.34,51.51,38.9,0,LOW
2026-08-07 01:59:36.462562,FARM_001,Tomato,28.92,61.13,42.85,33.36,34.31,35.01,0,MEDIUM
2026-08-07 02:09:36.462562,FARM_001,Tomato,26.36,68.77,43.89,16.87,40.95,37.13,0,HIGH
2026-08-07 02:19:36.462562,FARM_001,Tomato,25.55,77.56,43.81,92.76,44.15,21.71,0,MEDIUM
2026-08-07 02:29:36.462562,FARM_001,Tomato,21.74,75.52,54.46,22.95,45.06,36.65,0,HIGH
2026-08-07 02:39:36.462562,FARM_001,Tomato,22.36,69.53,46.93,37.49,22.59,37.86,0,HIGH
2026-08-07 02:49:36.462562,FARM_001,Tomato,29.39,65.83,47.45,55.26,24.81,19.73,0,LOW
2026-08-07 02:59:36.462562,FARM_001,Tomato,30.31,69.8,47.75,54.7,25.91,36.86,0,HIGH
2026-08-07 03:09:36.462562,FARM_001,Tomato,24.12,64.53,48.12,34.51,58.9,24.38,0,LOW
2026-08-07 03:19:36.462562,FARM_001,Tomato,25.17,79.51,44.58,23.0,41.0,21.27,0,MEDIUM
2026-08-07 03:29:36.462562,FARM_001,Tomato,21.65,66.73,43.36,86.8,40.44,40.06,0,HIGH
2026-08-07 03:39:36.462562,FARM_001,Tomato,29.34,67.42,45.85,24.79,39.21,26.76,0,LOW
2026-08-07 03:49:36.462562,FARM_001,Tomato,27.46,53.15,50.9,14.8,17.96,28.42,0,LOW
2026-08-07 03:59:36.462562,FARM_001,Tomato,32.18,66.69,50.74,8.84,59.02,38.14,0,HIGH
2026-08-07 04:09:36.462562,FARM_001,Tomato,21.75,73.6,43.77,0.0,40.64,30.76,0,MEDIUM
2026-08-07 04:19:36.462562,FARM_001,Tomato,23.6,60.85,48.92,51.69,43.71,31.47,0,LOW
2026-08-07 04:29:36.462562,FARM_001,Tomato,25.86,62.97,44.01,0.0,12.35,31.35,0,LOW
2026-08-07 04:39:36.462562,FARM_001,Tomato,27.39,73.31,45.17,27.53,44.42,34.48,0,HIGH
2026-08-07 04:49:36.462562,FARM_001,Tomato,24.2,58.11,42.59,21.72,30.11,31.21,0,LOW
2026-08-07 04:59:36.462562,FARM_001,Tomato,21.77,75.09,44.07,93.11,17.93,33.15,0,HIGH
2026-08-07 05:09:36.462562,FARM_001,Tomato,28.26,64.43,51.84,0.0,22.58,29.63,0,LOW
2026-08-07 05:19:36.462562,FARM_001,Tomato,27.67,65.4,45.47,1.39,18.66,34.51,0,MEDIUM
2026-08-07 05:29:36.462562,FARM_001,Tomato,21.61,60.47,45.69,23.73,18.45,34.29,0,LOW
2026-08-07 05:39:36.462562,FARM_001,Tomato,30.02,70.53,37.62,21.93,35.36,43.32,0,HIGH
2026-08-07 05:49:36.462562,FARM_001,Tomato,29.33,84.48,43.42,11.65,29.73,30.33,0,HIGH
2026-08-07 05:59:36.462562,FARM_001,Tomato,25.5,73.24,43.77,25.34,38.81,31.45,0,HIGH
2026-08-07 06:09:36.462562,FARM_001,Tomato,25.29,62.21,40.77,0.0,55.72,33.86,0,LOW
2026-08-07 06:19:36.462562,FARM_001,Tomato,27.05,75.61,45.11,38.13,32.97,38.0,0,HIGH
2026-08-07 06:29:36.462562,FARM_001,Tomato,21.81,65.88,42.81,0.0,6.31,26.28,0,LOW
2026-08-07 06:39:36.462562,FARM_001,Tomato,25.11,77.21,45.41,26.95,31.55,33.09,0,HIGH
2026-08-07 06:49:36.462562,FARM_001,Tomato,18.0,73.4,45.62,10.17,49.64,18.21,0,LOW
2026-08-07 06:59:36.462562,FARM_001,Tomato,28.24,48.28,40.13,57.38,33.52,30.95,0,LOW
2026-08-07 07:09:36.462562,FARM_001,Tomato,19.22,61.27,42.97,78.96,53.87,38.61,0,MEDIUM
2026-08-07 07:19:36.462562,FARM_001,Tomato,30.56,74.33,45.39,18.03,40.31,28.36,0,HIGH
2026-08-07 07:29:36.462562,FARM_001,Tomato,23.78,69.02,51.04,68.31,11.44,33.51,0,MEDIUM
2026-08-07 07:39:36.462562,FARM_001,Tomato,24.22,61.14,46.31,18.47,35.98,29.49,0,LOW
2026-08-07 07:49:36.462562,FARM_001,Tomato,22.68,63.75,41.62,0.0,38.34,27.6,0,LOW
2026-08-07 07:59:36.462562,FARM_001,Tomato,23.93,55.23,47.03,78.68,48.21,38.04,0,LOW
2026-08-07 08:09:36.462562,FARM_001,Tomato,30.25,67.41,53.71,42.91,57.53,26.54,0,LOW
2026-08-07 08:19:36.462562,FARM_001,Tomato,18.0,82.81,49.68,27.83,46.04,34.17,0,HIGH
2026-08-07 08:29:36.462562,FARM_001,Tomato,29.72,73.39,47.79,47.77,40.15,34.26,0,HIGH
2026-08-07 08:39:36.462562,FARM_001,Tomato,26.25,82.68,48.7,35.71,43.12,27.64,0,HIGH
2026-08-07 08:49:36.462562,FARM_001,Tomato,20.53,73.91,52.34,25.68,32.48,33.39,0,HIGH
2026-08-07 08:59:36.462562,FARM_001,Tomato,21.02,74.88,50.49,0.0,16.17,27.17,0,MEDIUM
2026-08-07 09:09:36.462562,FARM_001,Tomato,31.2,81.23,47.89,19.8,35.12,35.47,0,HIGH
2026-08-07 09:19:36.462562,FARM_001,Tomato,21.5,70.53,50.45,45.9,39.2,25.0,0,LOW
2026-08-07 09:29:36.462562,FARM_001,Tomato,20.73,66.75,39.48,24.12,19.43,30.56,0,LOW
2026-08-07 09:39:36.462562,FARM_001,Tomato,29.21,74.92,37.34,54.05,51.32,31.06,0,HIGH
2026-08-07 09:49:36.462562,FARM_001,Tomato,26.25,77.74,45.8,38.9,47.27,38.84,0,HIGH
2026-08-07 09:59:36.462562,FARM_001,Tomato,21.53,64.78,45.35,2.06,17.32,33.3,0,MEDIUM
2026-08-07 10:09:36.462562,FARM_001,Tomato,25.8,63.17,42.23,0.0,51.81,37.94,0,MEDIUM
2026-08-07 10:19:36.462562,FARM_001,Tomato,21.2,68.93,49.21,23.11,30.72,35.66,0,MEDIUM
2026-08-07 10:29:36.462562,FARM_001,Tomato,29.07,73.57,35.5,12.39,24.79,35.63,0,HIGH
2026-08-07 10:39:36.462562,FARM_001,Tomato,28.93,73.35,42.27,37.52,48.2,30.61,0,HIGH
2026-08-07 10:49:36.462562,FARM_001,Tomato,26.97,58.46,42.53,6.73,33.96,38.32,0,MEDIUM
2026-08-07 10:59:36.462562,FARM_001,Tomato,26.34,80.81,36.65,9.73,58.53,30.47,0,HIGH
2026-08-07 11:09:36.462562,FARM_001,Tomato,31.52,63.7,52.62,58.45,23.85,22.64,0,LOW
2026-08-07 11:19:36.462562,FARM_001,Tomato,25.0,66.22,38.07,32.03,12.78,31.28,0,MEDIUM
2026-08-07 11:29:36.462562,FARM_001,Tomato,20.63,61.95,42.0,7.18,31.07,35.08,0,LOW
2026-08-07 11:39:36.462562,FARM_001,Tomato,26.66,86.08,49.63,28.22,44.54,23.34,0,HIGH
2026-08-07 11:49:36.462562,FARM_001,Tomato,32.72,69.62,48.29,67.96,22.92,27.45,0,MEDIUM
2026-08-07 11:59:36.462562,FARM_001,Tomato,21.25,62.3,39.35,36.28,17.84,25.49,0,LOW
2026-08-07 12:09:36.462562,FARM_001,Tomato,23.66,73.79,48.48,45.01,37.48,36.98,0,HIGH
2026-08-07 12:19:36.462562,FARM_001,Tomato,26.54,73.15,46.48,5.73,16.16,42.04,0,HIGH
2026-08-07 12:29:36.462562,FARM_001,Tomato,24.8,66.74,56.9,57.67,38.46,31.3,0,MEDIUM
2026-08-07 12:39:36.462562,FARM_001,Tomato,21.37,73.63,47.06,95.39,30.31,35.53,0,HIGH
2026-08-07 12:49:36.462562,FARM_001,Tomato,29.15,62.47,44.28,4.59,40.83,35.38,0,MEDIUM
2026-08-07 12:59:36.462562,FARM_001,Tomato,33.58,64.7,40.63,0.0,17.16,41.36,0,HIGH
2026-08-07 13:09:36.462562,FARM_001,Tomato,25.73,54.53,41.2,32.83,50.96,28.78,0,LOW
2026-08-07 13:19:36.462562,FARM_001,Tomato,21.65,59.13,40.79,53.26,32.29,31.25,0,LOW
2026-08-07 13:29:36.462562,FARM_001,Tomato,19.27,80.11,51.99,25.03,44.22,30.56,0,HIGH
2026-08-07 13:39:36.462562,FARM_001,Tomato,25.95,79.0,45.09,0.0,46.69,32.93,0,HIGH
2026-08-07 13:49:36.462562,FARM_001,Tomato,29.08,68.44,47.88,24.53,20.02,46.77,0,HIGH
2026-08-07 13:59:36.462562,FARM_001,Tomato,26.76,79.14,52.72,45.16,45.72,32.68,0,HIGH
2026-08-07 14:09:36.462562,FARM_001,Tomato,24.99,66.93,32.97,15.81,16.64,27.63,1,LOW
2026-08-07 14:19:36.462562,FARM_001,Tomato,22.82,66.37,51.52,45.43,17.34,25.92,0,LOW
2026-08-07 14:29:36.462562,FARM_001,Tomato,20.96,68.38,45.28,61.71,59.35,39.64,0,HIGH
2026-08-07 14:39:36.462562,FARM_001,Tomato,28.09,67.16,47.22,34.71,48.61,27.6,0,LOW
2026-08-07 14:49:36.462562,FARM_001,Tomato,28.38,66.56,40.78,26.88,60.73,36.28,0,MEDIUM
2026-08-07 14:59:36.462562,FARM_001,Tomato,19.28,75.66,41.15,51.92,29.94,28.63,0,MEDIUM
2026-08-07 15:09:36.462562,FARM_001,Tomato,30.88,69.01,47.49,2.7,35.89,25.28,0,MEDIUM
2026-08-07 15:19:36.462562,FARM_001,Tomato,27.12,72.77,57.16,0.0,41.24,35.95,0,HIGH
2026-08-07 15:29:36.462562,FARM_001,Tomato,30.18,74.91,50.12,19.92,34.45,28.9,0,HIGH
2026-08-07 15:39:36.462562,FARM_001,Tomato,20.03,70.6,51.45,13.34,25.2,34.92,0,MEDIUM
2026-08-07 15:49:36.462562,FARM_001,Tomato,19.95,61.5,44.02,4.24,23.31,35.35,0,LOW
2026-08-07 15:59:36.462562,FARM_001,Tomato,24.45,58.94,41.94,81.15,37.29,35.61,0,LOW
2026-08-07 16:09:36.462562,FARM_001,Tomato,26.86,69.0,41.02,91.12,21.16,30.97,0,MEDIUM
2026-08-07 16:19:36.462562,FARM_001,Tomato,31.65,66.85,42.51,17.37,20.8,36.41,0,HIGH
2026-08-07 16:29:36.462562,FARM_001,Tomato,27.61,68.59,34.53,30.38,39.56,27.24,0,MEDIUM
2026-08-07 16:39:36.462562,FARM_001,Tomato,24.1,67.89,41.3,22.21,33.4,18.51,0,LOW
2026-08-07 16:49:36.462562,FARM_001,Tomato,21.2,85.31,42.14,60.04,46.41,36.53,0,HIGH
2026-08-07 16:59:36.462562,FARM_001,Tomato,29.55,59.09,44.11,65.82,29.25,33.44,0,LOW
2026-08-07 17:09:36.462562,FARM_001,Tomato,21.43,54.67,45.67,0.0,27.28,29.02,0,LOW
2026-08-07 17:19:36.462562,FARM_001,Tomato,31.03,70.23,46.85,41.6,39.94,24.11,0,MEDIUM
2026-08-07 17:29:36.462562,FARM_001,Tomato,23.95,65.48,44.92,0.0,24.37,20.89,0,LOW
2026-08-07 17:39:36.462562,FARM_001,Tomato,30.89,70.12,42.03,79.04,26.31,32.79,0,HIGH
2026-08-07 17:49:36.462562,FARM_001,Tomato,27.51,71.91,34.99,40.56,26.81,41.9,0,HIGH
2026-08-07 17:59:36.462562,FARM_001,Tomato,24.49,76.6,42.07,3.66,31.96,31.71,0,HIGH
2026-08-07 18:09:36.462562,FARM_001,Tomato,23.08,57.9,40.04,20.65,56.93,30.44,0,LOW
2026-08-07 18:19:36.462562,FARM_001,Tomato,23.74,64.27,47.38,19.26,17.25,32.36,0,LOW
2026-08-07 18:29:36.462562,FARM_001,Tomato,26.58,70.87,49.64,43.03,50.92,44.92,0,HIGH
2026-08-07 18:39:36.462562,FARM_001,Tomato,25.29,73.16,49.79,58.12,43.9,36.79,0,HIGH
2026-08-07 18:49:36.462562,FARM_001,Tomato,22.8,82.7,48.86,0.0,54.34,27.18,0,HIGH
2026-08-07 18:59:36.462562,FARM_001,Tomato,24.39,74.4,44.32,81.39,74.12,32.66,0,HIGH
2026-08-07 19:09:36.462562,FARM_001,Tomato,25.29,67.62,42.34,74.59,52.64,34.39,0,MEDIUM
2026-08-07 19:19:36.462562,FARM_001,Tomato,18.0,62.03,41.19,2.14,46.26,26.48,0,LOW
2026-08-07 19:29:36.462562,FARM_001,Tomato,26.7,64.22,37.31,29.83,18.06,36.83,0,MEDIUM
2026-08-07 19:39:36.462562,FARM_001,Tomato,21.38,64.03,50.06,77.66,19.65,27.84,0,LOW
2026-08-07 19:49:36.462562,FARM_001,Tomato,20.73,72.39,44.11,63.7,39.14,23.89,0,LOW
2026-08-07 19:59:36.462562,FARM_001,Tomato,18.76,69.72,38.64,17.87,13.2,32.93,0,MEDIUM
2026-08-07 20:09:36.462562,FARM_001,Tomato,18.36,59.13,40.78,51.48,42.35,32.03,0,LOW
2026-08-07 20:19:36.462562,FARM_001,Tomato,19.98,65.08,40.58,100.0,7.7,32.49,0,LOW
2026-08-07 20:29:36.462562,FARM_001,Tomato,22.38,73.88,45.22,30.77,49.12,28.14,0,MEDIUM
2026-08-07 20:39:36.462562,FARM_001,Tomato,32.23,70.36,50.44,9.23,30.55,28.94,0,MEDIUM
2026-08-07 20:49:36.462562,FARM_001,Tomato,23.05,71.81,43.23,32.73,36.2,38.93,0,HIGH
2026-08-07 20:59:36.462562,FARM_001,Tomato,25.66,70.57,33.51,34.9,25.17,35.01,0,HIGH
2026-08-07 21:09:36.462562,FARM_001,Tomato,26.48,78.9,44.04,12.38,10.68,27.05,0,HIGH
2026-08-07 21:19:36.462562,FARM_001,Tomato,25.48,69.58,44.2,40.6,50.16,21.38,0,LOW
2026-08-07 21:29:36.462562,FARM_001,Tomato,24.71,65.41,43.85,0.0,51.43,27.29,0,LOW
2026-08-07 21:39:36.462562,FARM_001,Tomato,20.58,61.86,41.8,8.27,30.17,33.4,0,LOW
2026-08-07 21:49:36.462562,FARM_001,Tomato,30.37,69.67,46.11,49.84,42.94,28.9,0,MEDIUM
2026-08-07 21:59:36.462562,FARM_001,Tomato,31.69,51.65,45.34,0.0,29.67,28.45,0,LOW
2026-08-07 22:09:36.462562,FARM_001,Tomato,18.77,66.77,44.87,54.07,38.23,29.14,0,LOW
2026-08-07 22:19:36.462562,FARM_001,Tomato,21.21,66.62,47.1,0.0,44.17,32.09,0,MEDIUM
2026-08-07 22:29:36.462562,FARM_001,Tomato,23.96,58.86,42.81,0.0,41.59,36.97,0,LOW
2026-08-07 22:39:36.462562,FARM_001,Tomato,21.43,61.78,42.52,13.13,51.5,32.5,0,LOW
2026-08-07 22:49:36.462562,FARM_001,Tomato,26.87,73.42,52.04,36.08,41.14,32.85,0,HIGH
2026-08-07 22:59:36.462562,FARM_001,Tomato,22.31,69.55,47.85,66.4,34.95,31.22,0,MEDIUM
2026-08-07 23:09:36.462562,FARM_001,Tomato,33.01,68.68,49.22,29.38,25.01,29.65,0,MEDIUM
2026-08-07 23:19:36.462562,FARM_001,Tomato,29.41,70.05,51.25,20.5,28.57,37.6,0,HIGH
2026-08-07 23:29:36.462562,FARM_001,Tomato,25.79,68.62,47.68,44.62,44.81,36.73,0,HIGH
2026-08-07 23:39:36.462562,FARM_001,Tomato,28.8,76.33,49.73,2.27,15.68,44.16,0,HIGH
2026-08-07 23:49:36.462562,FARM_001,Tomato,29.09,68.83,36.95,31.77,48.53,35.98,0,HIGH
2026-08-07 23:59:36.462562,FARM_001,Tomato,22.91,58.23,46.04,0.0,31.06,29.66,0,LOW
2026-08-08 00:09:36.462562,FARM_001,Tomato,21.98,78.92,44.07,30.11,24.29,27.34,0,HIGH
2026-08-08 00:19:36.462562,FARM_001,Tomato,25.29,70.48,53.56,23.91,20.76,37.93,0,HIGH
2026-08-08 00:29:36.462562,FARM_001,Tomato,28.19,64.05,49.73,4.22,43.1,27.85,0,LOW
2026-08-08 00:39:36.462562,FARM_001,Tomato,25.51,59.6,41.78,32.52,34.42,37.12,0,LOW
2026-08-08 00:49:36.462562,FARM_001,Tomato,19.17,70.65,46.9,32.33,54.62,28.17,0,MEDIUM
2026-08-08 00:59:36.462562,FARM_001,Tomato,22.03,67.21,45.86,62.02,18.69,34.49,0,MEDIUM
2026-08-08 01:09:36.462562,FARM_001,Tomato,24.73,78.55,47.32,0.0,27.32,26.46,0,HIGH
2026-08-08 01:19:36.462562,FARM_001,Tomato,24.72,65.68,39.8,25.48,33.44,36.95,0,MEDIUM
2026-08-08 01:29:36.462562,FARM_001,Tomato,32.3,62.39,46.84,5.5,25.13,25.47,0,LOW
2026-08-08 01:39:36.462562,FARM_001,Tomato,19.87,74.0,43.84,53.1,34.68,34.06,0,HIGH
2026-08-08 01:49:36.462562,FARM_001,Tomato,26.87,74.2,46.44,49.71,38.63,31.37,0,HIGH
2026-08-08 01:59:36.462562,FARM_001,Tomato,30.51,69.13,41.31,42.53,40.7,33.08,0,MEDIUM
2026-08-08 02:09:36.462562,FARM_001,Tomato,33.4,72.53,42.02,7.15,53.58,30.24,0,HIGH
2026-08-08 02:19:36.462562,FARM_001,Tomato,23.5,67.75,50.99,53.56,18.18,30.11,0,MEDIUM
2026-08-08 02:29:36.462562,FARM_001,Tomato,26.82,69.57,39.64,0.0,38.86,33.38,0,MEDIUM
2026-08-08 02:39:36.462562,FARM_001,Tomato,27.11,75.81,40.01,0.0,26.45,26.79,0,MEDIUM
2026-08-08 02:49:36.462562,FARM_001,Tomato,25.72,72.19,44.74,0.0,40.02,26.75,0,MEDIUM
2026-08-08 02:59:36.462562,FARM_001,Tomato,24.63,66.87,41.06,26.72,40.03,30.46,0,MEDIUM
2026-08-08 03:09:36.462562,FARM_001,Tomato,26.61,77.06,40.49,47.41,22.16,30.23,0,HIGH
2026-08-08 03:19:36.462562,FARM_001,Tomato,18.0,52.16,45.54,0.0,23.25,26.77,0,LOW
2026-08-08 03:29:36.462562,FARM_001,Tomato,27.52,81.75,37.32,66.32,41.05,37.77,0,HIGH
2026-08-08 03:39:36.462562,FARM_001,Tomato,25.47,56.57,39.86,31.53,34.89,30.59,0,LOW
2026-08-08 03:49:36.462562,FARM_001,Tomato,24.18,63.8,55.48,0.0,31.83,31.21,0,LOW
2026-08-08 03:59:36.462562,FARM_001,Tomato,32.57,67.73,47.34,30.65,42.89,24.93,0,LOW
2026-08-08 04:09:36.462562,FARM_001,Tomato,22.5,67.02,41.19,59.6,43.82,44.31,0,HIGH
2026-08-08 04:19:36.462562,FARM_001,Tomato,23.51,74.74,47.13,45.2,27.93,46.33,0,HIGH
2026-08-08 04:29:36.462562,FARM_001,Tomato,32.37,60.91,47.89,59.79,23.86,28.05,0,LOW
2026-08-08 04:39:36.462562,FARM_001,Tomato,21.92,69.75,50.07,0.0,18.7,39.49,0,HIGH
2026-08-08 04:49:36.462562,FARM_001,Tomato,22.96,64.13,44.35,15.61,35.02,31.98,0,LOW
2026-08-08 04:59:36.462562,FARM_001,Tomato,24.46,69.98,49.98,0.7,16.67,41.64,0,HIGH
2026-08-08 05:09:36.462562,FARM_001,Tomato,28.11,67.57,34.6,77.85,35.85,34.42,0,MEDIUM
2026-08-08 05:19:36.462562,FARM_001,Tomato,25.77,68.62,39.61,46.37,49.93,33.07,0,MEDIUM
2026-08-08 05:29:36.462562,FARM_001,Tomato,20.22,64.32,45.84,100.0,30.15,18.25,0,LOW
2026-08-08 05:39:36.462562,FARM_001,Tomato,23.03,64.58,46.68,14.05,27.84,27.49,0,LOW
2026-08-08 05:49:36.462562,FARM_001,Tomato,22.75,69.92,40.35,6.54,59.77,32.62,0,MEDIUM
2026-08-08 05:59:36.462562,FARM_001,Tomato,24.71,74.32,46.32,23.53,53.62,33.63,0,HIGH
2026-08-08 06:09:36.462562,FARM_001,Tomato,26.58,63.99,41.82,67.95,24.97,25.58,0,LOW
2026-08-08 06:19:36.462562,FARM_001,Tomato,26.55,62.18,43.59,17.01,36.35,28.35,0,LOW
2026-08-08 06:29:36.462562,FARM_001,Tomato,18.43,72.11,50.23,31.33,38.74,35.65,0,HIGH
2026-08-08 06:39:36.462562,FARM_001,Tomato,28.94,67.78,49.64,30.52,37.17,24.62,0,LOW
2026-08-08 06:49:36.462562,FARM_001,Tomato,25.93,73.56,39.91,28.85,57.46,33.26,0,HIGH
2026-08-08 06:59:36.462562,FARM_001,Tomato,30.12,61.93,39.61,8.65,35.7,39.56,0,MEDIUM
2026-08-08 07:09:36.462562,FARM_001,Tomato,26.64,56.08,42.9,23.69,37.59,34.7,0,LOW
2026-08-08 07:19:36.462562,FARM_001,Tomato,29.07,64.43,44.86,22.44,43.28,34.41,0,MEDIUM
2026-08-08 07:29:36.462562,FARM_001,Tomato,26.73,62.87,41.64,27.48,49.59,20.99,0,LOW
2026-08-08 07:39:36.462562,FARM_001,Tomato,29.98,67.47,50.31,55.25,46.4,27.82,0,MEDIUM
2026-08-08 07:49:36.462562,FARM_001,Tomato,26.93,63.73,46.77,79.11,41.38,44.21,0,HIGH
2026-08-08 07:59:36.462562,FARM_001,Tomato,24.64,72.96,47.07,3.16,14.96,29.08,0,MEDIUM
2026-08-08 08:09:36.462562,FARM_001,Tomato,33.41,66.07,38.54,16.25,28.45,39.71,0,HIGH
2026-08-08 08:19:36.462562,FARM_001,Tomato,28.29,69.01,50.95,3.61,44.92,29.02,0,MEDIUM
2026-08-08 08:29:36.462562,FARM_001,Tomato,27.12,69.06,30.62,33.16,37.76,30.92,0,MEDIUM
2026-08-08 08:39:36.462562,FARM_001,Tomato,20.28,69.31,49.25,11.98,45.01,35.44,0,MEDIUM
2026-08-08 08:49:36.462562,FARM_001,Tomato,20.23,67.84,49.76,34.7,58.38,33.07,0,MEDIUM
2026-08-08 08:59:36.462562,FARM_001,Tomato,26.08,71.42,42.79,59.93,19.77,34.67,0,HIGH
2026-08-08 09:09:36.462562,FARM_001,Tomato,25.54,62.67,51.49,0.0,48.94,27.84,0,LOW
2026-08-08 09:19:36.462562,FARM_001,Tomato,22.73,77.38,44.68,42.06,30.44,26.02,0,MEDIUM
2026-08-08 09:29:36.462562,FARM_001,Tomato,25.52,66.42,45.32,14.26,46.39,27.45,0,LOW
2026-08-08 09:39:36.462562,FARM_001,Tomato,30.88,59.21,46.73,41.14,34.08,29.47,0,LOW
2026-08-08 09:49:36.462562,FARM_001,Tomato,27.57,69.26,60.0,1.52,61.4,31.19,0,MEDIUM
2026-08-08 09:59:36.462562,FARM_001,Tomato,20.78,62.3,51.86,62.63,36.24,38.41,0,MEDIUM
2026-08-08 10:09:36.462562,FARM_001,Tomato,24.59,72.46,48.58,54.37,26.53,33.0,0,HIGH
2026-08-08 10:19:36.462562,FARM_001,Tomato,22.02,82.8,40.34,44.3,39.89,35.26,0,HIGH
2026-08-08 10:29:36.462562,FARM_001,Tomato,23.57,62.73,45.73,50.86,38.68,33.31,0,LOW
2026-08-08 10:39:36.462562,FARM_001,Tomato,23.47,70.23,40.85,5.93,48.94,26.14,0,MEDIUM
2026-08-08 10:49:36.462562,FARM_001,Tomato,23.23,56.24,49.19,9.61,40.25,32.6,0,LOW
2026-08-08 10:59:36.462562,FARM_001,Tomato,20.36,71.04,45.72,49.67,65.79,33.25,0,MEDIUM
2026-08-08 11:09:36.462562,FARM_001,Tomato,24.53,62.07,39.26,5.28,33.2,36.83,0,MEDIUM
2026-08-08 11:19:36.462562,FARM_001,Tomato,22.93,63.81,45.41,69.91,33.34,26.41,0,LOW
2026-08-08 11:29:36.462562,FARM_001,Tomato,18.0,60.62,40.67,18.25,26.99,20.87,0,LOW
2026-08-08 11:39:36.462562,FARM_001,Tomato,32.6,72.91,45.77,42.36,35.68,33.5,0,HIGH
2026-08-08 11:49:36.462562,FARM_001,Tomato,29.03,74.75,40.62,89.0,37.51,34.52,0,HIGH
2026-08-08 11:59:36.462562,FARM_001,Tomato,23.61,68.16,45.14,7.08,38.14,31.48,0,MEDIUM
2026-08-08 12:09:36.462562,FARM_001,Tomato,25.07,62.21,48.83,29.71,35.45,32.66,0,LOW
2026-08-08 12:19:36.462562,FARM_001,Tomato,20.66,78.65,44.73,58.48,26.92,37.51,0,HIGH
2026-08-08 12:29:36.462562,FARM_001,Tomato,31.27,62.97,43.01,55.48,23.49,29.88,0,LOW
2026-08-08 12:39:36.462562,FARM_001,Tomato,32.02,53.51,46.04,18.13,29.87,30.91,0,LOW
2026-08-08 12:49:36.462562,FARM_001,Tomato,25.58,71.07,48.56,12.61,48.98,32.95,0,HIGH
2026-08-08 12:59:36.462562,FARM_001,Tomato,28.79,60.6,39.35,20.89,51.7,25.55,0,LOW
2026-08-08 13:09:36.462562,FARM_001,Tomato,25.65,74.62,46.33,69.98,33.63,31.63,0,HIGH
2026-08-08 13:19:36.462562,FARM_001,Tomato,20.05,65.45,51.72,19.55,22.74,32.14,0,LOW
2026-08-08 13:29:36.462562,FARM_001,Tomato,23.48,72.04,47.93,29.98,33.58,41.83,0,HIGH
2026-08-08 13:39:36.462562,FARM_001,Tomato,25.49,77.39,45.29,15.24,60.95,30.8,0,HIGH
2026-08-08 13:49:36.462562,FARM_001,Tomato,23.32,59.9,48.26,48.3,47.19,33.64,0,LOW
2026-08-08 13:59:36.462562,FARM_001,Tomato,24.19,64.21,47.31,32.24,41.54,37.74,0,MEDIUM
2026-08-08 14:09:36.462562,FARM_001,Tomato,24.66,67.49,48.84,0.0,46.73,27.73,0,LOW
2026-08-08 14:19:36.462562,FARM_001,Tomato,24.7,78.3,34.68,0.0,54.01,40.34,0,HIGH
2026-08-08 14:29:36.462562,FARM_001,Tomato,25.19,63.59,37.08,0.0,20.07,42.55,0,HIGH
2026-08-08 14:39:36.462562,FARM_001,Tomato,21.08,64.02,50.12,3.43,29.66,32.34,0,LOW
2026-08-08 14:49:36.462562,FARM_001,Tomato,22.35,71.2,37.32,50.88,27.94,29.43,0,MEDIUM
2026-08-08 14:59:36.462562,FARM_001,Tomato,20.25,64.13,47.05,66.35,42.0,41.77,0,MEDIUM
2026-08-08 15:09:36.462562,FARM_001,Tomato,28.62,69.02,43.2,47.72,36.62,37.04,0,HIGH
2026-08-08 15:19:36.462562,FARM_001,Tomato,18.0,57.6,39.92,43.9,44.13,32.97,0,LOW
2026-08-08 15:29:36.462562,FARM_001,Tomato,29.27,82.84,46.78,24.01,28.21,40.63,0,HIGH
2026-08-08 15:39:36.462562,FARM_001,Tomato,30.13,58.97,46.03,50.33,51.89,40.03,0,MEDIUM
2026-08-08 15:49:36.462562,FARM_001,Tomato,23.88,65.84,55.76,36.06,33.73,30.58,0,LOW
2026-08-08 15:59:36.462562,FARM_001,Tomato,18.0,67.78,41.81,80.39,43.35,33.92,0,MEDIUM
2026-08-08 16:09:36.462562,FARM_001,Tomato,23.66,80.82,52.34,24.83,49.66,35.79,0,HIGH
2026-08-08 16:19:36.462562,FARM_001,Tomato,24.76,59.12,46.8,66.92,48.65,32.66,0,LOW
2026-08-08 16:29:36.462562,FARM_001,Tomato,21.26,81.29,41.63,53.22,39.15,24.57,0,HIGH
2026-08-08 16:39:36.462562,FARM_001,Tomato,23.09,73.07,49.08,49.17,44.92,27.15,0,MEDIUM
2026-08-08 16:49:36.462562,FARM_001,Tomato,30.66,70.79,47.89,0.0,56.54,24.76,0,MEDIUM
2026-08-08 16:59:36.462562,FARM_001,Tomato,27.46,61.4,45.18,54.83,41.07,35.31,0,MEDIUM
2026-08-08 17:09:36.462562,FARM_001,Tomato,21.58,71.83,46.36,23.98,25.41,25.75,0,MEDIUM
2026-08-08 17:19:36.462562,FARM_001,Tomato,19.09,63.15,41.96,14.74,41.95,33.6,0,LOW
2026-08-08 17:29:36.462562,FARM_001,Tomato,23.79,76.49,40.79,0.0,34.13,42.94,0,HIGH
2026-08-08 17:39:36.462562,FARM_001,Tomato,24.21,61.49,48.87,27.54,5.02,40.64,0,MEDIUM
2026-08-08 17:49:36.462562,FARM_001,Tomato,26.84,67.24,43.86,28.68,40.42,22.03,0,LOW
2026-08-08 17:59:36.462562,FARM_001,Tomato,23.02,64.28,44.59,0.0,36.07,25.21,0,LOW
2026-08-08 18:09:36.462562,FARM_001,Tomato,26.89,61.38,46.43,0.0,49.17,28.07,0,LOW
2026-08-08 18:19:36.462562,FARM_001,Tomato,32.16,72.97,46.35,41.91,25.15,25.84,0,MEDIUM
2026-08-08 18:29:36.462562,FARM_001,Tomato,28.02,71.59,37.71,53.15,15.63,23.07,0,MEDIUM
2026-08-08 18:39:36.462562,FARM_001,Tomato,24.82,76.1,51.56,33.26,36.73,32.44,0,HIGH
2026-08-08 18:49:36.462562,FARM_001,Tomato,24.32,56.07,45.62,61.3,39.39,36.52,0,LOW
2026-08-08 18:59:36.462562,FARM_001,Tomato,23.68,75.13,43.97,25.18,35.78,37.94,0,HIGH
2026-08-08 19:09:36.462562,FARM_001,Tomato,29.37,84.79,47.2,26.11,34.86,29.8,0,HIGH
2026-08-08 19:19:36.462562,FARM_001,Tomato,22.68,64.97,46.21,0.92,21.13,30.95,0,LOW
2026-08-08 19:29:36.462562,FARM_001,Tomato,25.17,80.7,48.91,0.0,32.85,34.53,0,HIGH
2026-08-08 19:39:36.462562,FARM_001,Tomato,25.19,66.24,47.74,81.86,30.21,31.88,0,MEDIUM
2026-08-08 19:49:36.462562,FARM_001,Tomato,23.14,58.8,48.66,60.73,48.12,37.12,0,LOW
2026-08-08 19:59:36.462562,FARM_001,Tomato,19.92,65.95,51.89,0.0,39.38,34.95,0,MEDIUM
2026-08-08 20:09:36.462562,FARM_001,Tomato,26.2,75.02,49.51,32.25,31.1,30.36,0,HIGH
2026-08-08 20:19:36.462562,FARM_001,Tomato,24.77,62.38,44.18,24.78,56.32,21.92,0,LOW
2026-08-08 20:29:36.462562,FARM_001,Tomato,26.85,63.98,39.27,19.7,31.21,41.04,0,HIGH
2026-08-08 20:39:36.462562,FARM_001,Tomato,23.03,71.98,53.51,15.76,41.63,28.59,0,MEDIUM
2026-08-08 20:49:36.462562,FARM_001,Tomato,29.52,68.02,43.79,38.83,32.5,34.54,0,MEDIUM
2026-08-08 20:59:36.462562,FARM_001,Tomato,21.76,71.92,42.59,51.59,55.15,21.58,0,LOW
2026-08-08 21:09:36.462562,FARM_001,Tomato,31.33,69.59,36.14,39.45,35.69,32.44,0,HIGH
2026-08-08 21:19:36.462562,FARM_001,Tomato,18.53,71.21,46.73,24.18,36.07,33.07,0,MEDIUM
2026-08-08 21:29:36.462562,FARM_001,Tomato,26.61,65.1,45.76,23.11,32.84,33.35,0,MEDIUM
2026-08-08 21:39:36.462562,FARM_001,Tomato,26.76,69.55,37.27,55.05,37.08,49.68,0,HIGH
2026-08-08 21:49:36.462562,FARM_001,Tomato,22.06,61.79,47.31,41.23,49.71,28.9,0,LOW
2026-08-08 21:59:36.462562,FARM_001,Tomato,26.57,76.63,42.46,29.82,45.26,37.18,0,HIGH
2026-08-08 22:09:36.462562,FARM_001,Tomato,29.73,63.75,58.72,26.65,34.95,35.48,0,MEDIUM
2026-08-08 22:19:36.462562,FARM_001,Tomato,18.0,75.56,42.1,37.78,56.04,28.63,0,MEDIUM
2026-08-08 22:29:36.462562,FARM_001,Tomato,26.86,66.43,42.78,14.02,45.6,37.09,0,MEDIUM
2026-08-08 22:39:36.462562,FARM_001,Tomato,18.0,69.35,40.54,51.69,29.08,31.56,0,MEDIUM
2026-08-08 22:49:36.462562,FARM_001,Tomato,21.43,64.68,51.52,0.0,17.21,37.49,0,MEDIUM
2026-08-08 22:59:36.462562,FARM_001,Tomato,31.03,61.19,43.1,15.69,29.37,43.68,0,HIGH
2026-08-08 23:09:36.462562,FARM_001,Tomato,22.85,56.31,41.3,45.54,39.81,33.36,0,LOW
2026-08-08 23:19:36.462562,FARM_001,Tomato,20.66,60.93,48.61,0.0,42.12,30.9,0,LOW
2026-08-08 23:29:36.462562,FARM_001,Tomato,24.27,65.83,37.96,0.0,51.73,38.49,0,MEDIUM
2026-08-08 23:39:36.462562,FARM_001,Tomato,32.65,69.42,48.19,29.54,20.81,40.46,0,HIGH
2026-08-08 23:49:36.462562,FARM_001,Tomato,18.22,74.77,54.09,0.0,29.07,27.47,0,MEDIUM
2026-08-08 23:59:36.462562,FARM_001,Tomato,21.11,65.01,47.89,0.0,19.76,29.92,0,LOW
2026-08-09 00:09:36.462562,FARM_001,Tomato,30.54,62.09,48.25,49.79,17.73,36.35,0,MEDIUM
2026-08-09 00:19:36.462562,FARM_001,Tomato,31.87,58.33,49.44,21.72,26.69,31.75,0,LOW
2026-08-09 00:29:36.462562,FARM_001,Tomato,24.62,71.22,53.72,65.24,39.22,27.06,0,MEDIUM
2026-08-09 00:39:36.462562,FARM_001,Tomato,20.42,77.27,51.17,0.0,44.32,35.58,0,HIGH
2026-08-09 00:49:36.462562,FARM_001,Tomato,32.75,76.48,47.24,24.96,22.65,36.33,0,HIGH
2026-08-09 00:59:36.462562,FARM_001,Tomato,30.9,72.76,49.61,39.37,24.4,30.59,0,HIGH
2026-08-09 01:09:36.462562,FARM_001,Tomato,27.51,72.28,40.48,0.0,12.17,32.85,0,HIGH
2026-08-09 01:19:36.462562,FARM_001,Tomato,21.99,79.37,48.96,57.83,37.3,29.21,0,HIGH
2026-08-09 01:29:36.462562,FARM_001,Tomato,24.82,70.22,39.87,42.61,25.38,26.26,0,MEDIUM
2026-08-09 01:39:36.462562,FARM_001,Tomato,24.41,72.33,43.13,0.0,55.55,29.67,0,MEDIUM
2026-08-09 01:49:36.462562,FARM_001,Tomato,26.22,65.85,29.28,26.6,39.76,32.92,0,MEDIUM
2026-08-09 01:59:36.462562,FARM_001,Tomato,30.37,58.87,47.05,38.97,32.44,24.09,0,LOW
2026-08-09 02:09:36.462562,FARM_001,Tomato,28.25,63.42,41.72,10.47,26.52,30.08,0,LOW
2026-08-09 02:19:36.462562,FARM_001,Tomato,21.01,67.94,50.67,0.0,15.77,33.0,0,MEDIUM
2026-08-09 02:29:36.462562,FARM_001,Tomato,30.09,68.41,46.99,35.83,17.36,39.31,0,HIGH
2026-08-09 02:39:36.462562,FARM_001,Tomato,26.16,80.91,50.73,92.27,26.76,30.72,0,HIGH
2026-08-09 02:49:36.462562,FARM_001,Tomato,27.54,68.54,39.47,16.4,25.79,25.4,0,LOW
2026-08-09 02:59:36.462562,FARM_001,Tomato,30.43,75.9,50.3,73.52,22.01,31.3,0,HIGH
2026-08-09 03:09:36.462562,FARM_001,Tomato,20.89,65.08,55.74,5.73,39.35,29.27,0,LOW
2026-08-09 03:19:36.462562,FARM_001,Tomato,24.87,65.91,48.9,33.99,41.08,35.65,0,MEDIUM
2026-08-09 03:29:36.462562,FARM_001,Tomato,23.03,59.1,49.03,50.23,28.82,30.57,0,LOW
2026-08-09 03:39:36.462562,FARM_001,Tomato,19.2,63.03,45.86,27.45,58.98,17.05,0,LOW
2026-08-09 03:49:36.462562,FARM_001,Tomato,26.28,71.53,42.32,19.01,12.59,53.54,0,HIGH
2026-08-09 03:59:36.462562,FARM_001,Tomato,34.0,68.05,48.88,48.9,35.33,33.31,0,HIGH
2026-08-09 04:09:36.462562,FARM_001,Tomato,18.19,74.32,37.32,82.93,31.85,33.01,0,HIGH
2026-08-09 04:19:36.462562,FARM_001,Tomato,24.88,69.21,42.87,36.48,27.66,23.71,0,LOW
2026-08-09 04:29:36.462562,FARM_001,Tomato,27.37,65.64,35.97,12.63,25.81,24.15,0,LOW
2026-08-09 04:39:36.462562,FARM_001,Tomato,25.46,82.39,41.41,22.16,34.51,31.98,0,HIGH
2026-08-09 04:49:36.462562,FARM_001,Tomato,24.58,67.37,48.27,100.0,31.76,34.42,0,MEDIUM
2026-08-09 04:59:36.462562,FARM_001,Tomato,20.19,75.79,47.58,31.64,29.66,36.5,0,HIGH
2026-08-09 05:09:36.462562,FARM_001,Tomato,25.86,65.31,45.26,10.34,18.24,33.85,0,MEDIUM
2026-08-09 05:19:36.462562,FARM_001,Tomato,22.2,72.75,45.87,0.0,14.21,25.74,0,MEDIUM
2026-08-09 05:29:36.462562,FARM_001,Tomato,18.0,74.22,35.38,0.0,30.96,18.22,0,LOW
2026-08-09 05:39:36.462562,FARM_001,Tomato,29.42,69.4,43.1,38.32,29.53,31.93,0,MEDIUM
2026-08-09 05:49:36.462562,FARM_001,Tomato,28.55,52.22,41.53,46.82,32.12,29.46,0,LOW
2026-08-09 05:59:36.462562,FARM_001,Tomato,25.19,68.12,41.64,16.12,33.23,25.3,0,LOW
2026-08-09 06:09:36.462562,FARM_001,Tomato,25.85,76.24,48.06,27.26,28.02,37.22,0,HIGH
2026-08-09 06:19:36.462562,FARM_001,Tomato,28.97,71.53,40.61,0.0,31.92,23.52,0,MEDIUM
2026-08-09 06:29:36.462562,FARM_001,Tomato,25.83,70.99,41.92,31.58,23.85,36.02,0,HIGH
2026-08-09 06:39:36.462562,FARM_001,Tomato,28.34,56.46,34.36,41.76,53.8,24.46,0,LOW
2026-08-09 06:49:36.462562,FARM_001,Tomato,23.9,63.17,43.5,12.07,24.52,33.26,0,LOW
2026-08-09 06:59:36.462562,FARM_001,Tomato,29.85,70.76,39.45,77.06,29.93,37.82,0,HIGH
2026-08-09 07:09:36.462562,FARM_001,Tomato,26.19,70.75,45.4,3.26,25.48,30.57,0,MEDIUM
2026-08-09 07:19:36.462562,FARM_001,Tomato,25.72,76.14,40.15,35.98,25.27,42.13,0,HIGH
2026-08-09 07:29:36.462562,FARM_001,Tomato,20.3,67.03,45.53,52.47,34.91,43.43,0,HIGH
2026-08-09 07:39:36.462562,FARM_001,Tomato,26.06,70.72,44.26,25.44,33.31,33.85,0,HIGH
2026-08-09 07:49:36.462562,FARM_001,Tomato,21.92,68.11,53.53,22.2,28.81,35.59,0,MEDIUM
2026-08-09 07:59:36.462562,FARM_001,Tomato,22.64,61.39,47.54,0.0,31.03,38.55,0,MEDIUM
2026-08-09 08:09:36.462562,FARM_001,Tomato,21.98,52.89,35.62,67.33,25.53,35.6,0,LOW
2026-08-09 08:19:36.462562,FARM_001,Tomato,21.05,70.89,38.55,22.74,39.66,34.99,0,HIGH
2026-08-09 08:29:36.462562,FARM_001,Tomato,32.86,69.17,45.28,43.39,60.5,29.51,0,MEDIUM
2026-08-09 08:39:36.462562,FARM_001,Tomato,29.93,63.86,40.26,47.34,23.58,22.88,0,LOW
2026-08-09 08:49:36.462562,FARM_001,Tomato,32.11,57.15,29.86,9.35,39.56,24.58,0,LOW
2026-08-09 08:59:36.462562,FARM_001,Tomato,20.48,72.22,51.88,21.93,35.17,46.08,0,HIGH
2026-08-09 09:09:36.462562,FARM_001,Tomato,25.26,66.22,48.67,66.67,43.02,34.34,0,MEDIUM
2026-08-09 09:19:36.462562,FARM_001,Tomato,20.21,71.73,47.66,0.0,43.38,31.1,0,MEDIUM
2026-08-09 09:29:36.462562,FARM_001,Tomato,22.43,80.49,41.9,89.84,37.19,39.7,0,HIGH
2026-08-09 09:39:36.462562,FARM_001,Tomato,21.6,53.65,47.18,5.95,34.1,28.23,0,LOW
2026-08-09 09:49:36.462562,FARM_001,Tomato,29.59,63.31,41.41,0.0,29.13,35.82,0,MEDIUM
2026-08-09 09:59:36.462562,FARM_001,Tomato,23.53,66.6,46.04,31.56,24.96,32.94,0,MEDIUM
2026-08-09 10:09:36.462562,FARM_001,Tomato,28.95,77.75,40.31,92.18,33.38,35.12,0,HIGH
2026-08-09 10:19:36.462562,FARM_001,Tomato,27.24,57.04,52.73,0.0,18.41,30.58,0,LOW
2026-08-09 10:29:36.462562,FARM_001,Tomato,33.52,80.97,36.99,23.58,27.12,27.0,0,HIGH
2026-08-09 10:39:36.462562,FARM_001,Tomato,19.53,68.91,51.28,41.61,48.55,27.81,0,LOW
2026-08-09 10:49:36.462562,FARM_001,Tomato,29.66,67.36,45.2,28.68,35.84,28.03,0,MEDIUM
2026-08-09 10:59:36.462562,FARM_001,Tomato,29.24,66.67,42.5,38.85,45.85,32.48,0,MEDIUM
2026-08-09 11:09:36.462562,FARM_001,Tomato,21.4,65.08,45.85,6.73,53.12,23.63,0,LOW
2026-08-09 11:19:36.462562,FARM_001,Tomato,28.73,75.02,48.74,10.19,32.37,25.39,0,MEDIUM
2026-08-09 11:29:36.462562,FARM_001,Tomato,26.24,60.84,51.97,23.37,37.21,33.27,0,LOW
2026-08-09 11:39:36.462562,FARM_001,Tomato,24.16,70.31,46.6,0.0,30.8,31.77,0,MEDIUM
2026-08-09 11:49:36.462562,FARM_001,Tomato,21.95,65.43,40.46,26.4,24.36,33.58,0,MEDIUM
2026-08-09 11:59:36.462562,FARM_001,Tomato,22.34,62.89,45.28,16.35,22.59,32.24,0,LOW
2026-08-09 12:09:36.462562,FARM_001,Tomato,32.58,85.33,54.27,13.97,45.22,46.86,0,HIGH
2026-08-09 12:19:36.462562,FARM_001,Tomato,25.0,70.81,51.87,37.06,37.23,33.22,0,MEDIUM
2026-08-09 12:29:36.462562,FARM_001,Tomato,27.89,72.11,49.63,0.0,57.87,30.34,0,MEDIUM
2026-08-09 12:39:36.462562,FARM_001,Tomato,22.07,75.62,49.06,21.01,46.85,33.08,0,HIGH
2026-08-09 12:49:36.462562,FARM_001,Tomato,22.11,58.48,48.57,95.37,25.39,38.31,0,LOW
2026-08-09 12:59:36.462562,FARM_001,Tomato,29.0,79.74,50.91,0.0,45.19,32.22,0,HIGH
2026-08-09 13:09:36.462562,FARM_001,Tomato,20.01,51.19,42.67,65.24,30.76,36.4,0,LOW
2026-08-09 13:19:36.462562,FARM_001,Tomato,23.46,62.85,38.09,29.3,49.93,34.76,0,MEDIUM
2026-08-09 13:29:36.462562,FARM_001,Tomato,25.13,64.92,45.35,10.09,28.47,30.84,0,LOW
2026-08-09 13:39:36.462562,FARM_001,Tomato,25.41,71.9,40.83,0.0,21.34,33.13,0,HIGH
2026-08-09 13:49:36.462562,FARM_001,Tomato,24.34,69.47,39.62,31.78,24.57,41.61,0,HIGH
2026-08-09 13:59:36.462562,FARM_001,Tomato,26.46,66.88,41.33,70.14,25.22,33.89,0,MEDIUM
2026-08-09 14:09:36.462562,FARM_001,Tomato,27.56,67.92,57.68,16.34,24.01,26.88,0,LOW
2026-08-09 14:19:36.462562,FARM_001,Tomato,27.72,61.45,45.69,25.34,27.39,30.68,0,LOW
2026-08-09 14:29:36.462562,FARM_001,Tomato,21.35,57.97,46.85,57.2,45.39,20.45,0,LOW
2026-08-09 14:39:36.462562,FARM_001,Tomato,23.95,72.87,38.77,37.65,57.23,33.28,0,HIGH
2026-08-09 14:49:36.462562,FARM_001,Tomato,29.42,72.65,35.6,0.0,17.84,39.98,0,HIGH
2026-08-09 14:59:36.462562,FARM_001,Tomato,28.31,78.62,40.82,30.59,50.52,24.85,0,HIGH
2026-08-09 15:09:36.462562,FARM_001,Tomato,19.92,62.71,52.33,71.86,28.58,33.35,0,LOW
2026-08-09 15:19:36.462562,FARM_001,Tomato,26.3,72.64,46.7,26.62,38.98,38.12,0,HIGH
2026-08-09 15:29:36.462562,FARM_001,Tomato,18.0,66.1,48.05,0.0,13.76,38.72,0,MEDIUM
2026-08-09 15:39:36.462562,FARM_001,Tomato,25.17,75.98,48.77,39.04,41.2,39.79,0,HIGH
2026-08-09 15:49:36.462562,FARM_001,Tomato,32.02,74.85,41.98,21.91,9.33,21.85,0,MEDIUM
2026-08-09 15:59:36.462562,FARM_001,Tomato,21.49,69.42,52.08,0.0,38.56,35.38,0,MEDIUM
2026-08-09 16:09:36.462562,FARM_001,Tomato,21.91,65.73,41.77,0.0,37.84,23.92,0,LOW
2026-08-09 16:19:36.462562,FARM_001,Tomato,27.83,74.44,52.17,56.17,37.01,26.81,0,MEDIUM
2026-08-09 16:29:36.462562,FARM_001,Tomato,19.29,72.33,47.26,6.31,25.34,37.18,0,HIGH
2026-08-09 16:39:36.462562,FARM_001,Tomato,22.66,63.41,35.88,1.2,41.52,33.4,0,LOW
2026-08-09 16:49:36.462562,FARM_001,Tomato,27.21,59.1,41.19,26.66,39.53,36.64,0,LOW
2026-08-09 16:59:36.462562,FARM_001,Tomato,22.65,66.07,35.9,8.89,31.95,27.2,0,LOW
2026-08-09 17:09:36.462562,FARM_001,Tomato,24.13,78.15,50.93,30.62,43.07,40.9,0,HIGH
2026-08-09 17:19:36.462562,FARM_001,Tomato,27.75,75.68,44.87,21.78,33.4,36.42,0,HIGH
2026-08-09 17:29:36.462562,FARM_001,Tomato,26.56,60.55,33.64,0.0,41.26,37.57,0,MEDIUM
2026-08-09 17:39:36.462562,FARM_001,Tomato,25.99,60.18,46.92,12.77,33.01,26.34,0,LOW
2026-08-09 17:49:36.462562,FARM_001,Tomato,23.75,76.54,42.26,40.63,37.33,39.18,0,HIGH
2026-08-09 17:59:36.462562,FARM_001,Tomato,26.37,60.39,37.43,28.92,41.84,30.7,0,LOW
2026-08-09 18:09:36.462562,FARM_001,Tomato,24.54,71.41,53.56,25.31,29.59,29.02,0,MEDIUM
2026-08-09 18:19:36.462562,FARM_001,Tomato,26.69,63.87,45.55,84.27,19.05,36.07,0,MEDIUM
2026-08-09 18:29:36.462562,FARM_001,Tomato,23.16,78.83,43.5,49.05,38.08,35.82,0,HIGH
2026-08-09 18:39:36.462562,FARM_001,Tomato,24.32,62.84,42.96,52.59,49.59,27.67,0,LOW
2026-08-09 18:49:36.462562,FARM_001,Tomato,21.34,75.66,37.28,22.85,38.37,44.22,0,HIGH
2026-08-09 18:59:36.462562,FARM_001,Tomato,24.87,69.24,38.35,34.13,38.61,42.84,0,HIGH
2026-08-09 19:09:36.462562,FARM_001,Tomato,22.0,69.69,51.55,15.11,34.07,35.95,0,HIGH
2026-08-09 19:19:36.462562,FARM_001,Tomato,20.88,54.8,42.58,50.4,43.91,34.95,0,LOW
2026-08-09 19:29:36.462562,FARM_001,Tomato,25.96,53.24,45.11,24.48,32.26,34.38,0,LOW
2026-08-09 19:39:36.462562,FARM_001,Tomato,25.79,66.52,34.57,34.19,28.88,23.67,0,LOW
2026-08-09 19:49:36.462562,FARM_001,Tomato,27.9,69.65,38.28,32.39,48.53,33.14,0,MEDIUM
2026-08-09 19:59:36.462562,FARM_001,Tomato,23.4,60.46,48.11,27.17,27.92,33.07,0,LOW
2026-08-09 20:09:36.462562,FARM_001,Tomato,26.51,60.71,46.93,100.0,45.81,29.22,0,LOW
2026-08-09 20:19:36.462562,FARM_001,Tomato,27.04,71.76,53.94,8.23,48.53,30.74,0,MEDIUM
2026-08-09 20:29:36.462562,FARM_001,Tomato,26.65,71.77,51.85,7.97,41.74,18.93,0,LOW
2026-08-09 20:39:36.462562,FARM_001,Tomato,21.95,67.08,43.82,47.97,18.86,26.25,0,LOW
2026-08-09 20:49:36.462562,FARM_001,Tomato,25.55,73.23,47.41,10.32,34.94,37.75,0,HIGH
2026-08-09 20:59:36.462562,FARM_001,Tomato,26.35,60.13,43.39,19.19,32.05,42.37,0,MEDIUM
2026-08-09 21:09:36.462562,FARM_001,Tomato,25.03,65.62,55.48,0.0,28.35,27.12,0,LOW
2026-08-09 21:19:36.462562,FARM_001,Tomato,18.0,79.04,50.86,42.05,36.4,33.54,0,HIGH
2026-08-09 21:29:36.462562,FARM_001,Tomato,25.59,68.46,45.87,42.42,44.29,38.76,0,HIGH
2026-08-09 21:39:36.462562,FARM_001,Tomato,33.19,68.85,46.02,18.5,28.82,29.53,0,MEDIUM
2026-08-09 21:49:36.462562,FARM_001,Tomato,23.67,83.45,52.37,48.57,32.44,36.35,0,HIGH
2026-08-09 21:59:36.462562,FARM_001,Tomato,22.31,58.62,47.96,0.0,31.56,32.31,0,LOW
2026-08-09 22:09:36.462562,FARM_001,Tomato,26.38,73.34,52.95,7.06,49.26,39.29,0,HIGH
2026-08-09 22:19:36.462562,FARM_001,Tomato,26.16,79.15,33.81,22.74,31.36,25.19,0,HIGH
2026-08-09 22:29:36.462562,FARM_001,Tomato,29.41,65.82,47.35,0.0,19.05,26.2,0,LOW
2026-08-09 22:39:36.462562,FARM_001,Tomato,20.35,73.76,42.37,0.0,14.77,34.09,0,HIGH
2026-08-09 22:49:36.462562,FARM_001,Tomato,27.71,61.42,53.96,18.71,39.17,33.05,0,LOW
2026-08-09 22:59:36.462562,FARM_001,Tomato,27.18,63.4,52.89,47.97,25.02,32.18,0,LOW
2026-08-09 23:09:36.462562,FARM_001,Tomato,24.47,70.58,45.17,65.14,43.03,35.78,0,HIGH
2026-08-09 23:19:36.462562,FARM_001,Tomato,26.25,73.35,52.83,11.72,17.83,27.2,0,MEDIUM
2026-08-09 23:29:36.462562,FARM_001,Tomato,28.81,75.51,54.09,49.11,27.81,24.69,0,MEDIUM
2026-08-09 23:39:36.462562,FARM_001,Tomato,28.23,78.52,45.38,46.29,17.83,29.65,0,HIGH
2026-08-09 23:49:36.462562,FARM_001,Tomato,20.77,67.55,57.61,63.28,40.08,30.29,0,MEDIUM
2026-08-09 23:59:36.462562,FARM_001,Tomato,28.03,76.0,44.84,17.47,42.78,30.88,0,HIGH
2026-08-10 00:09:36.462562,FARM_001,Tomato,24.76,65.71,43.91,0.0,38.87,39.73,0,HIGH
2026-08-10 00:19:36.462562,FARM_001,Tomato,25.27,74.04,49.42,29.75,20.92,36.89,0,HIGH
2026-08-10 00:29:36.462562,FARM_001,Tomato,25.27,69.39,43.2,0.0,25.2,35.54,0,HIGH
2026-08-10 00:39:36.462562,FARM_001,Tomato,24.44,70.99,45.44,6.57,37.55,33.77,0,HIGH
2026-08-10 00:49:36.462562,FARM_001,Tomato,29.41,70.84,52.19,18.9,13.33,30.03,0,MEDIUM
2026-08-10 00:59:36.462562,FARM_001,Tomato,24.69,57.25,45.1,17.8,31.56,27.63,0,LOW
2026-08-10 01:09:36.462562,FARM_001,Tomato,20.86,60.47,36.36,31.83,53.71,25.68,0,LOW
2026-08-10 01:19:36.462562,FARM_001,Tomato,23.54,68.69,46.87,48.23,32.33,28.54,0,MEDIUM
2026-08-10 01:29:36.462562,FARM_001,Tomato,25.66,56.7,41.45,16.96,15.84,32.26,0,LOW
2026-08-10 01:39:36.462562,FARM_001,Tomato,29.55,73.57,49.41,39.25,26.95,25.92,0,MEDIUM
2026-08-10 01:49:36.462562,FARM_001,Tomato,27.23,73.84,48.55,28.13,26.65,33.47,0,HIGH
2026-08-10 01:59:36.462562,FARM_001,Tomato,21.85,70.19,52.5,55.02,61.57,31.39,0,MEDIUM
2026-08-10 02:09:36.462562,FARM_001,Tomato,34.0,60.49,49.63,22.19,55.59,30.24,0,LOW
2026-08-10 02:19:36.462562,FARM_001,Tomato,25.98,77.25,50.56,25.4,43.81,39.12,0,HIGH
2026-08-10 02:29:36.462562,FARM_001,Tomato,29.72,81.65,41.59,16.77,30.28,18.47,0,MEDIUM
2026-08-10 02:39:36.462562,FARM_001,Tomato,24.44,68.99,49.1,22.96,49.73,30.31,0,MEDIUM
2026-08-10 02:49:36.462562,FARM_001,Tomato,26.97,71.42,55.04,4.82,20.32,19.09,0,LOW
2026-08-10 02:59:36.462562,FARM_001,Tomato,28.11,69.35,41.49,1.93,48.16,33.86,0,HIGH
2026-08-10 03:09:36.462562,FARM_001,Tomato,29.51,71.55,54.18,50.35,46.29,36.84,0,HIGH
2026-08-10 03:19:36.462562,FARM_001,Tomato,28.91,67.2,42.2,0.0,32.69,24.8,0,LOW
2026-08-10 03:29:36.462562,FARM_001,Tomato,28.23,67.77,40.65,18.38,48.95,25.53,0,LOW
2026-08-10 03:39:36.462562,FARM_001,Tomato,23.83,74.07,46.51,57.35,28.97,22.82,0,MEDIUM
2026-08-10 03:49:36.462562,FARM_001,Tomato,22.88,83.72,48.65,17.4,18.66,32.86,0,HIGH
2026-08-10 03:59:36.462562,FARM_001,Tomato,26.23,58.62,49.65,51.9,46.92,30.56,0,LOW
2026-08-10 04:09:36.462562,FARM_001,Tomato,28.45,67.3,40.1,10.44,33.53,30.91,0,MEDIUM
2026-08-10 04:19:36.462562,FARM_001,Tomato,24.18,60.09,47.22,0.0,42.18,30.4,0,LOW
2026-08-10 04:29:36.462562,FARM_001,Tomato,28.94,78.67,41.5,0.0,57.54,26.95,0,HIGH
2026-08-10 04:39:36.462562,FARM_001,Tomato,30.37,64.06,37.41,66.03,25.5,38.95,0,MEDIUM
2026-08-10 04:49:36.462562,FARM_001,Tomato,21.61,58.33,40.26,0.0,32.79,34.05,0,LOW
2026-08-10 04:59:36.462562,FARM_001,Tomato,21.9,72.28,41.17,49.52,54.38,25.75,0,MEDIUM
2026-08-10 05:09:36.462562,FARM_001,Tomato,24.48,79.69,47.66,0.0,43.03,28.51,0,HIGH
2026-08-10 05:19:36.462562,FARM_001,Tomato,26.14,72.45,50.88,66.17,25.78,27.53,0,MEDIUM
2026-08-10 05:29:36.462562,FARM_001,Tomato,23.06,69.37,37.49,92.14,22.57,40.51,0,HIGH
2026-08-10 05:39:36.462562,FARM_001,Tomato,30.0,70.74,46.8,0.0,27.95,36.55,0,HIGH
2026-08-10 05:49:36.462562,FARM_001,Tomato,26.57,77.48,39.0,0.0,25.3,31.78,0,HIGH
2026-08-10 05:59:36.462562,FARM_001,Tomato,25.15,62.14,48.21,50.28,37.59,42.23,0,MEDIUM
2026-08-10 06:09:36.462562,FARM_001,Tomato,19.69,67.25,41.82,42.68,35.59,40.78,0,HIGH
2026-08-10 06:19:36.462562,FARM_001,Tomato,20.13,64.97,39.64,50.39,38.12,31.18,0,LOW
2026-08-10 06:29:36.462562,FARM_001,Tomato,26.04,60.18,49.08,10.95,24.01,30.16,0,LOW
2026-08-10 06:39:36.462562,FARM_001,Tomato,18.0,65.8,42.01,85.74,33.71,30.43,0,LOW
2026-08-10 06:49:36.462562,FARM_001,Tomato,28.75,75.42,43.39,31.15,8.7,27.07,0,HIGH
2026-08-10 06:59:36.462562,FARM_001,Tomato,24.41,71.8,33.68,0.0,36.43,42.38,0,HIGH
2026-08-10 07:09:36.462562,FARM_001,Tomato,34.0,72.32,49.83,20.31,49.41,26.76,0,MEDIUM
2026-08-10 07:19:36.462562,FARM_001,Tomato,33.54,68.98,49.19,0.0,16.65,37.45,0,HIGH
2026-08-10 07:29:36.462562,FARM_001,Tomato,24.33,71.51,45.03,74.16,40.69,36.44,0,HIGH
2026-08-10 07:39:36.462562,FARM_001,Tomato,24.61,62.64,37.21,8.42,26.9,30.76,0,LOW
2026-08-10 07:49:36.462562,FARM_001,Tomato,28.68,65.93,51.17,42.08,44.71,42.82,0,HIGH
2026-08-10 07:59:36.462562,FARM_001,Tomato,31.3,69.29,41.6,13.96,36.6,23.61,0,LOW
2026-08-10 08:09:36.462562,FARM_001,Tomato,18.94,69.86,42.69,9.73,39.7,32.05,0,MEDIUM
2026-08-10 08:19:36.462562,FARM_001,Tomato,18.39,70.15,56.79,0.0,35.42,29.71,0,MEDIUM
2026-08-10 08:29:36.462562,FARM_001,Tomato,22.7,67.07,41.41,45.17,51.34,37.98,0,MEDIUM
2026-08-10 08:39:36.462562,FARM_001,Tomato,27.16,65.47,48.79,65.64,38.98,34.52,0,MEDIUM
2026-08-10 08:49:36.462562,FARM_001,Tomato,26.84,89.16,47.87,0.95,25.71,22.65,0,HIGH
2026-08-10 08:59:36.462562,FARM_001,Tomato,28.96,74.08,46.99,0.0,35.84,39.57,0,HIGH
2026-08-10 09:09:36.462562,FARM_001,Tomato,20.56,70.77,46.44,51.16,29.95,35.27,0,HIGH
2026-08-10 09:19:36.462562,FARM_001,Tomato,18.0,66.44,46.92,0.0,36.65,26.6,0,LOW
2026-08-10 09:29:36.462562,FARM_001,Tomato,28.17,64.98,46.39,63.31,29.31,30.51,0,MEDIUM
2026-08-10 09:39:36.462562,FARM_001,Tomato,21.94,67.12,44.74,1.29,26.07,25.09,0,LOW
2026-08-10 09:49:36.462562,FARM_001,Tomato,18.0,69.96,52.71,0.0,37.11,31.53,0,MEDIUM
2026-08-10 09:59:36.462562,FARM_001,Tomato,25.54,55.4,38.31,34.96,35.3,33.36,0,LOW
2026-08-10 10:09:36.462562,FARM_001,Tomato,27.93,57.49,50.21,0.0,48.01,30.59,0,LOW
2026-08-10 10:19:36.462562,FARM_001,Tomato,24.55,63.73,49.19,7.05,29.37,29.93,0,LOW
2026-08-10 10:29:36.462562,FARM_001,Tomato,23.31,69.39,48.56,38.04,9.64,23.31,0,LOW
2026-08-10 10:39:36.462562,FARM_001,Tomato,24.41,66.4,50.7,0.0,30.02,34.42,0,MEDIUM
2026-08-10 10:49:36.462562,FARM_001,Tomato,23.63,77.9,44.53,75.66,14.11,21.53,0,MEDIUM
2026-08-10 10:59:36.462562,FARM_001,Tomato,20.01,58.07,35.47,28.97,39.84,32.68,0,LOW
2026-08-10 11:09:36.462562,FARM_001,Tomato,22.36,62.97,44.63,0.0,13.51,22.24,0,LOW
2026-08-10 11:19:36.462562,FARM_001,Tomato,26.93,78.18,39.94,0.0,22.15,32.79,0,HIGH
2026-08-10 11:29:36.462562,FARM_001,Tomato,26.19,68.88,41.27,56.66,30.03,32.47,0,MEDIUM
2026-08-10 11:39:36.462562,FARM_001,Tomato,25.62,73.93,38.66,45.25,54.05,34.8,0,HIGH
2026-08-10 11:49:36.462562,FARM_001,Tomato,21.32,81.74,42.57,68.19,21.08,37.42,0,HIGH
2026-08-10 11:59:36.462562,FARM_001,Tomato,24.33,63.35,41.96,7.76,34.76,38.47,0,MEDIUM
2026-08-10 12:09:36.462562,FARM_001,Tomato,18.0,67.33,32.87,36.36,41.91,23.32,0,LOW
2026-08-10 12:19:36.462562,FARM_001,Tomato,25.66,66.17,48.57,40.16,53.3,32.17,0,MEDIUM
2026-08-10 12:29:36.462562,FARM_001,Tomato,30.29,54.9,56.32,48.0,44.4,43.96,0,MEDIUM
2026-08-10 12:39:36.462562,FARM_001,Tomato,19.55,65.92,48.09,60.62,48.38,33.18,0,MEDIUM
2026-08-10 12:49:36.462562,FARM_001,Tomato,22.83,73.9,43.97,6.76,45.49,27.76,0,MEDIUM
2026-08-10 12:59:36.462562,FARM_001,Tomato,26.22,71.62,44.72,24.37,19.37,32.05,0,HIGH
2026-08-10 13:09:36.462562,FARM_001,Tomato,29.64,72.15,42.85,9.88,39.13,30.31,0,HIGH
2026-08-10 13:19:36.462562,FARM_001,Tomato,23.34,65.48,45.46,26.16,45.29,25.79,0,LOW
2026-08-10 13:29:36.462562,FARM_001,Tomato,22.44,63.6,44.81,48.09,22.55,37.45,0,MEDIUM
2026-08-10 13:39:36.462562,FARM_001,Tomato,18.0,76.5,40.71,0.0,27.3,35.83,0,HIGH
2026-08-10 13:49:36.462562,FARM_001,Tomato,25.38,64.67,53.58,60.09,24.48,24.89,0,LOW
2026-08-10 13:59:36.462562,FARM_001,Tomato,32.56,69.97,37.42,0.0,44.34,31.97,0,HIGH
2026-08-10 14:09:36.462562,FARM_001,Tomato,26.03,69.09,48.66,18.72,33.73,29.27,0,MEDIUM
2026-08-10 14:19:36.462562,FARM_001,Tomato,24.92,77.79,44.48,64.02,30.56,23.37,0,MEDIUM
2026-08-10 14:29:36.462562,FARM_001,Tomato,26.19,74.51,54.69,37.28,18.45,24.44,0,MEDIUM
2026-08-10 14:39:36.462562,FARM_001,Tomato,24.96,59.32,46.74,37.61,33.75,25.28,0,LOW
2026-08-10 14:49:36.462562,FARM_001,Tomato,21.99,60.04,43.16,0.0,27.45,32.17,0,LOW
2026-08-10 14:59:36.462562,FARM_001,Tomato,28.05,71.88,43.74,0.0,37.67,29.89,0,MEDIUM
2026-08-10 15:09:36.462562,FARM_001,Tomato,25.84,67.57,45.2,55.18,20.2,27.03,0,LOW
2026-08-10 15:19:36.462562,FARM_001,Tomato,25.07,64.95,39.17,10.5,36.84,30.27,0,LOW
2026-08-10 15:29:36.462562,FARM_001,Tomato,21.39,74.8,41.09,13.25,29.07,36.76,0,HIGH
2026-08-10 15:39:36.462562,FARM_001,Tomato,29.82,69.26,35.9,55.85,18.86,34.53,0,HIGH
2026-08-10 15:49:36.462562,FARM_001,Tomato,27.46,68.35,40.29,0.0,17.88,38.21,0,HIGH
2026-08-10 15:59:36.462562,FARM_001,Tomato,22.95,73.22,45.48,35.56,19.77,31.2,0,MEDIUM
2026-08-10 16:09:36.462562,FARM_001,Tomato,28.71,65.49,46.53,28.95,32.0,41.63,0,HIGH
2026-08-10 16:19:36.462562,FARM_001,Tomato,23.16,78.51,34.91,27.62,36.12,34.48,0,HIGH
2026-08-10 16:29:36.462562,FARM_001,Tomato,22.11,62.72,44.3,12.56,38.0,29.71,0,LOW
2026-08-10 16:39:36.462562,FARM_001,Tomato,22.19,72.4,47.87,10.77,38.48,33.03,0,HIGH
2026-08-10 16:49:36.462562,FARM_001,Tomato,18.45,77.61,44.17,0.0,25.04,25.39,0,MEDIUM
2026-08-10 16:59:36.462562,FARM_001,Tomato,26.74,58.77,41.77,41.79,47.94,30.75,0,LOW
2026-08-10 17:09:36.462562,FARM_001,Tomato,18.22,65.7,42.9,8.19,29.03,34.95,0,MEDIUM
2026-08-10 17:19:36.462562,FARM_001,Tomato,20.45,75.65,42.24,55.99,40.27,35.99,0,HIGH
2026-08-10 17:29:36.462562,FARM_001,Tomato,18.0,75.75,41.75,21.14,32.53,30.16,0,MEDIUM
2026-08-10 17:39:36.462562,FARM_001,Tomato,24.68,66.85,45.89,0.0,39.33,48.08,0,HIGH
2026-08-10 17:49:36.462562,FARM_001,Tomato,24.44,63.08,56.77,20.76,31.9,31.52,0,LOW
2026-08-10 17:59:36.462562,FARM_001,Tomato,23.79,74.4,41.21,15.7,39.56,22.93,0,MEDIUM
2026-08-10 18:09:36.462562,FARM_001,Tomato,21.14,75.93,43.38,57.17,34.51,39.42,0,HIGH
2026-08-10 18:19:36.462562,FARM_001,Tomato,20.66,60.2,44.74,16.93,44.85,35.96,0,LOW
2026-08-10 18:29:36.462562,FARM_001,Tomato,26.72,59.93,41.49,19.63,24.28,33.82,0,LOW
2026-08-10 18:39:36.462562,FARM_001,Tomato,22.96,69.51,50.6,68.92,12.3,29.85,0,MEDIUM
2026-08-10 18:49:36.462562,FARM_001,Tomato,26.17,72.22,32.91,42.54,22.34,34.74,0,HIGH
2026-08-10 18:59:36.462562,FARM_001,Tomato,21.72,66.0,42.29,76.25,48.07,41.73,0,HIGH
2026-08-10 19:09:36.462562,FARM_001,Tomato,25.67,72.55,49.17,64.46,32.65,33.65,0,HIGH
2026-08-10 19:19:36.462562,FARM_001,Tomato,29.82,63.24,43.5,1.79,35.76,24.12,0,LOW
2026-08-10 19:29:36.462562,FARM_001,Tomato,27.17,53.83,40.81,56.61,21.32,12.82,0,LOW
2026-08-10 19:39:36.462562,FARM_001,Tomato,23.47,65.16,47.25,72.24,35.43,34.69,0,MEDIUM
2026-08-10 19:49:36.462562,FARM_001,Tomato,25.95,68.42,49.62,72.46,21.71,26.88,0,LOW
2026-08-10 19:59:36.462562,FARM_001,Tomato,24.11,66.15,46.07,56.55,23.57,31.93,0,MEDIUM
2026-08-10 20:09:36.462562,FARM_001,Tomato,25.03,60.24,40.91,55.95,29.53,27.89,0,LOW
2026-08-10 20:19:36.462562,FARM_001,Tomato,23.8,55.84,47.33,18.86,40.21,27.48,0,LOW
2026-08-10 20:29:36.462562,FARM_001,Tomato,24.39,64.56,42.95,3.25,41.55,28.14,0,LOW
2026-08-10 20:39:36.462562,FARM_001,Tomato,25.78,74.01,48.8,17.42,41.9,28.65,0,MEDIUM
2026-08-10 20:49:36.462562,FARM_001,Tomato,21.32,76.42,52.56,0.0,14.59,36.92,0,HIGH
2026-08-10 20:59:36.462562,FARM_001,Tomato,21.24,75.96,31.71,66.91,34.52,35.77,0,HIGH
2026-08-10 21:09:36.462562,FARM_001,Tomato,19.86,62.53,45.57,19.43,32.12,25.61,0,LOW
2026-08-10 21:19:36.462562,FARM_001,Tomato,19.08,60.27,36.15,65.41,15.29,26.39,0,LOW
2026-08-10 21:29:36.462562,FARM_001,Tomato,20.5,71.33,57.45,0.0,34.8,34.66,0,HIGH
2026-08-10 21:39:36.462562,FARM_001,Tomato,25.59,72.26,42.61,59.31,31.44,38.5,0,HIGH
2026-08-10 21:49:36.462562,FARM_001,Tomato,21.7,70.68,48.81,13.25,41.05,38.41,0,HIGH
2026-08-10 21:59:36.462562,FARM_001,Tomato,26.9,54.51,44.82,0.0,35.62,26.78,0,LOW
2026-08-10 22:09:36.462562,FARM_001,Tomato,25.13,62.19,40.9,75.21,27.68,38.14,0,MEDIUM
2026-08-10 22:19:36.462562,FARM_001,Tomato,18.0,67.8,40.3,60.03,46.26,22.38,0,LOW
2026-08-10 22:29:36.462562,FARM_001,Tomato,27.42,71.26,53.09,33.88,6.61,31.34,0,MEDIUM
2026-08-10 22:39:36.462562,FARM_001,Tomato,28.0,73.14,49.88,28.69,33.79,35.28,0,HIGH
2026-08-10 22:49:36.462562,FARM_001,Tomato,21.32,68.97,54.91,40.53,12.38,20.65,0,LOW
2026-08-10 22:59:36.462562,FARM_001,Tomato,26.55,70.22,45.28,33.38,23.11,44.43,0,HIGH
2026-08-10 23:09:36.462562,FARM_001,Tomato,21.83,68.57,46.47,4.57,41.21,40.06,0,HIGH
2026-08-10 23:19:36.462562,FARM_001,Tomato,25.36,72.59,43.64,15.67,18.55,36.19,0,HIGH
2026-08-10 23:29:36.462562,FARM_001,Tomato,20.32,70.1,43.54,84.95,16.66,27.0,0,LOW
2026-08-10 23:39:36.462562,FARM_001,Tomato,18.37,68.44,39.69,100.0,64.61,32.11,0,MEDIUM
2026-08-10 23:49:36.462562,FARM_001,Tomato,23.58,66.2,45.43,73.33,17.47,37.01,0,MEDIUM
2026-08-10 23:59:36.462562,FARM_001,Tomato,24.54,68.54,40.97,41.66,55.4,26.1,0,LOW
2026-08-11 00:09:36.462562,FARM_001,Tomato,23.53,71.25,47.25,17.84,32.43,31.47,0,MEDIUM
2026-08-11 00:19:36.462562,FARM_001,Tomato,20.62,69.79,45.87,4.39,27.99,37.69,0,HIGH
2026-08-11 00:29:36.462562,FARM_001,Tomato,23.52,70.55,46.47,6.32,41.74,23.98,0,LOW
2026-08-11 00:39:36.462562,FARM_001,Tomato,26.0,77.0,53.54,11.54,51.44,34.39,0,HIGH
2026-08-11 00:49:36.462562,FARM_001,Tomato,24.83,69.78,44.81,90.51,20.16,22.5,0,LOW
2026-08-11 00:59:36.462562,FARM_001,Tomato,25.68,63.65,48.86,80.44,28.17,27.12,0,LOW
2026-08-11 01:09:36.462562,FARM_001,Tomato,22.52,73.92,55.46,49.49,45.27,29.62,0,MEDIUM
2026-08-11 01:19:36.462562,FARM_001,Tomato,29.34,58.85,51.66,0.0,38.23,35.43,0,LOW
2026-08-11 01:29:36.462562,FARM_001,Tomato,20.65,60.75,50.88,53.78,48.48,28.51,0,LOW
2026-08-11 01:39:36.462562,FARM_001,Tomato,26.8,70.25,43.44,20.73,41.09,33.22,0,MEDIUM
2026-08-11 01:49:36.462562,FARM_001,Tomato,29.37,71.46,46.17,0.0,57.38,28.58,0,MEDIUM
2026-08-11 01:59:36.462562,FARM_001,Tomato,26.78,59.66,38.28,36.08,36.85,29.48,0,LOW
2026-08-11 02:09:36.462562,FARM_001,Tomato,24.25,65.44,47.54,3.12,37.39,39.63,0,MEDIUM
2026-08-11 02:19:36.462562,FARM_001,Tomato,23.05,63.94,46.4,4.1,38.65,25.94,0,LOW
2026-08-11 02:29:36.462562,FARM_001,Tomato,28.83,64.74,45.12,20.39,32.8,36.83,0,MEDIUM
2026-08-11 02:39:36.462562,FARM_001,Tomato,19.73,74.32,50.24,13.15,45.29,32.49,0,HIGH
2026-08-11 02:49:36.462562,FARM_001,Tomato,21.41,72.73,38.84,26.7,37.59,29.22,0,MEDIUM
2026-08-11 02:59:36.462562,FARM_001,Tomato,23.53,67.87,53.34,25.3,44.53,25.56,0,LOW
2026-08-11 03:09:36.462562,FARM_001,Tomato,29.58,64.34,49.6,0.0,46.5,25.97,0,LOW
2026-08-11 03:19:36.462562,FARM_001,Tomato,26.41,58.96,44.64,72.09,40.0,28.29,0,LOW
2026-08-11 03:29:36.462562,FARM_001,Tomato,21.42,77.52,44.24,0.0,40.92,31.64,0,HIGH
2026-08-11 03:39:36.462562,FARM_001,Tomato,23.85,71.97,47.45,0.0,21.87,35.94,0,HIGH
2026-08-11 03:49:36.462562,FARM_001,Tomato,22.73,63.27,52.76,18.11,27.67,30.79,0,LOW
2026-08-11 03:59:36.462562,FARM_001,Tomato,22.37,72.82,45.52,24.54,45.23,31.17,0,MEDIUM
2026-08-11 04:09:36.462562,FARM_001,Tomato,28.62,67.53,45.73,70.3,52.54,32.02,0,MEDIUM
2026-08-11 04:19:36.462562,FARM_001,Tomato,19.92,66.08,45.09,35.57,10.15,35.22,0,MEDIUM
2026-08-11 04:29:36.462562,FARM_001,Tomato,30.95,70.92,54.09,44.24,27.44,36.18,0,HIGH
2026-08-11 04:39:36.462562,FARM_001,Tomato,28.06,63.03,43.12,35.72,34.9,24.59,0,LOW
2026-08-11 04:49:36.462562,FARM_001,Tomato,29.04,65.7,44.85,34.46,23.52,30.89,0,MEDIUM
2026-08-11 04:59:36.462562,FARM_001,Tomato,23.29,68.81,52.46,36.74,24.24,39.5,0,HIGH
2026-08-11 05:09:36.462562,FARM_001,Tomato,24.45,64.65,45.75,0.0,40.58,25.0,0,LOW
2026-08-11 05:19:36.462562,FARM_001,Tomato,19.7,72.48,50.8,20.4,54.53,32.92,0,MEDIUM
2026-08-11 05:29:36.462562,FARM_001,Tomato,23.06,80.52,40.35,61.64,9.0,31.53,0,HIGH
2026-08-11 05:39:36.462562,FARM_001,Tomato,26.83,62.95,43.95,100.0,32.45,29.27,0,LOW
2026-08-11 05:49:36.462562,FARM_001,Tomato,29.8,56.84,52.57,0.0,40.44,41.57,0,MEDIUM
2026-08-11 05:59:36.462562,FARM_001,Tomato,20.9,54.59,41.55,40.05,44.43,32.71,0,LOW
2026-08-11 06:09:36.462562,FARM_001,Tomato,23.65,66.99,44.23,11.03,38.62,41.11,0,HIGH
2026-08-11 06:19:36.462562,FARM_001,Tomato,24.44,63.56,46.31,87.49,56.79,32.53,0,LOW
2026-08-11 06:29:36.462562,FARM_001,Tomato,19.84,69.39,39.96,0.0,34.96,35.12,0,MEDIUM
2026-08-11 06:39:36.462562,FARM_001,Tomato,27.19,68.89,42.89,45.95,51.13,29.21,0,MEDIUM
2026-08-11 06:49:36.462562,FARM_001,Tomato,22.32,57.26,45.57,0.0,26.46,29.27,0,LOW
2026-08-11 06:59:36.462562,FARM_001,Tomato,24.28,55.84,45.24,18.4,35.33,34.83,0,LOW
2026-08-11 07:09:36.462562,FARM_001,Tomato,23.33,69.98,51.53,26.7,19.32,34.94,0,MEDIUM
2026-08-11 07:19:36.462562,FARM_001,Tomato,22.08,68.91,52.86,58.93,45.95,35.91,0,MEDIUM
2026-08-11 07:29:36.462562,FARM_001,Tomato,24.97,65.15,40.63,0.0,33.08,34.65,0,MEDIUM
2026-08-11 07:39:36.462562,FARM_001,Tomato,24.2,56.9,45.57,47.07,39.11,24.88,0,LOW
2026-08-11 07:49:36.462562,FARM_001,Tomato,23.62,71.16,48.44,28.25,30.65,27.9,0,MEDIUM
2026-08-11 07:59:36.462562,FARM_001,Tomato,22.3,76.52,52.73,35.67,41.99,37.34,0,HIGH
2026-08-11 08:09:36.462562,FARM_001,Tomato,26.18,69.86,48.66,55.68,39.61,21.34,0,LOW
2026-08-11 08:19:36.462562,FARM_001,Tomato,31.12,62.32,46.48,0.0,22.07,34.17,0,MEDIUM
2026-08-11 08:29:36.462562,FARM_001,Tomato,25.52,68.3,48.4,51.37,22.8,31.86,0,MEDIUM
2026-08-11 08:39:36.462562,FARM_001,Tomato,28.69,58.85,48.44,11.09,34.25,37.34,0,MEDIUM
2026-08-11 08:49:36.462562,FARM_001,Tomato,19.86,75.09,40.27,59.7,42.91,34.87,0,HIGH
2026-08-11 08:59:36.462562,FARM_001,Tomato,25.58,68.55,45.98,37.47,58.07,28.72,0,MEDIUM
2026-08-11 09:09:36.462562,FARM_001,Tomato,20.94,56.15,52.44,21.58,38.42,28.46,0,LOW
2026-08-11 09:19:36.462562,FARM_001,Tomato,19.54,65.99,43.94,10.47,47.29,29.52,0,LOW
2026-08-11 09:29:36.462562,FARM_001,Tomato,22.26,71.1,45.66,51.74,14.28,35.81,0,HIGH
2026-08-11 09:39:36.462562,FARM_001,Tomato,29.41,65.77,43.76,64.52,59.96,19.38,0,LOW
2026-08-11 09:49:36.462562,FARM_001,Tomato,28.52,66.15,33.2,12.14,42.23,33.4,0,MEDIUM
2026-08-11 09:59:36.462562,FARM_001,Tomato,25.9,59.8,45.11,0.0,33.97,27.47,0,LOW
2026-08-11 10:09:36.462562,FARM_001,Tomato,19.33,71.8,46.54,47.97,32.52,33.59,0,MEDIUM
2026-08-11 10:19:36.462562,FARM_001,Tomato,24.27,63.66,42.39,0.0,20.65,34.46,0,MEDIUM
2026-08-11 10:29:36.462562,FARM_001,Tomato,26.12,53.55,39.11,0.0,24.25,23.02,0,LOW
2026-08-11 10:39:36.462562,FARM_001,Tomato,25.65,65.51,40.51,0.0,58.67,31.21,0,MEDIUM
2026-08-11 10:49:36.462562,FARM_001,Tomato,18.18,74.57,48.9,15.57,22.14,33.39,0,HIGH
2026-08-11 10:59:36.462562,FARM_001,Tomato,21.71,65.41,55.06,0.0,21.9,33.0,0,MEDIUM
2026-08-11 11:09:36.462562,FARM_001,Tomato,24.76,79.64,52.05,0.0,25.75,31.8,0,HIGH
2026-08-11 11:19:36.462562,FARM_001,Tomato,26.98,70.87,38.14,0.0,19.5,25.54,0,MEDIUM
2026-08-11 11:29:36.462562,FARM_001,Tomato,18.0,70.27,49.36,46.46,34.79,26.41,0,LOW
2026-08-11 11:39:36.462562,FARM_001,Tomato,24.4,67.14,41.62,0.0,48.32,24.65,0,LOW
2026-08-11 11:49:36.462562,FARM_001,Tomato,25.53,67.54,42.03,17.76,26.91,35.66,0,MEDIUM
2026-08-11 11:59:36.462562,FARM_001,Tomato,28.14,66.24,42.64,84.54,17.3,31.84,0,MEDIUM
2026-08-11 12:09:36.462562,FARM_001,Tomato,27.56,65.97,48.6,26.26,38.28,32.21,0,MEDIUM
2026-08-11 12:19:36.462562,FARM_001,Tomato,27.16,71.56,49.89,37.7,33.9,22.78,0,LOW
2026-08-11 12:29:36.462562,FARM_001,Tomato,22.04,61.73,44.5,0.08,47.23,32.31,0,LOW
2026-08-11 12:39:36.462562,FARM_001,Tomato,18.0,60.79,44.59,90.87,28.87,36.11,0,LOW
2026-08-11 12:49:36.462562,FARM_001,Tomato,23.55,60.47,47.37,11.89,31.32,22.0,0,LOW
2026-08-11 12:59:36.462562,FARM_001,Tomato,28.71,81.71,47.9,21.04,32.72,29.45,0,HIGH
2026-08-11 13:09:36.462562,FARM_001,Tomato,30.16,71.55,51.0,66.16,35.72,23.55,0,MEDIUM
2026-08-11 13:19:36.462562,FARM_001,Tomato,27.63,70.04,38.45,22.39,29.65,30.1,0,MEDIUM
2026-08-11 13:29:36.462562,FARM_001,Tomato,26.59,60.91,45.1,29.1,27.61,27.36,0,LOW
2026-08-11 13:39:36.462562,FARM_001,Tomato,26.4,72.18,39.55,19.47,11.29,34.67,0,HIGH
2026-08-11 13:49:36.462562,FARM_001,Tomato,22.94,67.22,44.74,19.67,27.48,33.46,0,MEDIUM
2026-08-11 13:59:36.462562,FARM_001,Tomato,24.52,69.43,43.85,38.52,43.61,39.86,0,HIGH
2026-08-11 14:09:36.462562,FARM_001,Tomato,31.18,61.46,44.76,43.85,45.31,32.19,0,LOW
2026-08-11 14:19:36.462562,FARM_001,Tomato,21.51,69.07,40.92,8.92,28.66,34.43,0,MEDIUM
2026-08-11 14:29:36.462562,FARM_001,Tomato,30.97,65.16,37.41,5.33,50.97,29.32,0,MEDIUM
2026-08-11 14:39:36.462562,FARM_001,Tomato,23.81,62.87,34.32,9.91,34.24,26.21,0,LOW
2026-08-11 14:49:36.462562,FARM_001,Tomato,29.9,72.92,44.33,0.0,17.74,37.26,0,HIGH
2026-08-11 14:59:36.462562,FARM_001,Tomato,19.79,57.7,42.8,0.0,13.78,39.59,0,LOW
2026-08-11 15:09:36.462562,FARM_001,Tomato,27.17,71.78,41.55,36.38,49.95,36.52,0,HIGH
2026-08-11 15:19:36.462562,FARM_001,Tomato,22.27,72.59,51.74,55.11,29.9,33.25,0,HIGH
2026-08-11 15:29:36.462562,FARM_001,Tomato,19.76,62.11,40.62,53.13,19.3,26.95,0,LOW
2026-08-11 15:39:36.462562,FARM_001,Tomato,25.81,62.5,52.23,0.0,6.13,39.01,0,MEDIUM
2026-08-11 15:49:36.462562,FARM_001,Tomato,28.74,66.51,53.28,20.54,29.61,35.8,0,MEDIUM
2026-08-11 15:59:36.462562,FARM_001,Tomato,21.87,69.89,35.05,0.0,39.7,44.04,0,HIGH
2026-08-11 16:09:36.462562,FARM_001,Tomato,19.45,66.98,45.47,31.9,25.81,25.92,0,LOW
2026-08-11 16:19:36.462562,FARM_001,Tomato,24.66,70.9,42.96,15.5,21.33,37.42,0,HIGH
2026-08-11 16:29:36.462562,FARM_001,Tomato,24.68,79.81,30.15,44.98,27.68,35.63,1,HIGH
2026-08-11 16:39:36.462562,FARM_001,Tomato,27.03,64.6,37.63,27.14,50.26,30.55,0,LOW
2026-08-11 16:49:36.462562,FARM_001,Tomato,28.51,56.51,48.95,0.0,17.05,40.27,0,MEDIUM
2026-08-11 16:59:36.462562,FARM_001,Tomato,24.78,73.53,55.3,0.0,26.51,34.79,0,HIGH
2026-08-11 17:09:36.462562,FARM_001,Tomato,31.87,79.28,49.6,27.87,49.86,27.16,0,HIGH
2026-08-11 17:19:36.462562,FARM_001,Tomato,25.83,70.63,46.65,30.33,40.83,31.83,0,MEDIUM
2026-08-11 17:29:36.462562,FARM_001,Tomato,23.72,60.71,44.89,0.0,36.86,27.09,0,LOW
2026-08-11 17:39:36.462562,FARM_001,Tomato,19.04,67.17,53.58,0.0,26.43,29.83,0,LOW
2026-08-11 17:49:36.462562,FARM_001,Tomato,24.03,60.51,55.96,29.34,34.98,36.51,0,LOW
2026-08-11 17:59:36.462562,FARM_001,Tomato,23.76,72.31,42.01,0.0,27.82,38.14,0,HIGH
2026-08-11 18:09:36.462562,FARM_001,Tomato,28.55,58.95,34.8,0.0,23.77,33.76,0,LOW
2026-08-11 18:19:36.462562,FARM_001,Tomato,26.71,65.99,34.3,14.7,20.99,28.22,0,LOW
2026-08-11 18:29:36.462562,FARM_001,Tomato,20.64,61.27,51.74,13.44,44.48,34.68,0,LOW
2026-08-11 18:39:36.462562,FARM_001,Tomato,25.64,68.85,44.76,2.05,33.84,36.62,0,HIGH
2026-08-11 18:49:36.462562,FARM_001,Tomato,27.48,65.55,45.93,7.15,38.56,21.26,0,LOW
2026-08-11 18:59:36.462562,FARM_001,Tomato,30.65,69.18,35.87,28.1,36.51,33.16,0,HIGH
2026-08-11 19:09:36.462562,FARM_001,Tomato,28.28,68.15,41.16,6.67,40.16,31.42,0,MEDIUM
2026-08-11 19:19:36.462562,FARM_001,Tomato,27.82,61.39,43.49,29.76,31.39,37.94,0,MEDIUM
2026-08-11 19:29:36.462562,FARM_001,Tomato,25.22,72.2,46.06,16.59,28.53,34.7,0,HIGH
2026-08-11 19:39:36.462562,FARM_001,Tomato,26.44,67.67,42.97,32.6,24.33,35.26,0,MEDIUM
2026-08-11 19:49:36.462562,FARM_001,Tomato,29.62,61.38,39.71,53.34,16.78,29.75,0,LOW
2026-08-11 19:59:36.462562,FARM_001,Tomato,20.07,83.01,41.0,52.21,20.46,32.51,0,HIGH
2026-08-11 20:09:36.462562,FARM_001,Tomato,23.71,71.19,51.16,65.32,30.0,37.88,0,HIGH
2026-08-11 20:19:36.462562,FARM_001,Tomato,22.14,66.97,46.25,52.17,14.4,32.13,0,MEDIUM
2026-08-11 20:29:36.462562,FARM_001,Tomato,26.4,77.48,48.12,34.67,17.18,33.5,0,HIGH
2026-08-11 20:39:36.462562,FARM_001,Tomato,29.55,80.34,40.42,15.04,47.73,23.75,0,HIGH
2026-08-11 20:49:36.462562,FARM_001,Tomato,22.79,67.03,29.94,16.38,37.42,32.11,0,MEDIUM
2026-08-11 20:59:36.462562,FARM_001,Tomato,18.0,70.33,42.33,2.07,28.91,21.03,0,LOW
2026-08-11 21:09:36.462562,FARM_001,Tomato,23.47,61.38,40.58,27.83,63.22,29.56,0,LOW
2026-08-11 21:19:36.462562,FARM_001,Tomato,28.38,67.01,46.78,48.06,13.83,32.86,0,MEDIUM
2026-08-11 21:29:36.462562,FARM_001,Tomato,26.99,66.67,60.0,6.51,46.89,36.87,0,MEDIUM
2026-08-11 21:39:36.462562,FARM_001,Tomato,26.58,69.24,48.55,26.61,33.2,26.8,0,MEDIUM
2026-08-11 21:49:36.462562,FARM_001,Tomato,23.96,70.23,58.95,7.92,44.49,34.63,0,HIGH
2026-08-11 21:59:36.462562,FARM_001,Tomato,20.27,71.75,47.9,33.81,35.97,40.87,0,HIGH
2026-08-11 22:09:36.462562,FARM_001,Tomato,26.91,69.59,41.79,11.66,11.01,28.85,0,MEDIUM
2026-08-11 22:19:36.462562,FARM_001,Tomato,21.91,59.89,46.77,6.11,35.8,23.68,0,LOW
2026-08-11 22:29:36.462562,FARM_001,Tomato,33.08,61.71,54.08,7.84,38.83,34.15,0,MEDIUM
2026-08-11 22:39:36.462562,FARM_001,Tomato,27.11,64.34,54.33,42.4,6.98,25.71,0,LOW
2026-08-11 22:49:36.462562,FARM_001,Tomato,22.85,66.11,42.07,24.87,59.1,27.83,0,LOW
2026-08-11 22:59:36.462562,FARM_001,Tomato,22.74,75.04,46.29,15.19,38.52,37.76,0,HIGH
2026-08-11 23:09:36.462562,FARM_001,Tomato,24.66,60.21,37.71,35.33,43.07,43.2,0,MEDIUM
2026-08-11 23:19:36.462562,FARM_001,Tomato,24.11,65.61,49.21,15.6,19.91,26.8,0,LOW
2026-08-11 23:29:36.462562,FARM_001,Tomato,29.13,74.39,52.92,60.59,43.3,28.3,0,HIGH
2026-08-11 23:39:36.462562,FARM_001,Tomato,25.69,65.99,45.2,0.0,48.33,29.99,0,MEDIUM
2026-08-11 23:49:36.462562,FARM_001,Tomato,22.29,71.08,41.6,22.24,37.79,29.38,0,MEDIUM
2026-08-11 23:59:36.462562,FARM_001,Tomato,31.99,67.07,46.84,0.0,34.48,43.52,0,HIGH
2026-08-12 00:09:36.462562,FARM_001,Tomato,25.18,69.72,47.13,17.57,23.34,29.48,0,MEDIUM
2026-08-12 00:19:36.462562,FARM_001,Tomato,27.84,66.47,45.41,0.0,31.88,30.29,0,MEDIUM
2026-08-12 00:29:36.462562,FARM_001,Tomato,22.75,72.47,45.91,49.49,28.15,41.71,0,HIGH
2026-08-12 00:39:36.462562,FARM_001,Tomato,26.34,57.65,44.11,50.08,41.81,35.79,0,LOW
2026-08-12 00:49:36.462562,FARM_001,Tomato,26.15,65.57,50.08,50.6,23.89,38.12,0,MEDIUM
2026-08-12 00:59:36.462562,FARM_001,Tomato,18.01,69.99,48.75,28.54,41.71,27.34,0,LOW
2026-08-12 01:09:36.462562,FARM_001,Tomato,32.46,71.58,39.99,2.01,24.03,29.48,0,MEDIUM
2026-08-12 01:19:36.462562,FARM_001,Tomato,29.78,78.0,39.85,4.33,31.29,26.57,0,HIGH
2026-08-12 01:29:36.462562,FARM_001,Tomato,23.53,65.38,43.7,72.38,42.36,37.07,0,MEDIUM
2026-08-12 01:39:36.462562,FARM_001,Tomato,20.92,77.91,48.76,69.62,25.73,39.48,0,HIGH
2026-08-12 01:49:36.462562,FARM_001,Tomato,26.29,63.58,45.76,31.28,42.8,29.08,0,LOW
2026-08-12 01:59:36.462562,FARM_001,Tomato,25.32,76.9,41.72,12.64,41.57,30.42,0,HIGH
2026-08-12 02:09:36.462562,FARM_001,Tomato,26.32,73.48,46.33,67.66,31.19,30.67,0,HIGH
2026-08-12 02:19:36.462562,FARM_001,Tomato,25.71,61.88,43.31,7.42,49.24,23.68,0,LOW
2026-08-12 02:29:36.462562,FARM_001,Tomato,26.87,70.06,49.49,34.38,35.58,28.66,0,MEDIUM
2026-08-12 02:39:36.462562,FARM_001,Tomato,30.36,67.66,46.7,67.18,48.49,36.91,0,HIGH
2026-08-12 02:49:36.462562,FARM_001,Tomato,27.1,72.19,43.39,3.28,57.2,27.51,0,MEDIUM
2026-08-12 02:59:36.462562,FARM_001,Tomato,21.12,66.5,46.18,51.91,31.56,33.03,0,MEDIUM
2026-08-12 03:09:36.462562,FARM_001,Tomato,30.04,65.94,51.71,42.9,42.73,25.04,0,LOW
2026-08-12 03:19:36.462562,FARM_001,Tomato,31.07,77.17,42.09,26.55,26.57,31.68,0,HIGH
2026-08-12 03:29:36.462562,FARM_001,Tomato,34.0,67.34,47.05,0.0,21.59,29.29,0,MEDIUM
2026-08-12 03:39:36.462562,FARM_001,Tomato,20.84,73.54,44.64,6.55,32.14,25.54,0,MEDIUM
2026-08-12 03:49:36.462562,FARM_001,Tomato,25.9,66.49,47.18,36.15,17.43,37.01,0,MEDIUM
2026-08-12 03:59:36.462562,FARM_001,Tomato,18.0,79.17,41.66,0.0,22.79,37.33,0,HIGH
2026-08-12 04:09:36.462562,FARM_001,Tomato,27.05,63.46,45.56,31.52,42.05,26.97,0,LOW
2026-08-12 04:19:36.462562,FARM_001,Tomato,22.97,63.89,50.65,43.5,28.13,31.27,0,LOW
2026-08-12 04:29:36.462562,FARM_001,Tomato,32.12,78.21,40.22,56.47,43.55,32.75,0,HIGH
2026-08-12 04:39:36.462562,FARM_001,Tomato,22.13,65.02,38.22,0.0,38.37,22.16,0,LOW
2026-08-12 04:49:36.462562,FARM_001,Tomato,18.75,78.73,38.41,66.13,57.92,24.54,0,MEDIUM
2026-08-12 04:59:36.462562,FARM_001,Tomato,23.26,73.98,39.03,77.2,41.21,39.83,0,HIGH
2026-08-12 05:09:36.462562,FARM_001,Tomato,18.0,66.96,48.04,39.68,48.64,26.43,0,LOW
2026-08-12 05:19:36.462562,FARM_001,Tomato,27.78,55.85,37.83,0.0,39.66,39.67,0,LOW
2026-08-12 05:29:36.462562,FARM_001,Tomato,18.0,67.87,43.48,18.12,38.52,24.83,0,LOW
2026-08-12 05:39:36.462562,FARM_001,Tomato,25.11,68.68,48.15,26.31,49.28,36.26,0,HIGH
2026-08-12 05:49:36.462562,FARM_001,Tomato,18.0,75.82,47.12,35.6,43.03,30.73,0,HIGH
2026-08-12 05:59:36.462562,FARM_001,Tomato,23.81,78.64,43.03,28.34,37.25,31.53,0,HIGH
2026-08-12 06:09:36.462562,FARM_001,Tomato,31.08,63.41,45.97,35.91,37.19,43.08,0,HIGH
2026-08-12 06:19:36.462562,FARM_001,Tomato,26.33,73.37,45.55,25.05,41.38,25.35,0,MEDIUM
2026-08-12 06:29:36.462562,FARM_001,Tomato,21.81,73.13,43.86,35.44,26.14,35.89,0,HIGH
2026-08-12 06:39:36.462562,FARM_001,Tomato,24.88,75.19,43.92,14.25,25.61,35.65,0,HIGH
2026-08-12 06:49:36.462562,FARM_001,Tomato,25.07,71.34,56.4,17.82,52.56,51.62,0,HIGH
2026-08-12 06:59:36.462562,FARM_001,Tomato,26.75,54.99,49.13,10.88,58.09,26.36,0,LOW
2026-08-12 07:09:36.462562,FARM_001,Tomato,19.94,66.96,57.65,83.68,22.9,28.93,0,LOW
2026-08-12 07:19:36.462562,FARM_001,Tomato,27.19,60.26,42.47,70.45,26.17,37.15,0,MEDIUM
2026-08-12 07:29:36.462562,FARM_001,Tomato,18.0,66.64,44.57,43.91,49.0,31.36,0,LOW
2026-08-12 07:39:36.462562,FARM_001,Tomato,22.67,74.57,38.21,66.4,41.32,29.86,0,MEDIUM
2026-08-12 07:49:36.462562,FARM_001,Tomato,23.19,70.04,40.87,51.02,43.12,37.96,0,HIGH
2026-08-12 07:59:36.462562,FARM_001,Tomato,27.34,75.69,54.7,32.99,45.9,30.98,0,HIGH
2026-08-12 08:09:36.462562,FARM_001,Tomato,25.08,70.29,42.34,0.0,31.57,27.42,0,MEDIUM
2026-08-12 08:19:36.462562,FARM_001,Tomato,19.8,59.3,54.79,20.04,38.76,36.64,0,LOW
2026-08-12 08:29:36.462562,FARM_001,Tomato,21.36,51.11,38.66,17.92,37.78,34.64,0,LOW
2026-08-12 08:39:36.462562,FARM_001,Tomato,25.74,69.0,39.63,0.0,23.78,30.72,0,MEDIUM
2026-08-12 08:49:36.462562,FARM_001,Tomato,24.71,66.57,43.26,0.0,38.57,30.45,0,MEDIUM
2026-08-12 08:59:36.462562,FARM_001,Tomato,22.86,61.45,44.67,42.09,50.2,27.29,0,LOW
2026-08-12 09:09:36.462562,FARM_001,Tomato,23.22,56.61,49.71,37.18,30.39,36.63,0,LOW
2026-08-12 09:19:36.462562,FARM_001,Tomato,27.58,63.08,47.3,0.0,36.52,30.45,0,LOW
2026-08-12 09:29:36.462562,FARM_001,Tomato,23.08,66.7,42.88,5.92,37.2,28.11,0,LOW
2026-08-12 09:39:36.462562,FARM_001,Tomato,24.67,72.46,44.32,61.61,31.01,25.17,0,MEDIUM
2026-08-12 09:49:36.462562,FARM_001,Tomato,33.03,69.26,43.37,2.07,43.13,34.74,0,HIGH
2026-08-12 09:59:36.462562,FARM_001,Tomato,19.73,78.77,40.34,32.69,26.03,29.6,0,HIGH
2026-08-12 10:09:36.462562,FARM_001,Tomato,18.15,61.06,40.47,22.16,51.39,21.03,0,LOW
2026-08-12 10:19:36.462562,FARM_001,Tomato,27.9,73.9,50.24,42.49,42.49,25.64,0,MEDIUM
2026-08-12 10:29:36.462562,FARM_001,Tomato,22.49,68.32,35.68,2.7,22.8,31.17,0,MEDIUM
2026-08-12 10:39:36.462562,FARM_001,Tomato,23.82,72.65,53.25,30.33,55.99,31.33,0,MEDIUM
2026-08-12 10:49:36.462562,FARM_001,Tomato,22.11,65.08,43.25,32.63,36.72,31.11,0,LOW
2026-08-12 10:59:36.462562,FARM_001,Tomato,24.04,75.18,41.06,34.42,25.49,30.32,0,HIGH
2026-08-12 11:09:36.462562,FARM_001,Tomato,30.91,69.98,48.77,30.01,48.52,24.09,0,MEDIUM
2026-08-12 11:19:36.462562,FARM_001,Tomato,27.97,63.45,52.57,37.76,40.83,27.52,0,LOW
2026-08-12 11:29:36.462562,FARM_001,Tomato,28.19,67.92,50.7,91.7,12.27,39.25,0,HIGH
2026-08-12 11:39:36.462562,FARM_001,Tomato,19.76,66.39,47.56,100.0,27.98,38.41,0,MEDIUM
2026-08-12 11:49:36.462562,FARM_001,Tomato,20.74,71.28,50.54,9.03,38.12,35.79,0,HIGH
2026-08-12 11:59:36.462562,FARM_001,Tomato,18.0,60.1,36.25,0.0,7.39,35.29,0,LOW
2026-08-12 12:09:36.462562,FARM_001,Tomato,22.01,67.8,42.34,45.09,35.67,37.66,0,MEDIUM
2026-08-12 12:19:36.462562,FARM_001,Tomato,28.54,70.65,40.35,33.14,36.59,26.11,0,MEDIUM
2026-08-12 12:29:36.462562,FARM_001,Tomato,26.91,68.22,51.25,58.68,19.69,32.69,0,MEDIUM
2026-08-12 12:39:36.462562,FARM_001,Tomato,24.18,77.02,43.04,36.02,38.01,26.11,0,MEDIUM
2026-08-12 12:49:36.462562,FARM_001,Tomato,24.92,73.19,49.31,29.41,34.69,26.21,0,MEDIUM
2026-08-12 12:59:36.462562,FARM_001,Tomato,22.45,67.95,47.73,60.66,19.59,34.6,0,MEDIUM
2026-08-12 13:09:36.462562,FARM_001,Tomato,25.76,69.45,40.6,64.75,46.19,37.9,0,HIGH
2026-08-12 13:19:36.462562,FARM_001,Tomato,27.83,69.98,42.01,0.0,45.16,31.4,0,MEDIUM
2026-08-12 13:29:36.462562,FARM_001,Tomato,19.02,70.7,51.6,3.86,30.95,41.9,0,HIGH
2026-08-12 13:39:36.462562,FARM_001,Tomato,26.11,55.77,41.05,24.62,32.1,33.71,0,LOW
2026-08-12 13:49:36.462562,FARM_001,Tomato,28.45,65.98,45.64,30.57,43.75,28.07,0,LOW
2026-08-12 13:59:36.462562,FARM_001,Tomato,23.46,58.05,41.01,21.1,32.07,26.31,0,LOW
2026-08-12 14:09:36.462562,FARM_001,Tomato,27.59,76.56,43.4,40.38,10.27,38.3,0,HIGH
2026-08-12 14:19:36.462562,FARM_001,Tomato,34.0,67.59,44.76,56.79,40.74,33.23,0,MEDIUM
2026-08-12 14:29:36.462562,FARM_001,Tomato,24.61,66.7,41.01,78.0,24.35,36.35,0,MEDIUM
2026-08-12 14:39:36.462562,FARM_001,Tomato,26.46,74.01,40.1,44.6,29.69,17.35,0,LOW
2026-08-12 14:49:36.462562,FARM_001,Tomato,22.27,70.83,46.46,2.81,52.97,33.89,0,MEDIUM
2026-08-12 14:59:36.462562,FARM_001,Tomato,25.67,60.44,40.69,23.4,32.91,29.58,0,LOW
2026-08-12 15:09:36.462562,FARM_001,Tomato,26.7,67.52,40.87,25.5,34.62,24.56,0,LOW
2026-08-12 15:19:36.462562,FARM_001,Tomato,25.72,65.75,40.21,42.73,41.02,32.14,0,MEDIUM
2026-08-12 15:29:36.462562,FARM_001,Tomato,21.23,56.31,44.6,39.03,40.97,38.72,0,LOW
2026-08-12 15:39:36.462562,FARM_001,Tomato,25.76,63.38,49.81,87.57,23.02,45.42,0,HIGH
2026-08-12 15:49:36.462562,FARM_001,Tomato,30.41,66.77,52.68,14.22,33.84,33.88,0,MEDIUM
2026-08-12 15:59:36.462562,FARM_001,Tomato,26.66,67.23,41.3,38.93,35.06,28.46,0,MEDIUM
2026-08-12 16:09:36.462562,FARM_001,Tomato,28.56,58.07,55.97,96.46,38.03,28.11,0,LOW
2026-08-12 16:19:36.462562,FARM_001,Tomato,24.12,75.72,39.88,10.61,38.24,37.99,0,HIGH
2026-08-12 16:29:36.462562,FARM_001,Tomato,27.77,67.32,50.53,31.94,67.2,26.82,0,LOW
2026-08-12 16:39:36.462562,FARM_001,Tomato,26.03,68.25,41.32,0.11,19.78,36.05,0,HIGH
2026-08-12 16:49:36.462562,FARM_001,Tomato,21.48,70.68,40.56,30.1,46.95,34.17,0,MEDIUM
2026-08-12 16:59:36.462562,FARM_001,Tomato,26.18,62.72,41.2,4.92,49.51,33.54,0,MEDIUM
2026-08-12 17:09:36.462562,FARM_001,Tomato,21.33,71.06,44.73,58.27,40.81,23.56,0,LOW
2026-08-12 17:19:36.462562,FARM_001,Tomato,22.66,65.54,47.96,32.0,26.41,30.47,0,LOW
2026-08-12 17:29:36.462562,FARM_001,Tomato,25.7,61.99,48.42,0.39,55.57,24.19,0,LOW
2026-08-12 17:39:36.462562,FARM_001,Tomato,26.1,71.84,40.19,52.24,6.98,29.15,0,MEDIUM
2026-08-12 17:49:36.462562,FARM_001,Tomato,20.6,77.99,39.95,32.95,25.99,37.73,0,HIGH
2026-08-12 17:59:36.462562,FARM_001,Tomato,28.9,72.86,40.33,55.52,49.36,39.52,0,HIGH
2026-08-12 18:09:36.462562,FARM_001,Tomato,27.12,74.18,44.43,0.0,29.94,33.72,0,HIGH
2026-08-12 18:19:36.462562,FARM_001,Tomato,22.39,64.51,43.93,38.47,54.72,29.25,0,LOW
2026-08-12 18:29:36.462562,FARM_001,Tomato,19.31,57.3,40.15,50.28,15.55,41.55,0,LOW
2026-08-12 18:39:36.462562,FARM_001,Tomato,24.46,77.98,46.37,15.34,20.59,29.17,0,HIGH
2026-08-12 18:49:36.462562,FARM_001,Tomato,23.35,81.77,56.54,0.0,27.9,26.03,0,HIGH
2026-08-12 18:59:36.462562,FARM_001,Tomato,25.42,78.34,42.43,26.49,39.86,36.47,0,HIGH
2026-08-12 19:09:36.462562,FARM_001,Tomato,23.66,65.75,42.79,63.56,31.8,35.11,0,MEDIUM
2026-08-12 19:19:36.462562,FARM_001,Tomato,18.0,60.26,47.85,60.58,28.42,29.41,0,LOW
2026-08-12 19:29:36.462562,FARM_001,Tomato,23.56,60.86,42.15,15.19,52.5,33.07,0,LOW
2026-08-12 19:39:36.462562,FARM_001,Tomato,23.87,56.72,48.41,0.0,53.67,35.02,0,LOW
2026-08-12 19:49:36.462562,FARM_001,Tomato,27.34,67.28,41.34,15.11,29.38,33.66,0,MEDIUM
2026-08-12 19:59:36.462562,FARM_001,Tomato,22.42,78.76,54.34,14.02,13.06,35.12,0,HIGH
2026-08-12 20:09:36.462562,FARM_001,Tomato,31.21,67.05,46.76,40.74,7.42,29.62,0,MEDIUM
2026-08-12 20:19:36.462562,FARM_001,Tomato,18.0,70.03,41.84,24.63,37.62,35.5,0,MEDIUM
2026-08-12 20:29:36.462562,FARM_001,Tomato,29.85,77.22,42.0,5.7,42.87,32.6,0,HIGH
2026-08-12 20:39:36.462562,FARM_001,Tomato,24.17,65.29,42.38,59.94,35.39,29.81,0,LOW
2026-08-12 20:49:36.462562,FARM_001,Tomato,28.18,81.64,52.0,31.8,33.71,31.1,0,HIGH
2026-08-12 20:59:36.462562,FARM_001,Tomato,25.3,81.35,38.53,40.41,24.46,31.94,0,HIGH
2026-08-12 21:09:36.462562,FARM_001,Tomato,29.22,67.12,41.59,0.0,42.85,24.26,0,LOW
2026-08-12 21:19:36.462562,FARM_001,Tomato,23.57,64.13,42.14,0.0,55.75,28.87,0,LOW
2026-08-12 21:29:36.462562,FARM_001,Tomato,20.94,72.67,44.92,0.0,6.67,32.87,0,HIGH
2026-08-12 21:39:36.462562,FARM_001,Tomato,30.26,65.67,43.62,13.67,33.62,24.8,0,LOW
2026-08-12 21:49:36.462562,FARM_001,Tomato,24.58,60.25,37.39,44.53,22.37,28.97,0,LOW
2026-08-12 21:59:36.462562,FARM_001,Tomato,25.82,76.58,42.96,0.0,15.82,46.09,0,HIGH
2026-08-12 22:09:36.462562,FARM_001,Tomato,29.57,76.15,44.49,74.21,20.36,26.06,0,HIGH
2026-08-12 22:19:36.462562,FARM_001,Tomato,21.18,69.04,41.8,32.68,39.38,30.31,0,MEDIUM
2026-08-12 22:29:36.462562,FARM_001,Tomato,27.2,59.54,48.5,67.42,39.7,27.75,0,LOW
2026-08-12 22:39:36.462562,FARM_001,Tomato,22.82,59.76,49.69,1.83,53.0,31.83,0,LOW
2026-08-12 22:49:36.462562,FARM_001,Tomato,24.51,68.72,44.6,42.41,34.71,27.85,0,MEDIUM
2026-08-12 22:59:36.462562,FARM_001,Tomato,25.27,64.65,46.18,30.19,12.45,31.11,0,LOW
2026-08-12 23:09:36.462562,FARM_001,Tomato,19.45,65.71,33.98,51.58,31.6,28.4,0,LOW
2026-08-12 23:19:36.462562,FARM_001,Tomato,22.12,74.85,42.85,20.87,17.13,38.51,0,HIGH
2026-08-12 23:29:36.462562,FARM_001,Tomato,30.0,72.91,50.12,41.52,19.39,32.97,0,HIGH
2026-08-12 23:39:36.462562,FARM_001,Tomato,28.28,77.23,42.84,59.88,41.92,26.78,0,HIGH
2026-08-12 23:49:36.462562,FARM_001,Tomato,24.77,61.36,41.24,8.69,37.05,37.29,0,MEDIUM
2026-08-12 23:59:36.462562,FARM_001,Tomato,25.9,65.7,56.62,34.77,42.0,27.04,0,LOW
2026-08-13 00:09:36.462562,FARM_001,Tomato,23.91,73.09,54.28,0.0,30.1,23.58,0,MEDIUM
2026-08-13 00:19:36.462562,FARM_001,Tomato,30.02,71.0,47.38,48.21,44.56,32.48,0,HIGH
2026-08-13 00:29:36.462562,FARM_001,Tomato,24.26,78.27,50.81,84.78,29.39,43.37,0,HIGH
2026-08-13 00:39:36.462562,FARM_001,Tomato,25.86,70.82,33.65,0.0,48.67,22.08,0,LOW
2026-08-13 00:49:36.462562,FARM_001,Tomato,29.24,80.38,40.98,25.03,38.94,24.91,0,HIGH
2026-08-13 00:59:36.462562,FARM_001,Tomato,22.12,71.62,42.6,53.41,31.99,36.79,0,HIGH
2026-08-13 01:09:36.462562,FARM_001,Tomato,30.77,75.12,43.8,28.62,37.27,28.84,0,HIGH
2026-08-13 01:19:36.462562,FARM_001,Tomato,19.34,65.83,42.5,32.52,34.37,35.99,0,MEDIUM
2026-08-13 01:29:36.462562,FARM_001,Tomato,31.03,68.1,31.99,16.28,54.71,27.73,0,MEDIUM
2026-08-13 01:39:36.462562,FARM_001,Tomato,23.62,74.1,46.97,15.2,37.69,33.31,0,HIGH
2026-08-13 01:49:36.462562,FARM_001,Tomato,24.1,78.81,47.77,25.17,34.58,42.44,0,HIGH
2026-08-13 01:59:36.462562,FARM_001,Tomato,18.01,72.89,53.17,28.92,31.6,25.69,0,MEDIUM
2026-08-13 02:09:36.462562,FARM_001,Tomato,23.32,67.44,40.98,0.0,45.22,38.34,0,HIGH
2026-08-13 02:19:36.462562,FARM_001,Tomato,21.15,77.23,40.56,25.77,43.52,36.37,0,HIGH
2026-08-13 02:29:36.462562,FARM_001,Tomato,22.75,53.31,31.33,73.5,31.15,24.01,0,LOW
2026-08-13 02:39:36.462562,FARM_001,Tomato,24.49,58.47,43.5,15.46,20.04,35.69,0,LOW
2026-08-13 02:49:36.462562,FARM_001,Tomato,28.54,72.57,49.6,0.0,23.24,32.91,0,HIGH
2026-08-13 02:59:36.462562,FARM_001,Tomato,25.77,68.09,41.88,23.28,32.28,33.02,0,MEDIUM
2026-08-13 03:09:36.462562,FARM_001,Tomato,26.14,72.06,55.93,6.83,51.6,34.42,0,HIGH
2026-08-13 03:19:36.462562,FARM_001,Tomato,20.95,68.43,43.69,0.0,31.45,30.5,0,MEDIUM
2026-08-13 03:29:36.462562,FARM_001,Tomato,21.74,71.83,45.75,31.76,27.11,32.9,0,MEDIUM
2026-08-13 03:39:36.462562,FARM_001,Tomato,31.66,62.54,38.05,6.96,12.41,33.88,1,MEDIUM
2026-08-13 03:49:36.462562,FARM_001,Tomato,22.28,71.82,46.46,9.46,53.67,36.75,0,HIGH
2026-08-13 03:59:36.462562,FARM_001,Tomato,31.13,74.66,34.91,32.18,41.77,23.8,0,MEDIUM
2026-08-13 04:09:36.462562,FARM_001,Tomato,24.1,76.18,48.54,0.0,44.63,39.86,0,HIGH
2026-08-13 04:19:36.462562,FARM_001,Tomato,25.01,81.49,48.69,0.0,46.72,25.91,0,HIGH
2026-08-13 04:29:36.462562,FARM_001,Tomato,28.96,69.64,51.93,47.29,32.52,36.84,0,HIGH
2026-08-13 04:39:36.462562,FARM_001,Tomato,29.71,69.84,39.8,0.0,35.67,32.95,0,HIGH
2026-08-13 04:49:36.462562,FARM_001,Tomato,24.59,57.79,45.82,0.0,53.36,25.2,0,LOW
2026-08-13 04:59:36.462562,FARM_001,Tomato,23.56,64.44,47.88,0.0,36.86,35.51,0,MEDIUM
2026-08-13 05:09:36.462562,FARM_001,Tomato,24.79,66.71,47.26,13.5,42.0,27.11,0,LOW
2026-08-13 05:19:36.462562,FARM_001,Tomato,26.25,75.04,40.59,40.2,45.57,38.59,0,HIGH
2026-08-13 05:29:36.462562,FARM_001,Tomato,28.3,63.91,32.8,30.98,42.7,28.45,0,LOW
2026-08-13 05:39:36.462562,FARM_001,Tomato,25.02,73.34,46.77,97.54,32.99,23.98,0,MEDIUM
2026-08-13 05:49:36.462562,FARM_001,Tomato,27.29,67.99,44.22,59.44,34.17,41.24,0,HIGH
2026-08-13 05:59:36.462562,FARM_001,Tomato,31.06,66.81,42.11,0.51,44.4,33.53,0,MEDIUM
2026-08-13 06:09:36.462562,FARM_001,Tomato,26.41,69.67,48.9,0.0,44.38,37.44,0,HIGH
2026-08-13 06:19:36.462562,FARM_001,Tomato,26.15,65.38,44.77,100.0,49.32,27.65,0,LOW
2026-08-13 06:29:36.462562,FARM_001,Tomato,19.38,65.13,38.27,58.73,41.54,21.72,0,LOW
2026-08-13 06:39:36.462562,FARM_001,Tomato,18.0,56.58,35.15,44.91,42.12,42.05,0,LOW
2026-08-13 06:49:36.462562,FARM_001,Tomato,26.44,66.34,39.24,29.89,28.98,32.46,0,MEDIUM
2026-08-13 06:59:36.462562,FARM_001,Tomato,24.65,64.78,57.2,35.69,27.28,35.3,0,MEDIUM
2026-08-13 07:09:36.462562,FARM_001,Tomato,23.1,64.54,48.69,0.0,44.44,36.24,0,MEDIUM
2026-08-13 07:19:36.462562,FARM_001,Tomato,25.9,70.79,45.96,32.29,27.37,30.59,0,MEDIUM
2026-08-13 07:29:36.462562,FARM_001,Tomato,24.78,72.41,44.07,29.78,34.34,33.79,0,HIGH
2026-08-13 07:39:36.462562,FARM_001,Tomato,29.17,69.56,43.74,1.3,51.98,41.59,0,HIGH
2026-08-13 07:49:36.462562,FARM_001,Tomato,25.32,74.67,50.95,11.98,49.98,32.32,0,HIGH
2026-08-13 07:59:36.462562,FARM_001,Tomato,22.24,71.86,42.5,71.94,38.4,37.87,0,HIGH
2026-08-13 08:09:36.462562,FARM_001,Tomato,28.66,66.02,47.94,24.04,30.87,21.15,0,LOW
2026-08-13 08:19:36.462562,FARM_001,Tomato,24.2,64.9,43.22,88.18,33.05,38.91,0,MEDIUM
2026-08-13 08:29:36.462562,FARM_001,Tomato,26.95,70.1,54.89,0.0,45.53,23.82,0,LOW
2026-08-13 08:39:36.462562,FARM_001,Tomato,23.23,71.84,48.79,12.45,34.14,38.25,0,HIGH
2026-08-13 08:49:36.462562,FARM_001,Tomato,22.6,77.37,51.35,0.0,27.57,34.73,0,HIGH
2026-08-13 08:59:36.462562,FARM_001,Tomato,25.31,75.98,42.02,0.0,49.92,31.95,0,HIGH
2026-08-13 09:09:36.462562,FARM_001,Tomato,25.05,64.37,50.4,3.52,36.89,31.93,0,LOW
2026-08-13 09:19:36.462562,FARM_001,Tomato,26.78,67.32,43.41,36.91,27.33,31.06,0,MEDIUM
2026-08-13 09:29:36.462562,FARM_001,Tomato,24.01,72.5,45.56,35.49,40.63,27.82,0,MEDIUM
2026-08-13 09:39:36.462562,FARM_001,Tomato,18.21,75.16,53.34,7.86,46.84,31.33,0,HIGH
2026-08-13 09:49:36.462562,FARM_001,Tomato,23.4,74.29,39.68,0.0,21.9,45.09,0,HIGH
2026-08-13 09:59:36.462562,FARM_001,Tomato,27.94,67.57,46.04,70.85,32.07,39.92,0,HIGH
2026-08-13 10:09:36.462562,FARM_001,Tomato,23.9,59.6,47.23,19.36,31.49,27.54,0,LOW
2026-08-13 10:19:36.462562,FARM_001,Tomato,24.09,61.31,47.65,0.0,40.3,34.03,0,LOW
2026-08-13 10:29:36.462562,FARM_001,Tomato,28.65,69.83,42.7,35.73,42.56,33.05,0,MEDIUM
2026-08-13 10:39:36.462562,FARM_001,Tomato,22.37,70.29,55.64,33.67,27.65,31.69,0,MEDIUM
2026-08-13 10:49:36.462562,FARM_001,Tomato,19.29,60.64,38.4,18.28,15.79,26.78,0,LOW
2026-08-13 10:59:36.462562,FARM_001,Tomato,24.41,68.3,52.44,32.04,47.6,35.04,0,MEDIUM
2026-08-13 11:09:36.462562,FARM_001,Tomato,23.21,72.23,51.2,0.0,20.49,37.32,0,HIGH
2026-08-13 11:19:36.462562,FARM_001,Tomato,21.42,60.29,54.69,49.89,38.02,27.75,0,LOW
2026-08-13 11:29:36.462562,FARM_001,Tomato,24.35,75.4,36.9,0.0,32.94,43.65,0,HIGH
2026-08-13 11:39:36.462562,FARM_001,Tomato,26.82,65.47,40.57,10.02,36.65,41.18,0,HIGH
2026-08-13 11:49:36.462562,FARM_001,Tomato,24.97,76.43,52.61,46.65,55.41,35.62,0,HIGH
2026-08-13 11:59:36.462562,FARM_001,Tomato,26.14,64.43,35.43,62.86,72.88,25.48,0,LOW
2026-08-13 12:09:36.462562,FARM_001,Tomato,31.71,61.12,36.81,74.0,14.02,34.79,1,MEDIUM
2026-08-13 12:19:36.462562,FARM_001,Tomato,23.73,64.93,42.51,58.53,47.0,34.11,0,MEDIUM
2026-08-13 12:29:36.462562,FARM_001,Tomato,26.03,67.36,45.98,18.24,32.63,35.42,0,MEDIUM
2026-08-13 12:39:36.462562,FARM_001,Tomato,23.12,65.4,53.12,0.0,47.8,41.57,0,HIGH
2026-08-13 12:49:36.462562,FARM_001,Tomato,21.87,66.55,44.06,68.73,46.66,31.5,0,MEDIUM
2026-08-13 12:59:36.462562,FARM_001,Tomato,22.84,70.24,41.9,67.72,52.36,44.17,0,HIGH
2026-08-13 13:09:36.462562,FARM_001,Tomato,23.23,66.85,46.59,8.08,38.19,34.82,0,MEDIUM
2026-08-13 13:19:36.462562,FARM_001,Tomato,26.33,67.56,47.39,54.6,23.39,30.84,0,MEDIUM
2026-08-13 13:29:36.462562,FARM_001,Tomato,33.69,56.55,47.25,18.0,46.29,46.18,0,HIGH
2026-08-13 13:39:36.462562,FARM_001,Tomato,22.35,70.62,44.09,71.54,36.09,37.23,0,HIGH
2026-08-13 13:49:36.462562,FARM_001,Tomato,23.46,67.4,35.03,12.67,31.65,29.91,0,MEDIUM
2026-08-13 13:59:36.462562,FARM_001,Tomato,24.77,78.79,40.32,85.48,28.6,32.98,0,HIGH
2026-08-13 14:09:36.462562,FARM_001,Tomato,26.46,61.7,52.24,50.65,47.28,36.12,0,MEDIUM
2026-08-13 14:19:36.462562,FARM_001,Tomato,25.98,55.88,45.95,80.19,54.8,31.64,0,LOW
2026-08-13 14:29:36.462562,FARM_001,Tomato,29.75,72.14,43.36,14.16,19.54,33.26,0,HIGH
2026-08-13 14:39:36.462562,FARM_001,Tomato,18.0,70.32,50.7,39.53,42.44,27.84,0,LOW
2026-08-13 14:49:36.462562,FARM_001,Tomato,18.0,61.24,39.24,0.0,29.91,22.89,0,LOW
2026-08-13 14:59:36.462562,FARM_001,Tomato,23.17,57.75,43.85,52.34,16.11,33.11,0,LOW
2026-08-13 15:09:36.462562,FARM_001,Tomato,29.06,78.3,45.7,53.95,36.46,33.3,0,HIGH
2026-08-13 15:19:36.462562,FARM_001,Tomato,19.21,77.47,42.75,97.69,24.1,35.5,0,HIGH
2026-08-13 15:29:36.462562,FARM_001,Tomato,18.0,51.33,45.51,41.78,14.72,29.22,0,LOW
2026-08-13 15:39:36.462562,FARM_001,Tomato,27.11,64.93,44.04,48.84,24.75,24.86,0,LOW
2026-08-13 15:49:36.462562,FARM_001,Tomato,25.9,79.15,37.86,13.95,21.65,27.0,0,HIGH
2026-08-13 15:59:36.462562,FARM_001,Tomato,20.97,64.81,45.93,43.51,26.45,38.52,0,MEDIUM
2026-08-13 16:09:36.462562,FARM_001,Tomato,21.35,64.71,38.23,16.61,17.89,28.7,0,LOW
2026-08-13 16:19:36.462562,FARM_001,Tomato,21.41,66.11,45.84,31.08,29.62,29.98,0,LOW
2026-08-13 16:29:36.462562,FARM_001,Tomato,25.41,60.49,52.01,32.8,25.61,30.72,0,LOW
2026-08-13 16:39:36.462562,FARM_001,Tomato,22.68,56.58,43.57,17.41,39.33,28.97,0,LOW
2026-08-13 16:49:36.462562,FARM_001,Tomato,26.83,75.05,39.03,29.54,42.08,28.55,0,HIGH
2026-08-13 16:59:36.462562,FARM_001,Tomato,18.0,55.65,44.35,16.74,37.88,27.53,0,LOW
2026-08-13 17:09:36.462562,FARM_001,Tomato,21.83,69.66,40.76,16.61,31.63,40.48,0,HIGH
2026-08-13 17:19:36.462562,FARM_001,Tomato,20.83,73.94,48.03,59.14,31.29,36.38,0,HIGH
2026-08-13 17:29:36.462562,FARM_001,Tomato,24.05,58.28,44.25,32.82,24.05,39.61,0,MEDIUM
2026-08-13 17:39:36.462562,FARM_001,Tomato,23.01,61.81,53.72,37.83,24.36,40.76,0,MEDIUM
2026-08-13 17:49:36.462562,FARM_001,Tomato,27.95,76.13,50.93,0.0,43.47,19.11,0,MEDIUM
2026-08-13 17:59:36.462562,FARM_001,Tomato,18.12,71.57,44.22,40.06,12.43,34.46,0,MEDIUM
2026-08-13 18:09:36.462562,FARM_001,Tomato,25.17,63.86,48.65,43.19,33.58,29.16,0,LOW
2026-08-13 18:19:36.462562,FARM_001,Tomato,27.07,76.06,42.99,16.07,30.52,38.87,0,HIGH
2026-08-13 18:29:36.462562,FARM_001,Tomato,31.87,76.08,45.17,88.58,42.15,28.27,0,HIGH
2026-08-13 18:39:36.462562,FARM_001,Tomato,23.22,69.8,43.16,0.0,16.64,26.49,0,LOW
2026-08-13 18:49:36.462562,FARM_001,Tomato,26.2,61.97,48.91,50.6,34.76,24.33,0,LOW
2026-08-13 18:59:36.462562,FARM_001,Tomato,18.33,65.23,52.31,48.51,38.92,30.77,0,LOW
2026-08-13 19:09:36.462562,FARM_001,Tomato,18.0,69.92,49.07,43.51,10.6,37.72,0,HIGH
2026-08-13 19:19:36.462562,FARM_001,Tomato,28.13,66.74,49.7,32.85,21.06,33.96,0,MEDIUM
2026-08-13 19:29:36.462562,FARM_001,Tomato,24.98,74.29,49.71,43.78,33.44,25.64,0,MEDIUM
2026-08-13 19:39:36.462562,FARM_001,Tomato,29.36,57.75,47.81,53.05,41.08,44.77,0,MEDIUM
2026-08-13 19:49:36.462562,FARM_001,Tomato,19.92,57.99,39.19,6.5,36.9,36.2,0,LOW
2026-08-13 19:59:36.462562,FARM_001,Tomato,26.92,69.21,53.67,36.44,41.66,36.93,0,HIGH
2026-08-13 20:09:36.462562,FARM_001,Tomato,31.91,64.71,54.2,22.35,21.0,39.82,0,HIGH
2026-08-13 20:19:36.462562,FARM_001,Tomato,26.55,63.8,43.81,0.0,14.58,23.15,0,LOW
2026-08-13 20:29:36.462562,FARM_001,Tomato,26.02,56.15,43.11,48.64,35.66,27.3,0,LOW
2026-08-13 20:39:36.462562,FARM_001,Tomato,25.03,68.13,48.12,11.22,19.11,37.19,0,HIGH
2026-08-13 20:49:36.462562,FARM_001,Tomato,19.19,67.65,47.81,0.0,23.7,27.88,0,LOW
2026-08-13 20:59:36.462562,FARM_001,Tomato,30.02,72.38,43.97,11.96,46.35,30.93,0,HIGH
2026-08-13 21:09:36.462562,FARM_001,Tomato,22.74,68.46,38.62,4.37,36.98,32.06,0,MEDIUM
2026-08-13 21:19:36.462562,FARM_001,Tomato,26.87,67.11,46.56,57.73,27.44,25.22,0,LOW
2026-08-13 21:29:36.462562,FARM_001,Tomato,19.22,75.89,47.81,32.17,25.8,30.44,0,HIGH
2026-08-13 21:39:36.462562,FARM_001,Tomato,20.64,59.21,48.7,68.07,42.42,37.71,0,LOW
2026-08-13 21:49:36.462562,FARM_001,Tomato,30.31,71.59,46.78,8.24,37.27,36.66,0,HIGH
2026-08-13 21:59:36.462562,FARM_001,Tomato,23.71,56.8,43.62,53.23,19.3,38.84,0,LOW
2026-08-13 22:09:36.462562,FARM_001,Tomato,30.38,62.38,50.07,100.0,10.06,38.26,0,MEDIUM
2026-08-13 22:19:36.462562,FARM_001,Tomato,24.71,59.88,45.34,38.1,58.31,34.81,0,LOW
2026-08-13 22:29:36.462562,FARM_001,Tomato,18.18,73.24,42.63,52.86,19.2,34.36,0,HIGH
2026-08-13 22:39:36.462562,FARM_001,Tomato,28.3,67.56,44.08,47.95,41.25,33.94,0,MEDIUM
2026-08-13 22:49:36.462562,FARM_001,Tomato,22.82,67.91,36.1,0.0,53.63,28.93,0,MEDIUM
2026-08-13 22:59:36.462562,FARM_001,Tomato,27.59,60.58,44.07,44.81,36.46,26.63,0,LOW
2026-08-13 23:09:36.462562,FARM_001,Tomato,25.09,65.99,48.51,36.65,27.03,28.57,0,LOW
2026-08-13 23:19:36.462562,FARM_001,Tomato,19.29,62.88,46.73,20.12,16.63,30.64,0,LOW
2026-08-13 23:29:36.462562,FARM_001,Tomato,25.61,70.57,52.76,1.89,16.46,28.76,0,MEDIUM
2026-08-13 23:39:36.462562,FARM_001,Tomato,33.13,61.36,43.66,47.96,39.35,34.86,0,MEDIUM
2026-08-13 23:49:36.462562,FARM_001,Tomato,26.82,76.91,47.49,0.0,52.88,33.65,0,HIGH
2026-08-13 23:59:36.462562,FARM_001,Tomato,24.79,56.77,49.04,90.0,29.62,34.26,0,LOW
2026-08-14 00:09:36.462562,FARM_001,Tomato,28.98,62.6,56.95,31.03,27.6,34.5,0,MEDIUM
2026-08-14 00:19:36.462562,FARM_001,Tomato,25.78,79.24,45.74,0.0,43.39,39.32,0,HIGH
2026-08-14 00:29:36.462562,FARM_001,Tomato,25.78,65.08,39.67,12.69,25.96,32.45,0,MEDIUM
2026-08-14 00:39:36.462562,FARM_001,Tomato,20.96,59.19,49.32,19.58,38.06,38.25,0,LOW
2026-08-14 00:49:36.462562,FARM_001,Tomato,25.87,69.47,54.52,98.14,35.13,35.44,0,HIGH
2026-08-14 00:59:36.462562,FARM_001,Tomato,28.83,64.81,43.36,1.87,29.44,38.94,0,HIGH
2026-08-14 01:09:36.462562,FARM_001,Tomato,21.91,62.4,49.29,24.31,34.4,41.7,0,MEDIUM
2026-08-14 01:19:36.462562,FARM_001,Tomato,30.27,60.66,51.27,12.0,56.82,35.79,0,MEDIUM
2026-08-14 01:29:36.462562,FARM_001,Tomato,24.66,86.55,50.19,42.28,42.22,33.09,0,HIGH
2026-08-14 01:39:36.462562,FARM_001,Tomato,21.72,66.31,45.64,12.46,48.37,33.05,0,MEDIUM
2026-08-14 01:49:36.462562,FARM_001,Tomato,28.69,55.1,41.44,0.0,23.02,29.82,0,LOW
2026-08-14 01:59:36.462562,FARM_001,Tomato,23.94,78.01,44.59,22.0,48.41,29.63,0,HIGH
2026-08-14 02:09:36.462562,FARM_001,Tomato,27.81,72.09,47.34,18.96,42.65,37.64,0,HIGH
2026-08-14 02:19:36.462562,FARM_001,Tomato,23.92,62.86,49.63,10.41,15.71,27.01,0,LOW
2026-08-14 02:29:36.462562,FARM_001,Tomato,24.78,61.75,46.7,11.97,41.4,41.7,0,MEDIUM
2026-08-14 02:39:36.462562,FARM_001,Tomato,26.83,72.51,43.06,62.29,28.13,31.64,0,HIGH
2026-08-14 02:49:36.462562,FARM_001,Tomato,26.08,66.35,47.83,18.36,15.12,48.81,0,HIGH
2026-08-14 02:59:36.462562,FARM_001,Tomato,18.0,55.1,49.39,0.0,36.24,28.55,0,LOW
2026-08-14 03:09:36.462562,FARM_001,Tomato,20.85,79.97,46.94,14.21,41.39,33.93,0,HIGH
2026-08-14 03:19:36.462562,FARM_001,Tomato,28.44,65.09,40.74,29.29,36.51,30.49,0,MEDIUM
2026-08-14 03:29:36.462562,FARM_001,Tomato,24.51,78.02,44.07,0.0,33.22,27.98,0,HIGH
2026-08-14 03:39:36.462562,FARM_001,Tomato,23.06,76.57,49.83,75.18,30.43,38.56,0,HIGH
2026-08-14 03:49:36.462562,FARM_001,Tomato,19.97,61.29,37.95,53.03,65.68,26.2,0,LOW
2026-08-14 03:59:36.462562,FARM_001,Tomato,21.0,74.92,34.32,69.46,19.7,28.65,0,MEDIUM
2026-08-14 04:09:36.462562,FARM_001,Tomato,18.0,63.64,52.69,39.15,45.6,35.84,0,MEDIUM
2026-08-14 04:19:36.462562,FARM_001,Tomato,24.63,55.49,47.61,0.0,34.79,36.75,0,LOW
2026-08-14 04:29:36.462562,FARM_001,Tomato,22.79,65.16,48.09,72.53,23.83,24.57,0,LOW
2026-08-14 04:39:36.462562,FARM_001,Tomato,21.42,70.66,39.51,2.48,33.99,35.82,0,HIGH
2026-08-14 04:49:36.462562,FARM_001,Tomato,24.75,64.9,48.76,4.86,17.05,33.23,0,MEDIUM
2026-08-14 04:59:36.462562,FARM_001,Tomato,26.35,65.94,46.4,32.26,27.1,27.27,0,LOW
2026-08-14 05:09:36.462562,FARM_001,Tomato,32.74,75.66,36.92,67.94,34.01,28.0,0,HIGH
2026-08-14 05:19:36.462562,FARM_001,Tomato,19.41,68.71,52.26,58.46,15.06,20.91,0,LOW
2026-08-14 05:29:36.462562,FARM_001,Tomato,29.29,62.35,45.81,54.16,40.98,42.29,0,HIGH
2026-08-14 05:39:36.462562,FARM_001,Tomato,28.6,72.7,42.98,18.59,22.46,38.29,0,HIGH
2026-08-14 05:49:36.462562,FARM_001,Tomato,22.12,69.32,43.07,18.13,16.31,25.15,0,LOW
2026-08-14 05:59:36.462562,FARM_001,Tomato,25.75,51.11,34.72,37.8,20.99,37.05,0,LOW
2026-08-14 06:09:36.462562,FARM_001,Tomato,23.31,70.87,48.03,23.9,62.02,29.23,0,MEDIUM
2026-08-14 06:19:36.462562,FARM_001,Tomato,25.69,70.63,46.34,53.67,9.68,37.71,0,HIGH
2026-08-14 06:29:36.462562,FARM_001,Tomato,30.58,68.13,44.01,51.94,40.1,29.67,0,MEDIUM
2026-08-14 06:39:36.462562,FARM_001,Tomato,27.24,73.97,51.52,44.97,25.13,30.43,0,HIGH
2026-08-14 06:49:36.462562,FARM_001,Tomato,26.88,63.49,37.94,0.0,30.19,30.86,0,LOW
2026-08-14 06:59:36.462562,FARM_001,Tomato,23.41,70.25,41.96,31.44,42.21,28.75,0,MEDIUM
2026-08-14 07:09:36.462562,FARM_001,Tomato,19.51,57.5,40.66,24.52,41.59,40.48,0,LOW
2026-08-14 07:19:36.462562,FARM_001,Tomato,24.23,70.73,43.58,32.61,26.02,37.62,0,HIGH
2026-08-14 07:29:36.462562,FARM_001,Tomato,29.46,81.09,45.34,5.67,17.49,33.13,0,HIGH
2026-08-14 07:39:36.462562,FARM_001,Tomato,19.35,61.33,47.19,0.0,42.44,38.34,0,MEDIUM
2026-08-14 07:49:36.462562,FARM_001,Tomato,21.1,62.91,43.23,41.22,41.56,23.23,0,LOW
2026-08-14 07:59:36.462562,FARM_001,Tomato,25.47,63.24,40.53,17.3,31.01,25.5,0,LOW
2026-08-14 08:09:36.462562,FARM_001,Tomato,21.36,68.87,53.6,44.48,40.17,35.2,0,MEDIUM
2026-08-14 08:19:36.462562,FARM_001,Tomato,22.07,60.88,57.3,8.11,28.98,36.69,0,LOW
2026-08-14 08:29:36.462562,FARM_001,Tomato,23.43,70.82,45.73,69.04,24.18,34.09,0,HIGH
2026-08-14 08:39:36.462562,FARM_001,Tomato,19.95,73.67,41.14,56.93,34.65,21.77,0,LOW
2026-08-14 08:49:36.462562,FARM_001,Tomato,21.4,71.58,52.52,36.37,41.14,26.44,0,MEDIUM
2026-08-14 08:59:36.462562,FARM_001,Tomato,27.6,56.15,37.62,21.47,38.5,34.87,0,LOW
2026-08-14 09:09:36.462562,FARM_001,Tomato,20.16,74.67,43.29,52.59,41.02,46.33,0,HIGH
2026-08-14 09:19:36.462562,FARM_001,Tomato,19.09,74.28,41.45,39.16,25.02,39.44,0,HIGH
2026-08-14 09:29:36.462562,FARM_001,Tomato,22.67,73.56,39.09,34.67,54.53,41.49,0,HIGH
2026-08-14 09:39:36.462562,FARM_001,Tomato,27.71,70.5,43.57,58.15,30.29,34.44,0,HIGH
2026-08-14 09:49:36.462562,FARM_001,Tomato,24.27,69.48,40.59,69.35,33.1,34.4,0,MEDIUM
2026-08-14 09:59:36.462562,FARM_001,Tomato,23.28,74.92,45.06,0.0,17.98,26.61,0,MEDIUM
2026-08-14 10:09:36.462562,FARM_001,Tomato,25.16,80.89,45.14,0.0,32.16,37.93,0,HIGH
2026-08-14 10:19:36.462562,FARM_001,Tomato,18.54,61.61,41.83,4.92,41.31,32.08,0,LOW
2026-08-14 10:29:36.462562,FARM_001,Tomato,26.83,75.22,43.11,0.0,44.21,36.45,0,HIGH
2026-08-14 10:39:36.462562,FARM_001,Tomato,26.42,67.42,43.82,25.87,54.28,32.67,0,MEDIUM
2026-08-14 10:49:36.462562,FARM_001,Tomato,23.49,67.13,49.13,45.22,41.15,34.09,0,MEDIUM
2026-08-14 10:59:36.462562,FARM_001,Tomato,28.72,57.71,44.24,27.07,38.09,32.0,0,LOW
2026-08-14 11:09:36.462562,FARM_001,Tomato,20.83,66.09,49.21,12.1,28.98,33.78,0,MEDIUM
2026-08-14 11:19:36.462562,FARM_001,Tomato,29.17,61.32,47.99,60.59,26.26,38.2,0,MEDIUM
2026-08-14 11:29:36.462562,FARM_001,Tomato,25.57,64.89,47.91,31.8,46.83,25.28,0,LOW
2026-08-14 11:39:36.462562,FARM_001,Tomato,23.75,60.64,52.08,37.72,46.58,23.99,0,LOW
2026-08-14 11:49:36.462562,FARM_001,Tomato,24.93,64.99,39.29,61.4,21.03,34.93,0,MEDIUM
2026-08-14 11:59:36.462562,FARM_001,Tomato,24.6,65.28,42.59,24.1,43.71,40.71,0,HIGH
2026-08-14 12:09:36.462562,FARM_001,Tomato,29.52,68.65,53.99,87.86,42.79,42.15,0,HIGH
2026-08-14 12:19:36.462562,FARM_001,Tomato,21.02,57.18,43.69,14.62,20.57,25.52,0,LOW
2026-08-14 12:29:36.462562,FARM_001,Tomato,22.18,58.32,30.64,86.04,41.41,30.2,0,LOW
2026-08-14 12:39:36.462562,FARM_001,Tomato,28.83,70.42,43.96,0.0,21.38,24.07,0,MEDIUM
2026-08-14 12:49:36.462562,FARM_001,Tomato,22.8,62.66,45.69,42.81,3.99,29.36,0,LOW
2026-08-14 12:59:36.462562,FARM_001,Tomato,28.33,75.2,31.65,8.94,32.58,38.9,0,HIGH
2026-08-14 13:09:36.462562,FARM_001,Tomato,31.29,69.51,51.8,60.39,37.85,32.43,0,MEDIUM
2026-08-14 13:19:36.462562,FARM_001,Tomato,23.51,72.07,41.36,13.74,33.15,30.37,0,MEDIUM
2026-08-14 13:29:36.462562,FARM_001,Tomato,27.52,77.45,46.68,36.19,70.73,35.61,0,HIGH
2026-08-14 13:39:36.462562,FARM_001,Tomato,20.73,65.92,43.85,8.7,39.37,27.97,0,LOW
2026-08-14 13:49:36.462562,FARM_001,Tomato,27.79,64.15,38.43,55.07,36.45,41.58,0,HIGH
2026-08-14 13:59:36.462562,FARM_001,Tomato,25.74,73.84,39.54,8.55,40.01,32.54,0,HIGH
2026-08-14 14:09:36.462562,FARM_001,Tomato,26.75,71.41,40.23,76.86,29.04,30.21,0,MEDIUM
2026-08-14 14:19:36.462562,FARM_001,Tomato,22.61,66.74,50.54,0.0,46.31,35.85,0,MEDIUM
2026-08-14 14:29:36.462562,FARM_001,Tomato,18.85,77.32,44.25,0.0,39.15,37.85,0,HIGH
2026-08-14 14:39:36.462562,FARM_001,Tomato,26.86,66.58,42.34,55.49,38.57,41.6,0,HIGH
2026-08-14 14:49:36.462562,FARM_001,Tomato,18.0,68.22,40.23,10.42,26.74,31.3,0,MEDIUM
2026-08-14 14:59:36.462562,FARM_001,Tomato,23.83,68.14,51.1,27.49,14.89,38.69,0,HIGH
2026-08-14 15:09:36.462562,FARM_001,Tomato,28.48,61.74,52.47,18.29,28.28,33.08,0,LOW
2026-08-14 15:19:36.462562,FARM_001,Tomato,25.71,68.52,51.04,0.0,38.16,29.02,0,MEDIUM
2026-08-14 15:29:36.462562,FARM_001,Tomato,32.21,77.36,47.51,25.45,29.0,28.07,0,HIGH
2026-08-14 15:39:36.462562,FARM_001,Tomato,28.79,70.98,46.48,64.64,38.28,26.25,0,MEDIUM
2026-08-14 15:49:36.462562,FARM_001,Tomato,22.58,68.21,38.8,56.99,31.67,28.27,0,LOW
2026-08-14 15:59:36.462562,FARM_001,Tomato,25.1,66.92,43.75,34.47,40.03,38.86,0,HIGH
2026-08-14 16:09:36.462562,FARM_001,Tomato,24.82,70.22,41.51,60.18,22.29,36.53,0,HIGH
2026-08-14 16:19:36.462562,FARM_001,Tomato,19.15,73.02,35.69,0.0,37.03,25.43,0,MEDIUM
2026-08-14 16:29:36.462562,FARM_001,Tomato,21.52,72.08,50.39,18.2,26.52,22.55,0,LOW
2026-08-14 16:39:36.462562,FARM_001,Tomato,22.93,65.78,41.45,39.26,15.22,26.16,0,LOW
2026-08-14 16:49:36.462562,FARM_001,Tomato,18.0,70.18,51.1,23.89,32.52,28.07,0,LOW
2026-08-14 16:59:36.462562,FARM_001,Tomato,25.18,71.22,49.5,20.49,53.96,30.77,0,MEDIUM
2026-08-14 17:09:36.462562,FARM_001,Tomato,24.08,61.25,47.84,0.0,16.22,39.19,0,MEDIUM
2026-08-14 17:19:36.462562,FARM_001,Tomato,18.81,69.13,48.13,0.0,36.1,29.38,0,MEDIUM
2026-08-14 17:29:36.462562,FARM_001,Tomato,26.5,53.52,41.86,51.58,44.65,42.08,0,LOW
2026-08-14 17:39:36.462562,FARM_001,Tomato,27.65,71.23,54.48,34.8,63.58,22.92,0,LOW
2026-08-14 17:49:36.462562,FARM_001,Tomato,25.84,72.42,45.22,54.04,28.39,30.51,0,MEDIUM
2026-08-14 17:59:36.462562,FARM_001,Tomato,23.8,73.01,46.54,14.93,26.64,36.98,0,HIGH
2026-08-14 18:09:36.462562,FARM_001,Tomato,27.19,65.35,41.69,6.89,19.9,37.33,0,MEDIUM
2026-08-14 18:19:36.462562,FARM_001,Tomato,27.52,70.07,40.25,27.89,48.97,30.59,0,MEDIUM
2026-08-14 18:29:36.462562,FARM_001,Tomato,26.14,77.54,47.43,52.64,23.67,38.21,0,HIGH
2026-08-14 18:39:36.462562,FARM_001,Tomato,21.95,77.47,46.11,20.94,29.93,37.13,0,HIGH
2026-08-14 18:49:36.462562,FARM_001,Tomato,26.02,67.8,40.97,51.11,11.3,28.61,0,MEDIUM
2026-08-14 18:59:36.462562,FARM_001,Tomato,29.42,68.93,37.66,0.0,45.74,34.3,0,HIGH
2026-08-14 19:09:36.462562,FARM_001,Tomato,22.79,75.44,38.52,22.99,49.19,36.51,0,HIGH
2026-08-14 19:19:36.462562,FARM_001,Tomato,32.76,57.94,51.1,25.65,45.26,29.02,0,LOW
2026-08-14 19:29:36.462562,FARM_001,Tomato,23.06,65.84,41.87,63.51,14.37,42.16,0,HIGH
2026-08-14 19:39:36.462562,FARM_001,Tomato,25.12,76.95,43.27,33.76,42.25,27.74,0,HIGH
2026-08-14 19:49:36.462562,FARM_001,Tomato,22.51,74.53,52.4,78.69,13.52,33.32,0,HIGH
2026-08-14 19:59:36.462562,FARM_001,Tomato,25.83,70.47,39.28,0.0,35.33,25.38,0,MEDIUM
2026-08-14 20:09:36.462562,FARM_001,Tomato,18.55,57.91,41.29,31.49,37.18,33.09,0,LOW
2026-08-14 20:19:36.462562,FARM_001,Tomato,22.98,67.67,41.08,32.94,38.51,26.42,0,LOW
2026-08-14 20:29:36.462562,FARM_001,Tomato,20.96,64.05,53.25,45.81,41.34,30.82,0,LOW
2026-08-14 20:39:36.462562,FARM_001,Tomato,25.5,70.22,55.17,3.95,34.5,23.46,0,LOW
2026-08-14 20:49:36.462562,FARM_001,Tomato,28.68,62.58,48.83,76.89,9.87,37.06,0,MEDIUM
2026-08-14 20:59:36.462562,FARM_001,Tomato,27.39,61.13,49.0,28.08,41.34,34.53,0,LOW
2026-08-14 21:09:36.462562,FARM_001,Tomato,18.0,54.17,42.04,0.0,35.83,38.7,0,LOW
2026-08-14 21:19:36.462562,FARM_001,Tomato,32.56,76.19,54.93,27.23,23.23,30.52,0,HIGH
2026-08-14 21:29:36.462562,FARM_001,Tomato,26.09,65.32,46.37,18.56,14.83,38.96,0,MEDIUM
2026-08-14 21:39:36.462562,FARM_001,Tomato,22.13,69.05,49.35,100.0,54.0,32.72,0,MEDIUM
2026-08-14 21:49:36.462562,FARM_001,Tomato,25.58,67.99,44.46,58.36,50.11,33.15,0,MEDIUM
2026-08-14 21:59:36.462562,FARM_001,Tomato,25.65,60.85,43.63,29.15,43.5,44.55,0,HIGH
2026-08-14 22:09:36.462562,FARM_001,Tomato,22.53,59.56,53.48,24.43,26.08,29.74,0,LOW
2026-08-14 22:19:36.462562,FARM_001,Tomato,25.73,61.26,47.75,55.47,2.89,39.5,0,MEDIUM
2026-08-14 22:29:36.462562,FARM_001,Tomato,22.75,63.15,52.4,56.87,44.23,35.23,0,MEDIUM
2026-08-14 22:39:36.462562,FARM_001,Tomato,23.5,70.46,46.3,0.0,39.22,29.24,0,MEDIUM
2026-08-14 22:49:36.462562,FARM_001,Tomato,22.46,62.67,40.67,46.48,29.88,25.0,0,LOW
2026-08-14 22:59:36.462562,FARM_001,Tomato,19.7,79.7,42.02,28.52,48.77,26.61,0,HIGH
2026-08-14 23:09:36.462562,FARM_001,Tomato,25.54,74.88,45.53,0.0,45.28,38.94,0,HIGH
2026-08-14 23:19:36.462562,FARM_001,Tomato,27.17,73.42,41.8,53.4,36.82,42.39,0,HIGH
2026-08-14 23:29:36.462562,FARM_001,Tomato,26.91,67.2,39.35,93.29,35.04,33.02,0,MEDIUM
2026-08-14 23:39:36.462562,FARM_001,Tomato,28.03,78.15,51.13,43.96,35.24,33.32,0,HIGH
2026-08-14 23:49:36.462562,FARM_001,Tomato,26.2,66.54,42.22,59.83,43.17,36.93,0,MEDIUM
2026-08-14 23:59:36.462562,FARM_001,Tomato,23.03,67.79,45.7,80.38,23.8,32.92,0,MEDIUM
2026-08-15 00:09:36.462562,FARM_001,Tomato,28.11,69.14,46.51,3.46,39.97,38.77,0,HIGH
2026-08-15 00:19:36.462562,FARM_001,Tomato,19.98,72.7,42.0,0.0,23.0,34.16,0,HIGH
2026-08-15 00:29:36.462562,FARM_001,Tomato,21.67,72.27,52.4,46.88,51.44,33.27,0,HIGH
2026-08-15 00:39:36.462562,FARM_001,Tomato,21.43,64.82,39.3,20.47,41.3,28.51,0,LOW
2026-08-15 00:49:36.462562,FARM_001,Tomato,29.0,64.43,46.33,0.0,25.93,27.11,0,LOW
2026-08-15 00:59:36.462562,FARM_001,Tomato,28.49,72.29,46.26,25.42,35.62,14.49,0,LOW
2026-08-15 01:09:36.462562,FARM_001,Tomato,26.8,72.79,44.72,48.94,23.84,39.53,0,HIGH
2026-08-15 01:19:36.462562,FARM_001,Tomato,28.97,65.36,38.39,23.35,53.55,31.66,0,MEDIUM
2026-08-15 01:29:36.462562,FARM_001,Tomato,21.75,57.37,49.44,4.72,55.05,30.22,0,LOW
2026-08-15 01:39:36.462562,FARM_001,Tomato,26.29,66.61,48.79,21.17,43.37,21.38,0,LOW
2026-08-15 01:49:36.462562,FARM_001,Tomato,24.54,72.18,41.55,27.13,54.21,28.85,0,MEDIUM
2026-08-15 01:59:36.462562,FARM_001,Tomato,28.13,80.1,48.61,0.0,36.51,28.1,0,HIGH
2026-08-15 02:09:36.462562,FARM_001,Tomato,24.57,59.97,46.91,23.53,44.22,27.97,0,LOW
2026-08-15 02:19:36.462562,FARM_001,Tomato,23.58,65.14,38.47,0.0,50.03,34.4,0,MEDIUM
2026-08-15 02:29:36.462562,FARM_001,Tomato,27.0,65.39,40.64,46.94,34.53,33.2,0,MEDIUM
2026-08-15 02:39:36.462562,FARM_001,Tomato,28.24,77.08,50.81,0.0,35.5,24.74,0,MEDIUM
2026-08-15 02:49:36.462562,FARM_001,Tomato,22.53,67.77,46.58,57.27,46.36,25.1,0,LOW
2026-08-15 02:59:36.462562,FARM_001,Tomato,24.77,61.92,42.12,15.75,42.75,25.09,0,LOW
2026-08-15 03:09:36.462562,FARM_001,Tomato,21.08,71.74,40.62,11.85,25.08,42.82,0,HIGH
2026-08-15 03:19:36.462562,FARM_001,Tomato,18.0,65.29,42.37,36.3,7.05,41.01,0,MEDIUM
2026-08-15 03:29:36.462562,FARM_001,Tomato,25.74,59.8,42.73,2.41,32.39,27.64,0,LOW
2026-08-15 03:39:36.462562,FARM_001,Tomato,27.25,62.02,40.69,35.84,8.18,21.23,0,LOW
2026-08-15 03:49:36.462562,FARM_001,Tomato,25.97,79.62,36.12,6.32,22.11,33.23,0,HIGH
2026-08-15 03:59:36.462562,FARM_001,Tomato,18.0,70.57,50.81,11.44,23.58,32.77,0,MEDIUM
2026-08-15 04:09:36.462562,FARM_001,Tomato,23.7,68.72,49.95,39.54,27.44,34.31,0,MEDIUM
2026-08-15 04:19:36.462562,FARM_001,Tomato,18.0,66.33,38.51,0.0,44.94,36.73,0,MEDIUM
2026-08-15 04:29:36.462562,FARM_001,Tomato,30.07,69.96,45.7,0.0,47.67,35.07,0,HIGH
2026-08-15 04:39:36.462562,FARM_001,Tomato,20.98,69.88,40.4,34.95,41.01,26.14,0,LOW
2026-08-15 04:49:36.462562,FARM_001,Tomato,29.64,69.96,43.67,26.91,42.57,34.18,0,HIGH
2026-08-15 04:59:36.462562,FARM_001,Tomato,28.5,68.77,43.24,32.63,42.87,37.37,0,HIGH
2026-08-15 05:09:36.462562,FARM_001,Tomato,21.67,73.82,42.82,37.27,3.14,28.37,0,MEDIUM
2026-08-15 05:19:36.462562,FARM_001,Tomato,20.81,68.15,55.22,29.38,34.73,34.21,0,MEDIUM
2026-08-15 05:29:36.462562,FARM_001,Tomato,26.3,61.45,42.75,45.46,11.96,29.35,0,LOW
2026-08-15 05:39:36.462562,FARM_001,Tomato,21.88,63.9,40.88,30.55,41.02,43.88,0,HIGH
2026-08-15 05:49:36.462562,FARM_001,Tomato,25.38,54.74,41.11,0.0,8.23,24.94,0,LOW
2026-08-15 05:59:36.462562,FARM_001,Tomato,23.21,81.58,50.32,0.0,32.33,39.09,0,HIGH
2026-08-15 06:09:36.462562,FARM_001,Tomato,18.41,73.78,36.57,84.0,41.5,22.98,0,LOW
2026-08-15 06:19:36.462562,FARM_001,Tomato,18.0,62.44,41.11,27.7,20.52,42.72,0,MEDIUM
2026-08-15 06:29:36.462562,FARM_001,Tomato,25.84,66.11,52.38,55.45,46.72,25.99,0,LOW
2026-08-15 06:39:36.462562,FARM_001,Tomato,22.92,63.73,46.24,17.61,40.98,33.58,0,MEDIUM
2026-08-15 06:49:36.462562,FARM_001,Tomato,22.95,78.34,45.98,26.01,39.4,23.21,0,MEDIUM
2026-08-15 06:59:36.462562,FARM_001,Tomato,27.57,58.49,55.87,14.46,43.39,24.81,0,LOW
2026-08-15 07:09:36.462562,FARM_001,Tomato,29.34,68.77,46.26,99.71,30.07,37.62,0,HIGH
2026-08-15 07:19:36.462562,FARM_001,Tomato,23.99,67.27,41.39,35.09,36.51,38.36,0,HIGH
2026-08-15 07:29:36.462562,FARM_001,Tomato,23.74,73.54,43.56,12.08,34.73,33.86,0,HIGH
2026-08-15 07:39:36.462562,FARM_001,Tomato,26.85,67.3,39.21,0.0,34.44,36.72,0,HIGH
2026-08-15 07:49:36.462562,FARM_001,Tomato,19.98,56.22,51.41,85.33,26.13,38.46,0,LOW
2026-08-15 07:59:36.462562,FARM_001,Tomato,25.83,66.32,47.93,22.93,18.94,28.6,0,LOW
2026-08-15 08:09:36.462562,FARM_001,Tomato,27.04,61.49,50.73,49.43,30.36,24.53,0,LOW
2026-08-15 08:19:36.462562,FARM_001,Tomato,27.52,68.53,51.19,52.7,29.66,32.42,0,MEDIUM
2026-08-15 08:29:36.462562,FARM_001,Tomato,18.0,77.61,42.89,14.19,25.32,29.21,0,HIGH
2026-08-15 08:39:36.462562,FARM_001,Tomato,22.18,56.35,40.18,47.34,45.34,34.72,0,LOW
2026-08-15 08:49:36.462562,FARM_001,Tomato,21.75,62.64,44.74,10.06,19.83,35.62,0,MEDIUM
2026-08-15 08:59:36.462562,FARM_001,Tomato,25.37,64.3,40.55,0.0,32.44,28.61,0,LOW
2026-08-15 09:09:36.462562,FARM_001,Tomato,26.78,65.44,45.84,61.7,49.3,36.51,0,MEDIUM
2026-08-15 09:19:36.462562,FARM_001,Tomato,30.54,72.96,50.77,23.08,46.06,36.23,0,HIGH
2026-08-15 09:29:36.462562,FARM_001,Tomato,23.17,66.84,44.14,42.84,49.93,36.62,0,MEDIUM
2026-08-15 09:39:36.462562,FARM_001,Tomato,23.16,70.79,45.76,39.7,27.16,30.18,0,MEDIUM
2026-08-15 09:49:36.462562,FARM_001,Tomato,29.25,63.81,44.52,46.33,44.48,36.95,0,MEDIUM
2026-08-15 09:59:36.462562,FARM_001,Tomato,26.1,69.54,49.09,0.0,21.21,35.46,0,HIGH
2026-08-15 10:09:36.462562,FARM_001,Tomato,29.69,73.21,41.59,10.61,31.12,36.15,0,HIGH
2026-08-15 10:19:36.462562,FARM_001,Tomato,26.07,63.09,33.8,18.23,32.31,42.06,0,HIGH
2026-08-15 10:29:36.462562,FARM_001,Tomato,20.72,73.24,47.4,3.42,27.34,34.37,0,HIGH
2026-08-15 10:39:36.462562,FARM_001,Tomato,20.07,68.35,50.04,40.23,30.04,29.04,0,LOW
2026-08-15 10:49:36.462562,FARM_001,Tomato,19.26,75.0,47.28,62.36,28.38,26.17,0,MEDIUM
2026-08-15 10:59:36.462562,FARM_001,Tomato,27.45,66.65,41.73,66.98,22.22,38.93,0,HIGH
2026-08-15 11:09:36.462562,FARM_001,Tomato,29.4,70.55,39.21,17.8,45.39,34.54,0,HIGH
2026-08-15 11:19:36.462562,FARM_001,Tomato,31.84,67.73,47.52,36.23,32.3,42.02,0,HIGH
2026-08-15 11:29:36.462562,FARM_001,Tomato,28.12,67.36,45.72,40.71,37.14,20.93,0,LOW
2026-08-15 11:39:36.462562,FARM_001,Tomato,29.3,69.73,44.36,45.84,36.66,37.69,0,HIGH
2026-08-15 11:49:36.462562,FARM_001,Tomato,22.85,71.6,54.29,2.06,35.29,31.01,0,MEDIUM
2026-08-15 11:59:36.462562,FARM_001,Tomato,20.72,59.63,40.17,80.86,35.77,30.48,0,LOW
2026-08-15 12:09:36.462562,FARM_001,Tomato,28.15,77.61,54.05,54.75,30.75,28.14,0,HIGH
2026-08-15 12:19:36.462562,FARM_001,Tomato,26.55,55.54,45.16,55.52,52.47,37.63,0,LOW
2026-08-15 12:29:36.462562,FARM_001,Tomato,25.4,63.41,35.64,62.84,44.19,36.0,0,MEDIUM
2026-08-15 12:39:36.462562,FARM_001,Tomato,26.43,67.37,44.09,43.3,34.83,25.99,0,LOW
2026-08-15 12:49:36.462562,FARM_001,Tomato,26.2,70.76,49.89,0.0,28.97,33.44,0,HIGH
2026-08-15 12:59:36.462562,FARM_001,Tomato,29.75,78.56,43.14,23.64,33.1,36.52,0,HIGH
2026-08-15 13:09:36.462562,FARM_001,Tomato,29.79,55.55,37.48,0.0,39.86,33.51,0,LOW
2026-08-15 13:19:36.462562,FARM_001,Tomato,27.01,64.6,44.16,39.82,53.5,38.81,0,MEDIUM
2026-08-15 13:29:36.462562,FARM_001,Tomato,28.13,53.75,40.63,22.76,17.3,30.85,0,LOW
2026-08-15 13:39:36.462562,FARM_001,Tomato,26.9,68.21,47.51,26.52,42.91,19.65,0,LOW
2026-08-15 13:49:36.462562,FARM_001,Tomato,23.29,69.82,48.94,62.86,48.8,33.56,0,MEDIUM
2026-08-15 13:59:36.462562,FARM_001,Tomato,27.8,78.66,39.61,14.36,15.87,33.53,0,HIGH
2026-08-15 14:09:36.462562,FARM_001,Tomato,19.84,68.81,41.4,20.34,32.32,34.27,0,MEDIUM
2026-08-15 14:19:36.462562,FARM_001,Tomato,28.9,74.99,48.86,28.34,21.19,38.81,0,HIGH
2026-08-15 14:29:36.462562,FARM_001,Tomato,20.58,71.91,40.62,0.0,40.02,21.37,0,LOW
2026-08-15 14:39:36.462562,FARM_001,Tomato,26.06,65.08,39.48,19.93,30.08,31.14,0,MEDIUM
2026-08-15 14:49:36.462562,FARM_001,Tomato,21.87,58.56,38.99,0.0,32.96,27.24,0,LOW
2026-08-15 14:59:36.462562,FARM_001,Tomato,27.05,69.84,46.8,10.6,29.42,25.61,0,MEDIUM
2026-08-15 15:09:36.462562,FARM_001,Tomato,24.87,58.0,46.58,52.67,43.67,32.09,0,LOW
2026-08-15 15:19:36.462562,FARM_001,Tomato,19.1,76.68,41.51,40.76,37.49,36.5,0,HIGH
2026-08-15 15:29:36.462562,FARM_001,Tomato,26.56,66.91,45.03,10.33,37.51,34.22,0,MEDIUM
2026-08-15 15:39:36.462562,FARM_001,Tomato,22.86,76.01,52.79,28.89,36.62,28.58,0,HIGH
2026-08-15 15:49:36.462562,FARM_001,Tomato,28.26,64.78,40.03,0.0,41.81,31.67,0,MEDIUM
2026-08-15 15:59:36.462562,FARM_001,Tomato,25.0,69.8,35.05,27.63,31.3,37.8,0,HIGH
2026-08-15 16:09:36.462562,FARM_001,Tomato,26.46,69.4,47.32,100.0,56.03,36.39,0,HIGH
2026-08-15 16:19:36.462562,FARM_001,Tomato,21.46,67.7,44.44,81.6,19.04,29.35,0,LOW
2026-08-15 16:29:36.462562,FARM_001,Tomato,22.82,65.1,41.38,29.24,12.85,28.98,0,LOW
2026-08-15 16:39:36.462562,FARM_001,Tomato,23.3,70.63,48.33,32.38,11.81,22.72,0,LOW
2026-08-15 16:49:36.462562,FARM_001,Tomato,28.17,61.79,49.28,0.0,8.4,30.05,0,LOW
2026-08-15 16:59:36.462562,FARM_001,Tomato,31.21,59.9,33.74,4.29,43.08,22.61,0,LOW
2026-08-15 17:09:36.462562,FARM_001,Tomato,22.02,76.33,41.67,38.28,41.55,44.28,0,HIGH
2026-08-15 17:19:36.462562,FARM_001,Tomato,28.98,72.87,56.82,12.37,49.82,27.63,0,MEDIUM
2026-08-15 17:29:36.462562,FARM_001,Tomato,18.0,68.44,47.98,54.1,21.29,38.82,0,HIGH
2026-08-15 17:39:36.462562,FARM_001,Tomato,20.58,79.16,48.45,73.53,43.99,42.86,0,HIGH
2026-08-15 17:49:36.462562,FARM_001,Tomato,21.45,66.21,50.98,37.41,35.32,33.73,0,MEDIUM
2026-08-15 17:59:36.462562,FARM_001,Tomato,20.0,76.86,45.09,30.67,36.7,31.93,0,HIGH
2026-08-15 18:09:36.462562,FARM_001,Tomato,19.14,69.18,49.06,0.0,42.48,24.96,0,LOW
2026-08-15 18:19:36.462562,FARM_001,Tomato,26.53,61.13,48.66,49.53,25.07,29.62,0,LOW
2026-08-15 18:29:36.462562,FARM_001,Tomato,24.21,80.38,47.75,0.0,67.2,41.64,0,HIGH
2026-08-15 18:39:36.462562,FARM_001,Tomato,26.4,74.64,43.36,15.49,51.38,34.5,0,HIGH
2026-08-15 18:49:36.462562,FARM_001,Tomato,27.55,67.19,45.88,55.72,27.9,32.66,0,MEDIUM
2026-08-15 18:59:36.462562,FARM_001,Tomato,25.98,72.87,42.0,57.77,20.86,39.98,0,HIGH
2026-08-15 19:09:36.462562,FARM_001,Tomato,27.43,65.3,45.07,14.08,33.49,36.47,0,MEDIUM
2026-08-15 19:19:36.462562,FARM_001,Tomato,24.74,73.56,39.04,15.76,36.9,31.66,0,HIGH
2026-08-15 19:29:36.462562,FARM_001,Tomato,20.61,51.98,40.97,7.28,48.03,33.73,0,LOW
2026-08-15 19:39:36.462562,FARM_001,Tomato,28.91,61.17,43.56,0.0,19.87,28.12,0,LOW
2026-08-15 19:49:36.462562,FARM_001,Tomato,22.82,74.56,40.19,9.16,38.2,29.3,0,MEDIUM
2026-08-15 19:59:36.462562,FARM_001,Tomato,21.54,66.33,42.42,0.0,15.33,31.32,0,MEDIUM
2026-08-15 20:09:36.462562,FARM_001,Tomato,24.34,69.39,44.16,47.65,40.1,35.68,0,HIGH
2026-08-15 20:19:36.462562,FARM_001,Tomato,21.62,58.98,47.05,39.22,33.25,25.39,0,LOW
2026-08-15 20:29:36.462562,FARM_001,Tomato,23.46,80.38,49.84,44.07,59.0,32.93,0,HIGH
2026-08-15 20:39:36.462562,FARM_001,Tomato,26.27,75.98,42.63,0.0,15.12,30.28,0,HIGH
2026-08-15 20:49:36.462562,FARM_001,Tomato,26.29,66.66,51.81,0.0,51.87,27.36,0,LOW
2026-08-15 20:59:36.462562,FARM_001,Tomato,21.68,65.29,49.79,29.26,13.13,30.31,0,LOW
2026-08-15 21:09:36.462562,FARM_001,Tomato,23.2,74.9,47.57,29.57,17.88,19.27,0,LOW
2026-08-15 21:19:36.462562,FARM_001,Tomato,28.98,81.28,45.78,23.4,13.47,28.18,0,HIGH
2026-08-15 21:29:36.462562,FARM_001,Tomato,26.84,74.39,46.63,19.25,37.75,26.23,0,MEDIUM
2026-08-15 21:39:36.462562,FARM_001,Tomato,32.68,82.55,51.05,77.65,19.81,30.9,0,HIGH
2026-08-15 21:49:36.462562,FARM_001,Tomato,29.37,61.82,51.24,40.14,17.61,19.51,0,LOW
2026-08-15 21:59:36.462562,FARM_001,Tomato,29.23,62.51,51.81,85.24,37.15,33.59,0,MEDIUM
2026-08-15 22:09:36.462562,FARM_001,Tomato,19.86,60.03,45.21,64.75,40.29,37.68,0,LOW
2026-08-15 22:19:36.462562,FARM_001,Tomato,27.83,70.96,47.83,77.44,35.1,31.83,0,MEDIUM
2026-08-15 22:29:36.462562,FARM_001,Tomato,24.8,69.18,51.85,0.0,32.56,35.34,0,HIGH
2026-08-15 22:39:36.462562,FARM_001,Tomato,22.96,66.98,41.82,45.02,57.64,29.58,0,LOW
2026-08-15 22:49:36.462562,FARM_001,Tomato,25.62,73.42,43.38,15.09,36.44,23.64,0,MEDIUM
2026-08-15 22:59:36.462562,FARM_001,Tomato,28.5,76.26,45.08,0.0,44.75,32.51,0,HIGH
2026-08-15 23:09:36.462562,FARM_001,Tomato,26.85,57.78,49.59,71.38,36.4,36.38,0,LOW
2026-08-15 23:19:36.462562,FARM_001,Tomato,21.75,64.0,49.67,19.12,20.77,24.95,0,LOW
2026-08-15 23:29:36.462562,FARM_001,Tomato,27.75,73.49,43.82,0.0,41.53,29.85,0,HIGH
2026-08-15 23:39:36.462562,FARM_001,Tomato,22.64,64.87,37.31,15.59,26.34,31.09,0,LOW
2026-08-15 23:49:36.462562,FARM_001,Tomato,25.8,62.65,46.26,4.45,33.45,48.75,0,HIGH
2026-08-15 23:59:36.462562,FARM_001,Tomato,23.88,74.82,40.32,7.44,38.45,33.77,0,HIGH
2026-08-16 00:09:36.462562,FARM_001,Tomato,24.19,59.36,37.4,21.23,10.14,21.64,0,LOW
2026-08-16 00:19:36.462562,FARM_001,Tomato,27.84,65.98,38.55,78.24,14.32,20.23,0,LOW
2026-08-16 00:29:36.462562,FARM_001,Tomato,21.15,70.2,46.66,8.24,46.06,36.66,0,HIGH
2026-08-16 00:39:36.462562,FARM_001,Tomato,32.2,64.16,51.94,76.15,26.24,46.66,0,HIGH
2026-08-16 00:49:36.462562,FARM_001,Tomato,18.26,73.25,45.2,52.49,26.83,30.9,0,MEDIUM
2026-08-16 00:59:36.462562,FARM_001,Tomato,22.79,64.19,46.08,39.27,36.7,30.56,0,LOW
2026-08-16 01:09:36.462562,FARM_001,Tomato,26.37,77.44,51.03,49.55,29.74,34.96,0,HIGH
2026-08-16 01:19:36.462562,FARM_001,Tomato,27.16,67.16,37.12,28.1,39.86,27.95,0,LOW
2026-08-16 01:29:36.462562,FARM_001,Tomato,24.63,72.5,47.65,65.25,33.96,18.0,0,LOW
2026-08-16 01:39:36.462562,FARM_001,Tomato,24.79,73.0,44.94,44.26,37.1,38.41,0,HIGH
2026-08-16 01:49:36.462562,FARM_001,Tomato,26.52,63.8,47.89,0.0,25.76,29.0,0,LOW
2026-08-16 01:59:36.462562,FARM_001,Tomato,24.15,54.24,42.53,36.35,37.04,38.49,0,LOW
2026-08-16 02:09:36.462562,FARM_001,Tomato,30.15,70.42,40.83,50.59,48.52,28.16,0,MEDIUM
2026-08-16 02:19:36.462562,FARM_001,Tomato,28.11,68.48,45.72,19.26,27.45,33.19,0,MEDIUM
2026-08-16 02:29:36.462562,FARM_001,Tomato,28.23,71.72,53.41,31.39,46.13,37.37,0,HIGH
2026-08-16 02:39:36.462562,FARM_001,Tomato,21.43,66.48,49.39,9.8,33.95,38.6,0,MEDIUM
2026-08-16 02:49:36.462562,FARM_001,Tomato,24.71,65.12,42.41,0.0,43.85,33.83,0,MEDIUM
2026-08-16 02:59:36.462562,FARM_001,Tomato,23.89,81.46,38.16,0.0,36.22,33.54,0,HIGH
2026-08-16 03:09:36.462562,FARM_001,Tomato,21.28,58.14,36.42,0.0,34.18,36.03,0,LOW
2026-08-16 03:19:36.462562,FARM_001,Tomato,26.33,72.92,51.71,47.24,39.01,35.15,0,HIGH
2026-08-16 03:29:36.462562,FARM_001,Tomato,23.01,64.15,40.13,0.0,49.89,25.14,0,LOW
2026-08-16 03:39:36.462562,FARM_001,Tomato,27.42,65.75,43.34,8.24,37.57,25.25,0,LOW
2026-08-16 03:49:36.462562,FARM_001,Tomato,21.04,65.88,51.74,5.34,40.63,20.48,0,LOW
2026-08-16 03:59:36.462562,FARM_001,Tomato,31.36,62.62,36.77,19.46,29.96,36.87,0,MEDIUM
2026-08-16 04:09:36.462562,FARM_001,Tomato,21.68,71.83,52.61,0.0,54.39,30.24,0,MEDIUM
2026-08-16 04:19:36.462562,FARM_001,Tomato,25.81,77.32,43.71,39.49,42.67,37.18,0,HIGH
2026-08-16 04:29:36.462562,FARM_001,Tomato,27.93,71.15,39.14,0.0,35.58,34.8,0,HIGH
2026-08-16 04:39:36.462562,FARM_001,Tomato,22.89,68.69,43.74,60.77,33.05,26.79,0,LOW
2026-08-16 04:49:36.462562,FARM_001,Tomato,28.15,61.39,41.31,9.54,46.92,31.81,0,LOW
2026-08-16 04:59:36.462562,FARM_001,Tomato,20.45,71.46,47.25,24.91,26.96,29.91,0,MEDIUM
2026-08-16 05:09:36.462562,FARM_001,Tomato,30.37,82.45,41.69,27.81,12.14,29.03,0,HIGH
2026-08-16 05:19:36.462562,FARM_001,Tomato,25.05,65.45,35.25,34.83,35.51,37.72,0,MEDIUM
2026-08-16 05:29:36.462562,FARM_001,Tomato,22.79,65.48,43.88,28.78,49.59,46.81,0,HIGH
2026-08-16 05:39:36.462562,FARM_001,Tomato,23.89,64.24,38.08,15.23,54.65,38.86,0,MEDIUM
2026-08-16 05:49:36.462562,FARM_001,Tomato,27.99,64.72,46.04,37.72,33.25,32.35,0,MEDIUM
2026-08-16 05:59:36.462562,FARM_001,Tomato,22.84,49.61,38.95,41.31,35.15,39.68,0,LOW
2026-08-16 06:09:36.462562,FARM_001,Tomato,22.23,70.71,42.51,5.36,41.15,42.26,0,HIGH
2026-08-16 06:19:36.462562,FARM_001,Tomato,24.18,62.33,45.93,40.15,31.27,24.56,0,LOW
2026-08-16 06:29:36.462562,FARM_001,Tomato,20.65,57.21,43.92,62.5,41.11,39.48,0,LOW
2026-08-16 06:39:36.462562,FARM_001,Tomato,31.74,73.05,46.28,48.31,33.52,36.89,0,HIGH
2026-08-16 06:49:36.462562,FARM_001,Tomato,22.9,60.75,48.47,54.93,47.34,39.27,0,MEDIUM
2026-08-16 06:59:36.462562,FARM_001,Tomato,28.08,65.73,39.09,32.72,43.71,37.14,0,MEDIUM
2026-08-16 07:09:36.462562,FARM_001,Tomato,25.78,77.83,44.67,0.36,44.81,31.2,0,HIGH
2026-08-16 07:19:36.462562,FARM_001,Tomato,21.36,58.56,28.02,4.06,32.01,44.09,0,MEDIUM
2026-08-16 07:29:36.462562,FARM_001,Tomato,24.98,57.73,46.26,37.04,58.87,34.44,0,LOW
2026-08-16 07:39:36.462562,FARM_001,Tomato,27.9,69.8,43.47,55.23,40.7,30.02,0,MEDIUM
2026-08-16 07:49:36.462562,FARM_001,Tomato,24.3,75.7,39.98,100.0,37.72,35.38,0,HIGH
2026-08-16 07:59:36.462562,FARM_001,Tomato,29.41,57.45,46.61,56.37,25.01,38.04,0,LOW
2026-08-16 08:09:36.462562,FARM_001,Tomato,28.78,70.73,50.98,0.0,33.38,33.04,0,HIGH
2026-08-16 08:19:36.462562,FARM_001,Tomato,28.4,71.89,42.57,5.3,36.04,34.74,0,HIGH
2026-08-16 08:29:36.462562,FARM_001,Tomato,23.3,54.2,40.18,94.23,24.68,33.0,0,LOW
2026-08-16 08:39:36.462562,FARM_001,Tomato,21.0,73.35,45.84,21.44,30.92,28.74,0,MEDIUM
2026-08-16 08:49:36.462562,FARM_001,Tomato,22.73,73.87,38.19,29.09,32.51,27.82,0,MEDIUM
2026-08-16 08:59:36.462562,FARM_001,Tomato,25.73,65.91,41.63,0.0,35.3,24.5,0,LOW
2026-08-16 09:09:36.462562,FARM_001,Tomato,27.02,76.39,51.23,73.4,12.39,41.15,0,HIGH
2026-08-16 09:19:36.462562,FARM_001,Tomato,18.0,75.61,45.32,42.31,32.9,31.23,0,HIGH
2026-08-16 09:29:36.462562,FARM_001,Tomato,24.97,68.69,35.41,5.08,29.85,12.96,0,LOW
2026-08-16 09:39:36.462562,FARM_001,Tomato,25.58,64.98,35.84,0.0,34.34,34.76,0,MEDIUM
2026-08-16 09:49:36.462562,FARM_001,Tomato,23.97,61.48,45.83,36.67,47.64,34.64,0,LOW
2026-08-16 09:59:36.462562,FARM_001,Tomato,29.78,67.75,49.4,28.99,60.46,21.86,0,LOW
2026-08-16 10:09:36.462562,FARM_001,Tomato,26.56,71.82,36.75,52.0,43.15,27.76,0,MEDIUM
2026-08-16 10:19:36.462562,FARM_001,Tomato,29.85,65.83,47.29,43.67,19.05,27.51,0,LOW
2026-08-16 10:29:36.462562,FARM_001,Tomato,24.2,53.28,51.78,19.98,30.25,28.27,0,LOW
2026-08-16 10:39:36.462562,FARM_001,Tomato,28.47,76.5,54.63,11.82,42.11,39.41,0,HIGH
2026-08-16 10:49:36.462562,FARM_001,Tomato,31.05,69.27,46.69,23.03,40.69,31.65,0,MEDIUM
2026-08-16 10:59:36.462562,FARM_001,Tomato,29.85,65.46,47.58,11.62,47.04,30.06,0,MEDIUM
2026-08-16 11:09:36.462562,FARM_001,Tomato,20.96,73.74,34.12,23.9,33.37,38.9,0,HIGH
2026-08-16 11:19:36.462562,FARM_001,Tomato,24.06,78.22,55.71,28.18,30.02,35.32,0,HIGH
2026-08-16 11:29:36.462562,FARM_001,Tomato,23.72,49.23,42.06,1.48,56.68,22.58,0,LOW
2026-08-16 11:39:36.462562,FARM_001,Tomato,26.81,70.91,40.24,46.12,35.34,28.99,0,MEDIUM
2026-08-16 11:49:36.462562,FARM_001,Tomato,27.54,58.44,43.7,16.88,21.79,34.34,0,LOW
2026-08-16 11:59:36.462562,FARM_001,Tomato,21.9,71.34,52.71,3.12,53.19,27.18,0,MEDIUM
2026-08-16 12:09:36.462562,FARM_001,Tomato,25.25,68.86,56.26,17.43,15.75,44.07,0,HIGH
2026-08-16 12:19:36.462562,FARM_001,Tomato,18.0,72.26,45.64,34.77,0.0,33.14,0,MEDIUM
2026-08-16 12:29:36.462562,FARM_001,Tomato,30.34,64.66,50.09,30.12,44.29,28.21,0,LOW
2026-08-16 12:39:36.462562,FARM_001,Tomato,23.1,55.45,45.22,40.03,46.07,26.1,0,LOW
2026-08-16 12:49:36.462562,FARM_001,Tomato,25.21,64.98,39.71,53.93,39.82,37.79,0,MEDIUM
2026-08-16 12:59:36.462562,FARM_001,Tomato,23.85,70.73,52.53,65.8,18.19,28.81,0,MEDIUM
2026-08-16 13:09:36.462562,FARM_001,Tomato,29.24,74.8,41.83,36.04,33.86,34.67,0,HIGH
2026-08-16 13:19:36.462562,FARM_001,Tomato,18.0,60.15,52.83,0.0,31.1,25.94,0,LOW
2026-08-16 13:29:36.462562,FARM_001,Tomato,24.94,74.88,51.62,19.84,27.83,32.9,0,HIGH
2026-08-16 13:39:36.462562,FARM_001,Tomato,24.61,63.66,48.13,0.0,52.39,28.88,0,LOW
2026-08-16 13:49:36.462562,FARM_001,Tomato,23.32,70.43,54.33,77.25,21.41,30.7,0,MEDIUM
2026-08-16 13:59:36.462562,FARM_001,Tomato,31.39,64.58,56.38,85.73,38.58,27.96,0,LOW
2026-08-16 14:09:36.462562,FARM_001,Tomato,21.72,69.22,44.11,46.69,49.64,38.35,0,HIGH
2026-08-16 14:19:36.462562,FARM_001,Tomato,27.86,73.98,40.88,52.77,39.41,29.7,0,HIGH
2026-08-16 14:29:36.462562,FARM_001,Tomato,26.32,59.78,35.49,35.03,50.24,31.68,0,LOW
2026-08-16 14:39:36.462562,FARM_001,Tomato,29.67,63.44,56.45,38.39,41.7,31.96,0,MEDIUM
2026-08-16 14:49:36.462562,FARM_001,Tomato,22.53,69.24,42.76,0.0,40.01,41.69,0,HIGH
2026-08-16 14:59:36.462562,FARM_001,Tomato,22.29,84.09,50.79,25.54,39.22,37.57,0,HIGH
2026-08-16 15:09:36.462562,FARM_001,Tomato,29.06,62.22,41.22,1.97,42.33,37.01,0,MEDIUM
2026-08-16 15:19:36.462562,FARM_001,Tomato,26.57,81.67,52.85,35.92,29.74,23.51,0,HIGH
2026-08-16 15:29:36.462562,FARM_001,Tomato,19.28,81.43,41.43,25.96,18.2,28.76,0,HIGH
2026-08-16 15:39:36.462562,FARM_001,Tomato,23.0,67.35,38.92,84.55,46.62,39.28,0,HIGH
2026-08-16 15:49:36.462562,FARM_001,Tomato,26.43,66.0,43.94,54.47,49.24,25.83,0,LOW
2026-08-16 15:59:36.462562,FARM_001,Tomato,28.1,63.36,42.29,36.01,37.77,32.98,0,MEDIUM
2026-08-16 16:09:36.462562,FARM_001,Tomato,22.49,67.54,48.04,19.91,27.69,26.43,0,LOW
2026-08-16 16:19:36.462562,FARM_001,Tomato,18.0,58.57,44.74,76.64,14.97,27.0,0,LOW
2026-08-16 16:29:36.462562,FARM_001,Tomato,26.94,67.49,48.2,26.83,35.68,42.08,0,HIGH
2026-08-16 16:39:36.462562,FARM_001,Tomato,20.48,78.03,43.52,37.38,17.6,36.6,0,HIGH
2026-08-16 16:49:36.462562,FARM_001,Tomato,18.0,63.91,41.61,28.93,15.84,38.1,0,MEDIUM
2026-08-16 16:59:36.462562,FARM_001,Tomato,18.0,66.39,42.02,15.9,34.34,36.97,0,MEDIUM
2026-08-16 17:09:36.462562,FARM_001,Tomato,28.01,56.6,55.43,28.77,24.98,31.71,0,LOW
2026-08-16 17:19:36.462562,FARM_001,Tomato,25.48,70.51,46.15,0.0,38.95,28.56,0,MEDIUM
2026-08-16 17:29:36.462562,FARM_001,Tomato,24.17,69.77,34.88,0.0,32.59,30.21,0,MEDIUM
2026-08-16 17:39:36.462562,FARM_001,Tomato,30.14,68.43,42.35,37.91,26.96,31.41,0,MEDIUM
2026-08-16 17:49:36.462562,FARM_001,Tomato,27.36,66.55,45.49,73.49,13.12,42.62,0,HIGH
2026-08-16 17:59:36.462562,FARM_001,Tomato,30.98,66.04,54.41,37.87,23.85,24.88,0,LOW
2026-08-16 18:09:36.462562,FARM_001,Tomato,19.85,71.36,50.25,6.67,24.32,29.34,0,MEDIUM
2026-08-16 18:19:36.462562,FARM_001,Tomato,24.87,67.81,40.3,0.0,19.16,27.3,0,LOW
2026-08-16 18:29:36.462562,FARM_001,Tomato,19.02,70.11,57.33,50.61,30.45,38.52,0,HIGH
2026-08-16 18:39:36.462562,FARM_001,Tomato,24.15,69.44,44.84,11.14,20.14,43.07,0,HIGH
2026-08-16 18:49:36.462562,FARM_001,Tomato,24.08,75.53,51.36,46.48,32.54,34.26,0,HIGH
2026-08-16 18:59:36.462562,FARM_001,Tomato,27.32,72.54,39.11,39.08,37.63,34.73,0,HIGH
2026-08-16 19:09:36.462562,FARM_001,Tomato,25.17,69.29,32.77,41.67,24.19,33.02,0,MEDIUM
2026-08-16 19:19:36.462562,FARM_001,Tomato,27.31,78.17,37.82,28.68,39.96,34.99,0,HIGH
2026-08-16 19:29:36.462562,FARM_001,Tomato,27.6,70.82,28.42,38.9,17.45,36.91,1,HIGH
2026-08-16 19:39:36.462562,FARM_001,Tomato,32.97,76.74,55.77,24.21,20.59,34.93,0,HIGH
2026-08-16 19:49:36.462562,FARM_001,Tomato,23.83,72.07,46.09,9.15,33.17,35.34,0,HIGH
2026-08-16 19:59:36.462562,FARM_001,Tomato,21.52,55.66,40.28,0.0,43.26,36.92,0,LOW
2026-08-16 20:09:36.462562,FARM_001,Tomato,25.91,76.74,47.31,0.0,45.53,22.36,0,MEDIUM
2026-08-16 20:19:36.462562,FARM_001,Tomato,22.03,68.91,45.97,22.41,54.92,32.51,0,MEDIUM
2026-08-16 20:29:36.462562,FARM_001,Tomato,30.48,67.65,48.17,72.07,29.85,34.24,0,MEDIUM
2026-08-16 20:39:36.462562,FARM_001,Tomato,23.95,69.89,51.17,49.02,32.99,34.87,0,HIGH
2026-08-16 20:49:36.462562,FARM_001,Tomato,22.91,65.69,43.52,34.35,21.59,31.53,0,MEDIUM
2026-08-16 20:59:36.462562,FARM_001,Tomato,23.26,69.52,40.51,6.27,18.8,33.42,0,MEDIUM
2026-08-16 21:09:36.462562,FARM_001,Tomato,27.66,64.03,49.22,56.82,37.48,28.4,0,LOW
2026-08-16 21:19:36.462562,FARM_001,Tomato,24.42,76.54,49.09,24.22,24.82,22.38,0,MEDIUM
2026-08-16 21:29:36.462562,FARM_001,Tomato,22.63,67.24,45.51,73.69,50.13,38.1,0,MEDIUM
2026-08-16 21:39:36.462562,FARM_001,Tomato,31.16,65.44,56.11,0.0,16.17,26.03,0,LOW
2026-08-16 21:49:36.462562,FARM_001,Tomato,21.83,61.8,42.77,5.8,40.73,31.59,0,LOW
2026-08-16 21:59:36.462562,FARM_001,Tomato,25.13,69.8,40.41,2.96,21.93,28.23,0,MEDIUM
2026-08-16 22:09:36.462562,FARM_001,Tomato,27.41,69.25,47.13,0.0,24.26,41.55,0,HIGH
2026-08-16 22:19:36.462562,FARM_001,Tomato,18.96,70.6,41.56,0.34,41.39,32.05,0,MEDIUM
2026-08-16 22:29:36.462562,FARM_001,Tomato,26.78,61.12,47.53,30.71,26.08,30.73,0,LOW
2026-08-16 22:39:36.462562,FARM_001,Tomato,21.1,57.27,40.75,6.9,28.1,36.76,0,LOW
2026-08-16 22:49:36.462562,FARM_001,Tomato,28.04,72.19,42.96,0.0,24.37,44.79,0,HIGH
2026-08-16 22:59:36.462562,FARM_001,Tomato,21.44,77.95,54.64,59.07,57.09,34.81,0,HIGH
2026-08-16 23:09:36.462562,FARM_001,Tomato,27.56,61.12,42.93,0.0,26.82,30.35,0,LOW
2026-08-16 23:19:36.462562,FARM_001,Tomato,29.09,78.65,40.93,44.91,35.25,36.47,0,HIGH
2026-08-16 23:29:36.462562,FARM_001,Tomato,28.19,69.9,50.97,28.61,32.06,23.54,0,LOW
2026-08-16 23:39:36.462562,FARM_001,Tomato,25.93,67.95,39.64,89.53,37.39,32.76,0,MEDIUM
2026-08-16 23:49:36.462562,FARM_001,Tomato,24.14,65.34,41.47,56.81,26.85,43.87,0,HIGH
2026-08-16 23:59:36.462562,FARM_001,Tomato,22.87,58.72,47.94,12.97,32.07,33.4,0,LOW
2026-08-17 00:09:36.462562,FARM_001,Tomato,30.44,74.62,49.79,7.2,39.56,33.11,0,HIGH
2026-08-17 00:19:36.462562,FARM_001,Tomato,22.41,62.8,51.22,71.58,23.73,32.62,0,LOW
2026-08-17 00:29:36.462562,FARM_001,Tomato,21.16,62.78,41.19,0.0,48.33,30.25,0,LOW
2026-08-17 00:39:36.462562,FARM_001,Tomato,27.46,74.65,48.04,33.27,49.54,34.29,0,HIGH
2026-08-17 00:49:36.462562,FARM_001,Tomato,22.05,55.38,42.62,23.87,42.24,36.92,0,LOW
2026-08-17 00:59:36.462562,FARM_001,Tomato,21.48,57.79,41.91,17.68,35.48,30.61,0,LOW
2026-08-17 01:09:36.462562,FARM_001,Tomato,19.66,67.88,51.14,38.02,0.0,18.3,0,LOW
2026-08-17 01:19:36.462562,FARM_001,Tomato,23.21,69.97,42.2,33.24,39.95,35.15,0,HIGH
2026-08-17 01:29:36.462562,FARM_001,Tomato,24.69,71.25,46.42,41.06,29.67,44.66,0,HIGH
2026-08-17 01:39:36.462562,FARM_001,Tomato,25.9,65.98,45.79,31.76,31.5,30.36,0,MEDIUM
2026-08-17 01:49:36.462562,FARM_001,Tomato,28.52,84.95,39.54,39.9,10.69,24.11,0,HIGH
2026-08-17 01:59:36.462562,FARM_001,Tomato,26.95,66.47,49.93,30.43,40.82,36.36,0,MEDIUM
2026-08-17 02:09:36.462562,FARM_001,Tomato,24.29,66.45,47.86,8.44,16.35,42.44,0,HIGH
2026-08-17 02:19:36.462562,FARM_001,Tomato,24.27,62.66,34.87,27.82,36.09,35.52,0,MEDIUM
2026-08-17 02:29:36.462562,FARM_001,Tomato,26.89,68.83,46.41,6.84,46.0,42.33,0,HIGH
2026-08-17 02:39:36.462562,FARM_001,Tomato,29.71,72.12,41.06,4.91,28.69,37.02,0,HIGH
2026-08-17 02:49:36.462562,FARM_001,Tomato,25.47,76.06,50.6,17.88,49.92,36.53,0,HIGH
2026-08-17 02:59:36.462562,FARM_001,Tomato,23.26,58.02,37.63,24.21,25.19,29.55,0,LOW
2026-08-17 03:09:36.462562,FARM_001,Tomato,21.33,66.35,43.18,28.73,42.17,34.13,0,MEDIUM
2026-08-17 03:19:36.462562,FARM_001,Tomato,19.65,70.99,46.85,54.46,18.16,32.33,0,MEDIUM
2026-08-17 03:29:36.462562,FARM_001,Tomato,27.47,71.93,45.28,13.14,47.59,32.14,0,HIGH
2026-08-17 03:39:36.462562,FARM_001,Tomato,27.14,68.04,48.89,33.45,45.64,31.05,0,MEDIUM
2026-08-17 03:49:36.462562,FARM_001,Tomato,27.14,71.63,37.26,31.15,40.5,33.79,0,HIGH
2026-08-17 03:59:36.462562,FARM_001,Tomato,24.52,62.58,53.42,9.93,29.64,25.11,0,LOW
2026-08-17 04:09:36.462562,FARM_001,Tomato,30.21,78.44,47.68,29.85,16.93,37.13,0,HIGH
2026-08-17 04:19:36.462562,FARM_001,Tomato,23.21,74.65,51.93,56.98,29.68,27.5,0,MEDIUM
2026-08-17 04:29:36.462562,FARM_001,Tomato,28.53,58.99,49.46,33.15,48.59,31.07,0,LOW
2026-08-17 04:39:36.462562,FARM_001,Tomato,24.86,60.8,44.94,34.32,36.24,34.38,0,LOW
2026-08-17 04:49:36.462562,FARM_001,Tomato,22.75,60.99,38.45,7.1,15.03,27.21,0,LOW
2026-08-17 04:59:36.462562,FARM_001,Tomato,27.19,72.54,42.13,85.19,20.43,21.29,0,LOW
2026-08-17 05:09:36.462562,FARM_001,Tomato,26.52,59.39,53.11,8.77,50.39,30.32,0,LOW
2026-08-17 05:19:36.462562,FARM_001,Tomato,26.32,65.78,52.07,0.0,40.75,24.34,0,LOW
2026-08-17 05:29:36.462562,FARM_001,Tomato,25.3,71.05,41.84,52.82,19.05,36.56,0,HIGH
2026-08-17 05:39:36.462562,FARM_001,Tomato,24.86,67.56,30.63,24.35,12.35,25.93,1,LOW
2026-08-17 05:49:36.462562,FARM_001,Tomato,33.84,69.73,43.92,18.85,26.72,40.97,0,HIGH
2026-08-17 05:59:36.462562,FARM_001,Tomato,29.38,60.86,43.53,11.77,11.27,32.47,0,LOW
2026-08-17 06:09:36.462562,FARM_001,Tomato,27.67,71.99,43.73,82.35,32.64,32.84,0,HIGH
2026-08-17 06:19:36.462562,FARM_001,Tomato,25.41,63.89,47.7,38.05,65.49,21.21,0,LOW
2026-08-17 06:29:36.462562,FARM_001,Tomato,28.73,65.83,49.47,43.75,14.48,33.33,0,MEDIUM
2026-08-17 06:39:36.462562,FARM_001,Tomato,26.92,69.59,50.05,32.45,32.26,32.04,0,MEDIUM
2026-08-17 06:49:36.462562,FARM_001,Tomato,25.1,68.69,47.27,35.59,51.13,25.1,0,LOW
2026-08-17 06:59:36.462562,FARM_001,Tomato,23.88,68.16,35.82,68.54,44.04,33.0,0,MEDIUM
2026-08-17 07:09:36.462562,FARM_001,Tomato,24.7,62.97,43.26,20.38,32.73,30.23,0,LOW
2026-08-17 07:19:36.462562,FARM_001,Tomato,18.0,65.99,56.75,0.0,32.76,31.26,0,LOW
2026-08-17 07:29:36.462562,FARM_001,Tomato,25.78,68.01,46.91,53.05,20.04,32.65,0,MEDIUM
2026-08-17 07:39:36.462562,FARM_001,Tomato,23.19,58.79,46.88,42.2,31.23,29.81,0,LOW
2026-08-17 07:49:36.462562,FARM_001,Tomato,30.89,64.9,46.83,30.85,37.67,33.9,0,MEDIUM
2026-08-17 07:59:36.462562,FARM_001,Tomato,25.07,70.6,47.12,41.45,48.52,32.01,0,MEDIUM
2026-08-17 08:09:36.462562,FARM_001,Tomato,20.6,59.44,32.85,16.87,26.79,35.19,0,LOW
2026-08-17 08:19:36.462562,FARM_001,Tomato,24.82,75.75,43.78,28.3,32.21,29.49,0,HIGH
2026-08-17 08:29:36.462562,FARM_001,Tomato,21.13,76.51,44.81,23.85,22.64,26.43,0,MEDIUM
2026-08-17 08:39:36.462562,FARM_001,Tomato,26.75,59.66,51.54,10.43,37.44,28.46,0,LOW
2026-08-17 08:49:36.462562,FARM_001,Tomato,26.08,77.1,45.24,62.42,44.48,40.72,0,HIGH
2026-08-17 08:59:36.462562,FARM_001,Tomato,28.54,67.04,36.6,0.0,42.53,37.95,0,HIGH
2026-08-17 09:09:36.462562,FARM_001,Tomato,22.07,70.8,47.19,96.64,19.86,39.42,0,HIGH
2026-08-17 09:19:36.462562,FARM_001,Tomato,25.13,64.67,40.9,53.32,36.45,39.81,0,MEDIUM
2026-08-17 09:29:36.462562,FARM_001,Tomato,19.95,74.18,38.79,0.0,26.07,29.84,0,MEDIUM
2026-08-17 09:39:36.462562,FARM_001,Tomato,27.6,70.72,40.75,21.15,47.34,34.19,0,HIGH
2026-08-17 09:49:36.462562,FARM_001,Tomato,26.92,62.55,47.77,22.78,32.57,32.93,0,LOW
2026-08-17 09:59:36.462562,FARM_001,Tomato,26.83,60.19,51.42,39.14,15.45,36.26,0,MEDIUM
2026-08-17 10:09:36.462562,FARM_001,Tomato,25.01,58.22,47.46,0.0,31.83,30.85,0,LOW
2026-08-17 10:19:36.462562,FARM_001,Tomato,26.53,69.26,48.22,28.64,40.38,33.03,0,MEDIUM
2026-08-17 10:29:36.462562,FARM_001,Tomato,30.94,71.84,47.41,24.16,37.67,32.91,0,HIGH
2026-08-17 10:39:36.462562,FARM_001,Tomato,23.95,72.36,45.52,6.16,28.15,35.53,0,HIGH
2026-08-17 10:49:36.462562,FARM_001,Tomato,25.51,67.21,48.55,2.1,27.23,36.24,0,MEDIUM
2026-08-17 10:59:36.462562,FARM_001,Tomato,20.98,60.25,32.66,54.53,22.16,33.03,0,LOW
2026-08-17 11:09:36.462562,FARM_001,Tomato,21.79,63.43,45.57,0.0,29.63,33.21,0,LOW
2026-08-17 11:19:36.462562,FARM_001,Tomato,25.36,75.72,39.67,41.65,23.82,33.79,0,HIGH
2026-08-17 11:29:36.462562,FARM_001,Tomato,29.08,64.75,50.93,50.99,46.82,41.89,0,HIGH
2026-08-17 11:39:36.462562,FARM_001,Tomato,24.05,68.96,44.25,21.32,23.25,22.64,0,LOW
2026-08-17 11:49:36.462562,FARM_001,Tomato,24.13,60.79,45.16,29.23,36.14,26.97,0,LOW
2026-08-17 11:59:36.462562,FARM_001,Tomato,23.49,70.26,37.32,61.67,35.28,36.34,0,HIGH
2026-08-17 12:09:36.462562,FARM_001,Tomato,23.02,64.93,50.19,7.12,46.52,34.04,0,MEDIUM
2026-08-17 12:19:36.462562,FARM_001,Tomato,26.09,75.01,48.2,10.13,48.33,34.0,0,HIGH
2026-08-17 12:29:36.462562,FARM_001,Tomato,19.46,73.18,47.84,13.23,43.37,36.3,0,HIGH
2026-08-17 12:39:36.462562,FARM_001,Tomato,29.74,64.68,40.85,61.73,39.05,33.72,0,MEDIUM
2026-08-17 12:49:36.462562,FARM_001,Tomato,22.54,67.15,41.05,65.43,21.39,29.31,0,LOW
2026-08-17 12:59:36.462562,FARM_001,Tomato,27.67,64.31,46.14,0.0,21.13,36.08,0,MEDIUM
2026-08-17 13:09:36.462562,FARM_001,Tomato,20.3,58.49,41.46,57.08,23.94,32.62,0,LOW
2026-08-17 13:19:36.462562,FARM_001,Tomato,27.47,62.26,47.22,51.61,44.07,29.95,0,LOW
2026-08-17 13:29:36.462562,FARM_001,Tomato,27.49,69.33,33.98,73.06,35.52,36.44,0,HIGH
2026-08-17 13:39:36.462562,FARM_001,Tomato,26.42,70.18,42.51,38.95,45.55,36.21,0,HIGH
2026-08-17 13:49:36.462562,FARM_001,Tomato,21.32,69.0,54.16,26.41,47.24,33.72,0,MEDIUM
2026-08-17 13:59:36.462562,FARM_001,Tomato,25.92,65.98,47.24,61.14,25.45,42.29,0,HIGH
2026-08-17 14:09:36.462562,FARM_001,Tomato,20.62,74.25,45.85,48.11,35.0,40.06,0,HIGH
2026-08-17 14:19:36.462562,FARM_001,Tomato,24.06,68.43,55.12,93.25,34.44,38.21,0,HIGH
2026-08-17 14:29:36.462562,FARM_001,Tomato,28.81,72.71,33.09,55.69,30.47,47.13,0,HIGH
2026-08-17 14:39:36.462562,FARM_001,Tomato,27.95,56.12,40.84,32.18,27.86,31.67,0,LOW
2026-08-17 14:49:36.462562,FARM_001,Tomato,25.06,45.0,42.95,0.0,49.53,29.85,0,LOW
2026-08-17 14:59:36.462562,FARM_001,Tomato,21.39,69.9,49.38,10.74,35.25,37.4,0,HIGH
2026-08-17 15:09:36.462562,FARM_001,Tomato,27.39,58.45,49.47,0.0,34.77,31.06,0,LOW
2026-08-17 15:19:36.462562,FARM_001,Tomato,25.07,66.58,40.58,21.42,24.49,32.57,0,MEDIUM
2026-08-17 15:29:36.462562,FARM_001,Tomato,18.0,65.98,50.09,54.74,43.11,26.88,0,LOW
2026-08-17 15:39:36.462562,FARM_001,Tomato,27.9,78.64,42.94,27.59,21.94,35.96,0,HIGH
2026-08-17 15:49:36.462562,FARM_001,Tomato,24.91,70.68,51.18,57.53,40.33,24.12,0,LOW
2026-08-17 15:59:36.462562,FARM_001,Tomato,29.45,69.11,39.73,37.56,40.68,31.95,0,MEDIUM
2026-08-17 16:09:36.462562,FARM_001,Tomato,20.95,73.61,44.37,15.93,29.4,32.41,0,HIGH
2026-08-17 16:19:36.462562,FARM_001,Tomato,18.0,70.47,42.5,30.26,38.6,30.01,0,MEDIUM
2026-08-17 16:29:36.462562,FARM_001,Tomato,26.03,64.93,50.39,41.49,36.94,22.48,0,LOW
2026-08-17 16:39:36.462562,FARM_001,Tomato,26.08,75.18,42.33,31.77,34.1,22.44,0,MEDIUM
2026-08-17 16:49:36.462562,FARM_001,Tomato,18.74,60.56,44.78,32.1,34.76,28.25,0,LOW
2026-08-17 16:59:36.462562,FARM_001,Tomato,21.38,70.17,47.58,5.24,35.38,35.57,0,HIGH
2026-08-17 17:09:36.462562,FARM_001,Tomato,34.0,57.63,47.78,15.06,36.24,34.15,0,LOW
2026-08-17 17:19:36.462562,FARM_001,Tomato,23.87,69.37,49.52,93.65,35.36,32.41,0,MEDIUM
2026-08-17 17:29:36.462562,FARM_001,Tomato,27.7,69.29,46.08,63.57,20.69,27.46,0,MEDIUM
2026-08-17 17:39:36.462562,FARM_001,Tomato,22.59,79.23,42.87,0.0,32.68,34.44,0,HIGH
2026-08-17 17:49:36.462562,FARM_001,Tomato,18.0,57.51,43.22,0.0,37.94,22.25,0,LOW
2026-08-17 17:59:36.462562,FARM_001,Tomato,24.37,63.97,45.13,29.92,35.83,18.84,0,LOW
2026-08-17 18:09:36.462562,FARM_001,Tomato,24.02,73.51,46.27,53.79,46.62,31.11,0,HIGH
2026-08-17 18:19:36.462562,FARM_001,Tomato,23.52,70.25,44.25,12.52,42.41,29.39,0,MEDIUM
2026-08-17 18:29:36.462562,FARM_001,Tomato,24.58,69.21,45.1,57.53,23.63,38.28,0,HIGH
2026-08-17 18:39:36.462562,FARM_001,Tomato,25.98,61.59,37.26,29.44,32.5,33.4,0,LOW
2026-08-17 18:49:36.462562,FARM_001,Tomato,24.44,64.04,48.4,22.94,30.68,41.91,0,HIGH
2026-08-17 18:59:36.462562,FARM_001,Tomato,20.32,76.34,45.92,49.78,34.55,29.38,0,HIGH
2026-08-17 19:09:36.462562,FARM_001,Tomato,26.8,67.65,50.11,12.17,34.56,35.27,0,MEDIUM
2026-08-17 19:19:36.462562,FARM_001,Tomato,18.0,70.51,45.0,19.33,42.31,31.06,0,MEDIUM
2026-08-17 19:29:36.462562,FARM_001,Tomato,18.0,67.23,36.13,47.27,36.83,40.38,0,HIGH
2026-08-17 19:39:36.462562,FARM_001,Tomato,27.73,60.07,43.17,26.78,50.1,31.34,0,LOW
2026-08-17 19:49:36.462562,FARM_001,Tomato,26.88,74.26,43.98,83.44,37.64,37.37,0,HIGH
2026-08-17 19:59:36.462562,FARM_001,Tomato,24.79,71.37,48.79,47.96,24.13,26.36,0,MEDIUM
2026-08-17 20:09:36.462562,FARM_001,Tomato,19.84,83.45,34.44,46.06,28.71,30.13,0,HIGH
2026-08-17 20:19:36.462562,FARM_001,Tomato,22.38,61.2,45.21,26.25,42.21,32.02,0,LOW
2026-08-17 20:29:36.462562,FARM_001,Tomato,24.03,73.51,47.62,53.24,14.26,39.7,0,HIGH
2026-08-17 20:39:36.462562,FARM_001,Tomato,19.1,59.21,41.63,18.28,17.64,19.98,0,LOW
2026-08-17 20:49:36.462562,FARM_001,Tomato,22.27,69.05,45.38,35.95,34.73,30.6,0,MEDIUM
2026-08-17 20:59:36.462562,FARM_001,Tomato,27.41,74.54,41.8,0.94,46.58,30.41,0,HIGH
2026-08-17 21:09:36.462562,FARM_001,Tomato,30.28,54.12,41.28,58.05,51.07,20.66,0,LOW
2026-08-17 21:19:36.462562,FARM_001,Tomato,23.45,66.63,42.92,36.19,31.86,29.85,0,LOW
2026-08-17 21:29:36.462562,FARM_001,Tomato,27.8,64.23,41.38,85.59,47.97,23.72,0,LOW
2026-08-17 21:39:36.462562,FARM_001,Tomato,18.0,63.3,48.49,97.56,35.51,19.22,0,LOW
2026-08-17 21:49:36.462562,FARM_001,Tomato,27.44,70.58,41.25,49.99,15.3,31.0,0,MEDIUM
2026-08-17 21:59:36.462562,FARM_001,Tomato,22.03,75.51,40.4,29.7,34.5,30.81,0,HIGH
2026-08-17 22:09:36.462562,FARM_001,Tomato,26.14,67.11,54.02,0.07,26.8,31.1,0,MEDIUM
2026-08-17 22:19:36.462562,FARM_001,Tomato,24.08,69.38,49.9,54.12,46.17,33.94,0,MEDIUM
2026-08-17 22:29:36.462562,FARM_001,Tomato,29.89,68.77,35.51,33.84,34.28,27.49,0,MEDIUM
2026-08-17 22:39:36.462562,FARM_001,Tomato,21.76,68.01,41.1,43.41,18.5,42.71,0,HIGH
2026-08-17 22:49:36.462562,FARM_001,Tomato,27.32,60.7,46.24,78.21,15.7,32.31,0,LOW
2026-08-17 22:59:36.462562,FARM_001,Tomato,23.97,75.43,46.65,3.63,34.34,39.83,0,HIGH
2026-08-17 23:09:36.462562,FARM_001,Tomato,24.41,69.98,37.4,0.71,4.11,22.92,1,LOW
2026-08-17 23:19:36.462562,FARM_001,Tomato,24.32,70.65,50.91,20.8,28.07,27.74,0,MEDIUM
2026-08-17 23:29:36.462562,FARM_001,Tomato,21.87,62.6,49.21,51.68,37.51,36.41,0,MEDIUM
2026-08-17 23:39:36.462562,FARM_001,Tomato,24.95,64.92,47.46,43.9,21.28,31.21,0,LOW
2026-08-17 23:49:36.462562,FARM_001,Tomato,24.77,66.82,51.92,1.55,47.12,26.38,0,LOW
2026-08-17 23:59:36.462562,FARM_001,Tomato,25.89,57.72,47.31,49.79,49.61,22.02,0,LOW
2026-08-18 00:09:36.462562,FARM_001,Tomato,25.31,56.69,47.29,0.0,21.79,36.68,0,LOW
2026-08-18 00:19:36.462562,FARM_001,Tomato,27.95,63.97,52.94,3.24,30.84,36.21,0,MEDIUM
2026-08-18 00:29:36.462562,FARM_001,Tomato,28.42,71.5,50.62,24.33,47.13,33.89,0,HIGH
2026-08-18 00:39:36.462562,FARM_001,Tomato,21.11,63.62,40.71,11.54,34.58,29.67,0,LOW
2026-08-18 00:49:36.462562,FARM_001,Tomato,28.21,61.17,48.23,53.68,17.03,26.16,0,LOW
2026-08-18 00:59:36.462562,FARM_001,Tomato,20.61,62.54,41.61,36.06,32.79,32.2,0,LOW
2026-08-18 01:09:36.462562,FARM_001,Tomato,27.18,64.95,47.57,79.25,23.85,25.0,0,LOW
2026-08-18 01:19:36.462562,FARM_001,Tomato,27.29,65.63,47.43,20.48,48.56,28.22,0,LOW
2026-08-18 01:29:36.462562,FARM_001,Tomato,18.0,82.51,37.94,24.13,42.23,39.69,0,HIGH
2026-08-18 01:39:36.462562,FARM_001,Tomato,25.34,75.07,44.38,63.04,30.65,21.95,0,MEDIUM
2026-08-18 01:49:36.462562,FARM_001,Tomato,23.27,74.87,46.35,25.05,36.39,36.36,0,HIGH
2026-08-18 01:59:36.462562,FARM_001,Tomato,22.19,75.83,42.77,71.32,18.12,41.02,0,HIGH
2026-08-18 02:09:36.462562,FARM_001,Tomato,30.0,61.31,46.61,43.49,25.1,37.15,0,MEDIUM
2026-08-18 02:19:36.462562,FARM_001,Tomato,22.58,59.81,49.11,0.0,54.17,34.77,0,LOW
2026-08-18 02:29:36.462562,FARM_001,Tomato,22.02,60.58,44.84,62.09,35.27,29.86,0,LOW
2026-08-18 02:39:36.462562,FARM_001,Tomato,25.28,76.94,46.15,54.35,46.32,28.82,0,HIGH
2026-08-18 02:49:36.462562,FARM_001,Tomato,27.54,64.33,52.06,55.48,37.52,19.69,0,LOW
2026-08-18 02:59:36.462562,FARM_001,Tomato,24.48,59.62,47.41,0.0,51.16,32.71,0,LOW
2026-08-18 03:09:36.462562,FARM_001,Tomato,29.32,65.11,46.02,8.34,9.41,30.21,0,MEDIUM
2026-08-18 03:19:36.462562,FARM_001,Tomato,26.96,66.4,40.11,10.51,32.23,28.52,0,LOW
2026-08-18 03:29:36.462562,FARM_001,Tomato,18.0,69.8,48.42,3.14,55.32,32.39,0,MEDIUM
2026-08-18 03:39:36.462562,FARM_001,Tomato,23.04,69.68,46.68,78.56,46.65,32.86,0,MEDIUM
2026-08-18 03:49:36.462562,FARM_001,Tomato,22.92,62.45,51.55,27.36,51.3,28.88,0,LOW
2026-08-18 03:59:36.462562,FARM_001,Tomato,26.77,72.59,45.24,26.63,34.51,41.69,0,HIGH
2026-08-18 04:09:36.462562,FARM_001,Tomato,18.0,63.72,35.74,43.82,27.83,36.66,0,MEDIUM
2026-08-18 04:19:36.462562,FARM_001,Tomato,34.0,66.95,36.33,44.32,21.66,37.61,0,HIGH
2026-08-18 04:29:36.462562,FARM_001,Tomato,26.96,72.6,48.75,0.0,20.78,31.91,0,HIGH
2026-08-18 04:39:36.462562,FARM_001,Tomato,25.55,63.7,42.09,8.83,44.77,35.41,0,MEDIUM
2026-08-18 04:49:36.462562,FARM_001,Tomato,29.37,64.19,47.23,0.0,41.07,27.39,0,LOW
2026-08-18 04:59:36.462562,FARM_001,Tomato,33.67,71.96,45.58,39.39,33.76,36.3,0,HIGH
2026-08-18 05:09:36.462562,FARM_001,Tomato,28.22,62.25,44.15,19.26,41.0,31.33,0,LOW
2026-08-18 05:19:36.462562,FARM_001,Tomato,28.51,65.42,44.51,28.15,36.39,26.67,0,LOW
2026-08-18 05:29:36.462562,FARM_001,Tomato,25.48,71.72,40.59,0.0,46.72,32.37,0,HIGH
2026-08-18 05:39:36.462562,FARM_001,Tomato,24.48,81.76,44.92,18.65,46.6,30.84,0,HIGH
2026-08-18 05:49:36.462562,FARM_001,Tomato,23.24,72.06,42.02,60.26,21.17,45.74,0,HIGH
2026-08-18 05:59:36.462562,FARM_001,Tomato,21.94,71.17,43.1,68.86,38.05,34.98,0,HIGH
2026-08-18 06:09:36.462562,FARM_001,Tomato,22.46,71.56,43.35,48.69,13.57,41.5,0,HIGH
2026-08-18 06:19:36.462562,FARM_001,Tomato,20.0,60.81,43.84,0.0,36.28,38.95,0,MEDIUM
2026-08-18 06:29:36.462562,FARM_001,Tomato,24.72,68.77,49.7,64.47,42.21,32.72,0,MEDIUM
2026-08-18 06:39:36.462562,FARM_001,Tomato,18.77,67.8,44.34,48.84,18.05,29.97,0,LOW
2026-08-18 06:49:36.462562,FARM_001,Tomato,25.71,70.15,50.22,24.28,29.35,22.58,0,LOW
2026-08-18 06:59:36.462562,FARM_001,Tomato,24.87,68.78,52.84,0.0,34.72,27.54,0,MEDIUM
2026-08-18 07:09:36.462562,FARM_001,Tomato,25.54,70.54,49.36,55.54,37.55,36.28,0,HIGH
2026-08-18 07:19:36.462562,FARM_001,Tomato,23.07,65.91,47.73,10.41,31.09,30.78,0,LOW
2026-08-18 07:29:36.462562,FARM_001,Tomato,34.0,68.39,46.67,37.81,19.83,34.64,0,HIGH
2026-08-18 07:39:36.462562,FARM_001,Tomato,30.03,59.77,49.41,29.7,33.92,20.93,0,LOW
2026-08-18 07:49:36.462562,FARM_001,Tomato,20.4,65.86,45.46,72.62,13.78,35.09,0,MEDIUM
2026-08-18 07:59:36.462562,FARM_001,Tomato,25.86,77.32,50.02,24.04,31.67,38.75,0,HIGH
2026-08-18 08:09:36.462562,FARM_001,Tomato,22.75,70.14,48.13,27.26,29.04,22.38,0,LOW
2026-08-18 08:19:36.462562,FARM_001,Tomato,21.25,67.86,43.16,73.8,32.91,34.62,0,MEDIUM
2026-08-18 08:29:36.462562,FARM_001,Tomato,20.04,80.7,49.57,8.48,27.55,40.16,0,HIGH
2026-08-18 08:39:36.462562,FARM_001,Tomato,26.6,58.88,45.47,51.48,15.6,42.08,0,MEDIUM
2026-08-18 08:49:36.462562,FARM_001,Tomato,22.48,60.57,44.46,21.9,29.98,29.63,0,LOW
2026-08-18 08:59:36.462562,FARM_001,Tomato,28.58,79.48,42.57,0.0,46.33,36.95,0,HIGH
2026-08-18 09:09:36.462562,FARM_001,Tomato,28.68,68.31,45.85,27.73,50.49,40.65,0,HIGH
2026-08-18 09:19:36.462562,FARM_001,Tomato,30.08,66.37,50.08,47.9,65.34,34.79,0,MEDIUM
2026-08-18 09:29:36.462562,FARM_001,Tomato,21.85,59.97,49.53,67.23,55.91,39.82,0,MEDIUM
2026-08-18 09:39:36.462562,FARM_001,Tomato,26.76,71.0,46.8,70.76,19.52,32.3,0,MEDIUM
2026-08-18 09:49:36.462562,FARM_001,Tomato,27.34,71.65,48.06,19.09,29.45,34.75,0,HIGH
2026-08-18 09:59:36.462562,FARM_001,Tomato,23.25,60.67,51.49,0.0,34.31,28.96,0,LOW
2026-08-18 10:09:36.462562,FARM_001,Tomato,22.14,67.06,44.24,18.39,33.52,31.56,0,MEDIUM
2026-08-18 10:19:36.462562,FARM_001,Tomato,30.96,65.75,39.31,0.0,35.48,34.97,0,MEDIUM
2026-08-18 10:29:36.462562,FARM_001,Tomato,25.84,69.72,51.64,21.35,64.94,28.53,0,MEDIUM
2026-08-18 10:39:36.462562,FARM_001,Tomato,27.35,60.5,42.3,17.72,20.97,31.23,0,LOW
2026-08-18 10:49:36.462562,FARM_001,Tomato,21.96,76.39,41.48,48.94,25.61,36.84,0,HIGH
2026-08-18 10:59:36.462562,FARM_001,Tomato,20.49,74.14,35.84,0.0,55.31,44.2,0,HIGH
2026-08-18 11:09:36.462562,FARM_001,Tomato,22.89,65.57,47.91,6.28,26.84,20.82,0,LOW
2026-08-18 11:19:36.462562,FARM_001,Tomato,24.54,66.55,36.73,6.51,39.56,43.77,0,HIGH
2026-08-18 11:29:36.462562,FARM_001,Tomato,21.06,67.09,41.17,62.36,47.64,31.02,0,MEDIUM
2026-08-18 11:39:36.462562,FARM_001,Tomato,24.96,62.79,48.0,0.0,40.73,38.0,0,MEDIUM
2026-08-18 11:49:36.462562,FARM_001,Tomato,18.75,65.03,48.68,34.32,37.02,39.12,0,MEDIUM
2026-08-18 11:59:36.462562,FARM_001,Tomato,20.86,66.19,41.68,23.96,46.43,41.42,0,HIGH
2026-08-18 12:09:36.462562,FARM_001,Tomato,27.48,78.81,44.32,58.16,23.35,28.35,0,HIGH
2026-08-18 12:19:36.462562,FARM_001,Tomato,27.23,74.34,40.55,45.1,28.35,31.22,0,HIGH
2026-08-18 12:29:36.462562,FARM_001,Tomato,23.55,74.26,42.2,31.24,41.35,32.19,0,HIGH
2026-08-18 12:39:36.462562,FARM_001,Tomato,21.23,70.48,46.36,11.5,8.53,30.46,0,MEDIUM
2026-08-18 12:49:36.462562,FARM_001,Tomato,21.2,60.51,42.44,0.0,52.45,40.02,0,MEDIUM
2026-08-18 12:59:36.462562,FARM_001,Tomato,23.62,67.72,43.75,34.91,38.42,32.06,0,MEDIUM
2026-08-18 13:09:36.462562,FARM_001,Tomato,27.38,74.5,37.53,43.19,36.53,23.27,0,MEDIUM
2026-08-18 13:19:36.462562,FARM_001,Tomato,28.43,59.57,50.78,0.0,14.06,28.89,0,LOW
2026-08-18 13:29:36.462562,FARM_001,Tomato,23.16,72.26,47.6,0.0,18.39,23.5,0,LOW
2026-08-18 13:39:36.462562,FARM_001,Tomato,20.73,83.56,49.04,35.07,29.58,31.2,0,HIGH
2026-08-18 13:49:36.462562,FARM_001,Tomato,25.99,75.11,51.58,37.6,44.77,36.33,0,HIGH
2026-08-18 13:59:36.462562,FARM_001,Tomato,21.95,77.47,40.79,0.0,8.43,28.77,0,HIGH
2026-08-18 14:09:36.462562,FARM_001,Tomato,23.08,69.46,43.17,10.94,44.53,30.2,0,MEDIUM
2026-08-18 14:19:36.462562,FARM_001,Tomato,29.9,74.49,35.34,0.0,30.06,30.93,0,HIGH
2026-08-18 14:29:36.462562,FARM_001,Tomato,28.06,63.19,60.0,67.92,31.78,33.3,0,MEDIUM
2026-08-18 14:39:36.462562,FARM_001,Tomato,25.58,73.33,44.24,0.0,37.8,35.44,0,HIGH
2026-08-18 14:49:36.462562,FARM_001,Tomato,20.29,72.38,50.3,43.53,37.99,37.1,0,HIGH
2026-08-18 14:59:36.462562,FARM_001,Tomato,25.78,69.94,38.69,26.68,25.62,45.36,0,HIGH
2026-08-18 15:09:36.462562,FARM_001,Tomato,28.93,76.82,50.08,65.36,42.47,33.2,0,HIGH
2026-08-18 15:19:36.462562,FARM_001,Tomato,23.61,64.39,54.47,4.57,5.38,36.69,0,MEDIUM
2026-08-18 15:29:36.462562,FARM_001,Tomato,30.0,66.75,44.69,29.49,28.92,23.45,0,LOW
2026-08-18 15:39:36.462562,FARM_001,Tomato,29.78,68.64,39.84,0.0,36.54,30.34,0,MEDIUM
2026-08-18 15:49:36.462562,FARM_001,Tomato,31.16,61.1,44.29,0.0,30.25,30.96,0,LOW
2026-08-18 15:59:36.462562,FARM_001,Tomato,26.13,69.52,33.64,45.11,11.58,26.7,1,MEDIUM
2026-08-18 16:09:36.462562,FARM_001,Tomato,27.17,56.48,44.81,0.0,44.15,29.44,0,LOW
2026-08-18 16:19:36.462562,FARM_001,Tomato,30.23,75.01,49.19,21.04,18.87,31.89,0,HIGH
2026-08-18 16:29:36.462562,FARM_001,Tomato,26.66,68.31,44.82,57.23,33.75,29.62,0,MEDIUM
2026-08-18 16:39:36.462562,FARM_001,Tomato,23.15,64.51,43.55,49.5,36.53,47.33,0,HIGH
2026-08-18 16:49:36.462562,FARM_001,Tomato,23.34,62.41,47.69,8.29,34.85,35.42,0,MEDIUM
2026-08-18 16:59:36.462562,FARM_001,Tomato,25.88,66.43,48.08,0.0,49.33,43.91,0,HIGH
2026-08-18 17:09:36.462562,FARM_001,Tomato,20.22,72.61,36.53,42.58,33.93,41.01,0,HIGH
2026-08-18 17:19:36.462562,FARM_001,Tomato,24.47,71.67,45.45,66.89,39.99,28.86,0,MEDIUM
2026-08-18 17:29:36.462562,FARM_001,Tomato,29.06,63.27,57.42,8.36,33.9,32.71,0,MEDIUM
2026-08-18 17:39:36.462562,FARM_001,Tomato,18.0,62.33,38.19,4.24,42.32,30.02,0,LOW
2026-08-18 17:49:36.462562,FARM_001,Tomato,30.68,72.4,44.56,12.37,52.16,31.58,0,HIGH
2026-08-18 17:59:36.462562,FARM_001,Tomato,29.15,63.16,54.9,44.39,36.33,26.93,0,LOW
2026-08-18 18:09:36.462562,FARM_001,Tomato,23.3,68.4,50.63,63.57,44.45,29.98,0,MEDIUM
2026-08-18 18:19:36.462562,FARM_001,Tomato,27.01,68.83,42.38,0.0,52.94,34.55,0,MEDIUM
2026-08-18 18:29:36.462562,FARM_001,Tomato,25.01,70.09,46.05,0.0,51.7,34.4,0,HIGH
2026-08-18 18:39:36.462562,FARM_001,Tomato,29.55,73.75,44.99,96.03,29.75,33.94,0,HIGH
2026-08-18 18:49:36.462562,FARM_001,Tomato,28.64,59.54,41.18,22.52,47.66,32.16,0,LOW
2026-08-18 18:59:36.462562,FARM_001,Tomato,19.82,55.2,44.62,35.08,37.73,37.41,0,LOW
2026-08-18 19:09:36.462562,FARM_001,Tomato,27.17,64.2,43.57,7.5,48.68,31.03,0,LOW
2026-08-18 19:19:36.462562,FARM_001,Tomato,24.24,80.07,45.58,42.01,41.76,40.43,0,HIGH
2026-08-18 19:29:36.462562,FARM_001,Tomato,25.31,81.55,41.18,55.73,38.07,21.97,0,HIGH
2026-08-18 19:39:36.462562,FARM_001,Tomato,22.31,80.27,38.49,36.45,40.07,36.24,0,HIGH
2026-08-18 19:49:36.462562,FARM_001,Tomato,31.47,66.71,44.79,78.53,37.82,35.28,0,MEDIUM
2026-08-18 19:59:36.462562,FARM_001,Tomato,28.85,56.06,53.75,18.16,38.31,28.65,0,LOW
2026-08-18 20:09:36.462562,FARM_001,Tomato,22.26,52.3,45.42,20.02,32.6,30.48,0,LOW
2026-08-18 20:19:36.462562,FARM_001,Tomato,20.06,63.89,43.31,34.46,31.43,35.15,0,MEDIUM
2026-08-18 20:29:36.462562,FARM_001,Tomato,23.57,66.67,48.85,41.28,56.82,37.72,0,MEDIUM
2026-08-18 20:39:36.462562,FARM_001,Tomato,26.61,76.71,44.19,34.36,40.62,22.53,0,MEDIUM
2026-08-18 20:49:36.462562,FARM_001,Tomato,25.89,73.81,54.53,0.0,27.38,36.08,0,HIGH
2026-08-18 20:59:36.462562,FARM_001,Tomato,29.64,69.52,44.98,36.83,31.1,29.89,0,MEDIUM
2026-08-18 21:09:36.462562,FARM_001,Tomato,27.92,62.04,48.57,16.77,47.91,38.91,0,MEDIUM
2026-08-18 21:19:36.462562,FARM_001,Tomato,28.59,61.56,41.15,10.74,25.32,22.02,0,LOW
2026-08-18 21:29:36.462562,FARM_001,Tomato,26.21,69.7,47.57,28.65,15.93,46.44,0,HIGH
2026-08-18 21:39:36.462562,FARM_001,Tomato,19.86,72.67,46.4,0.0,16.85,27.45,0,MEDIUM
2026-08-18 21:49:36.462562,FARM_001,Tomato,24.28,70.63,44.71,0.0,12.81,40.65,0,HIGH
2026-08-18 21:59:36.462562,FARM_001,Tomato,28.92,61.07,42.44,0.0,18.23,32.11,0,LOW
2026-08-18 22:09:36.462562,FARM_001,Tomato,24.81,72.36,41.75,78.72,19.72,27.83,0,MEDIUM
2026-08-18 22:19:36.462562,FARM_001,Tomato,26.86,70.85,46.44,43.93,52.05,34.01,0,HIGH
2026-08-18 22:29:36.462562,FARM_001,Tomato,23.82,60.83,48.21,24.29,34.02,38.37,0,MEDIUM
2026-08-18 22:39:36.462562,FARM_001,Tomato,21.19,62.75,44.35,8.22,30.02,23.65,0,LOW
2026-08-18 22:49:36.462562,FARM_001,Tomato,24.54,72.61,46.47,0.0,16.41,36.5,0,HIGH
2026-08-18 22:59:36.462562,FARM_001,Tomato,26.14,66.43,44.81,6.43,32.8,32.43,0,MEDIUM
2026-08-18 23:09:36.462562,FARM_001,Tomato,22.57,78.65,45.5,48.6,12.71,35.79,0,HIGH
2026-08-18 23:19:36.462562,FARM_001,Tomato,24.13,71.36,43.98,55.21,29.95,32.56,0,MEDIUM
2026-08-18 23:29:36.462562,FARM_001,Tomato,21.52,64.74,45.09,46.45,60.61,29.24,0,LOW
2026-08-18 23:39:36.462562,FARM_001,Tomato,29.14,67.93,58.76,32.33,42.96,26.16,0,LOW
2026-08-18 23:49:36.462562,FARM_001,Tomato,23.91,68.42,46.59,65.77,31.96,36.33,0,MEDIUM
2026-08-18 23:59:36.462562,FARM_001,Tomato,30.38,63.12,48.29,18.11,43.4,36.3,0,MEDIUM
2026-08-19 00:09:36.462562,FARM_001,Tomato,30.66,61.89,47.23,59.39,28.03,36.27,0,MEDIUM
2026-08-19 00:19:36.462562,FARM_001,Tomato,24.7,72.7,43.66,16.47,24.51,34.94,0,HIGH
2026-08-19 00:29:36.462562,FARM_001,Tomato,21.27,73.66,51.6,1.97,56.07,37.88,0,HIGH
2026-08-19 00:39:36.462562,FARM_001,Tomato,18.0,72.05,43.52,0.0,20.21,40.51,0,HIGH
2026-08-19 00:49:36.462562,FARM_001,Tomato,19.55,78.15,50.38,0.0,30.14,21.8,0,MEDIUM
2026-08-19 00:59:36.462562,FARM_001,Tomato,19.92,64.37,43.3,46.94,38.46,19.15,0,LOW
2026-08-19 01:09:36.462562,FARM_001,Tomato,30.1,79.22,40.1,6.01,22.8,42.29,0,HIGH
2026-08-19 01:19:36.462562,FARM_001,Tomato,25.43,61.96,46.86,0.0,42.8,24.86,0,LOW
2026-08-19 01:29:36.462562,FARM_001,Tomato,26.44,61.22,39.37,48.54,30.74,26.31,0,LOW
2026-08-19 01:39:36.462562,FARM_001,Tomato,18.0,56.21,47.73,37.28,42.97,30.86,0,LOW
2026-08-19 01:49:36.462562,FARM_001,Tomato,20.57,65.01,38.91,55.81,41.98,23.07,0,LOW
2026-08-19 01:59:36.462562,FARM_001,Tomato,28.28,64.63,43.37,42.67,31.54,30.32,0,LOW
2026-08-19 02:09:36.462562,FARM_001,Tomato,26.06,71.52,37.7,5.71,56.15,27.1,0,MEDIUM
2026-08-19 02:19:36.462562,FARM_001,Tomato,24.46,69.63,59.4,29.92,26.22,31.17,0,MEDIUM
2026-08-19 02:29:36.462562,FARM_001,Tomato,27.09,60.01,36.56,31.35,51.6,34.1,0,LOW
2026-08-19 02:39:36.462562,FARM_001,Tomato,31.05,65.37,45.05,0.86,49.4,30.54,0,MEDIUM
2026-08-19 02:49:36.462562,FARM_001,Tomato,24.18,65.51,50.83,0.0,56.91,30.25,0,LOW
2026-08-19 02:59:36.462562,FARM_001,Tomato,25.26,56.1,50.29,7.82,36.79,33.97,0,LOW
2026-08-19 03:09:36.462562,FARM_001,Tomato,25.71,61.43,49.34,87.17,24.66,38.45,0,MEDIUM
2026-08-19 03:19:36.462562,FARM_001,Tomato,33.85,62.84,43.38,15.65,60.77,41.64,0,HIGH
2026-08-19 03:29:36.462562,FARM_001,Tomato,18.0,77.61,51.89,63.7,30.38,31.25,0,HIGH
2026-08-19 03:39:36.462562,FARM_001,Tomato,27.53,69.28,49.66,14.02,24.35,42.9,0,HIGH
2026-08-19 03:49:36.462562,FARM_001,Tomato,24.58,72.44,46.08,53.65,32.21,37.5,0,HIGH
2026-08-19 03:59:36.462562,FARM_001,Tomato,27.1,57.96,46.23,54.05,22.23,25.48,0,LOW
2026-08-19 04:09:36.462562,FARM_001,Tomato,22.57,76.0,43.45,55.52,41.23,25.31,0,MEDIUM
2026-08-19 04:19:36.462562,FARM_001,Tomato,24.82,76.72,40.36,39.02,26.97,29.21,0,HIGH
2026-08-19 04:29:36.462562,FARM_001,Tomato,27.63,54.61,51.31,67.92,30.98,40.73,0,LOW
2026-08-19 04:39:36.462562,FARM_001,Tomato,34.0,63.27,51.69,38.75,46.79,29.64,0,LOW
2026-08-19 04:49:36.462562,FARM_001,Tomato,27.99,71.32,40.49,77.74,42.46,21.71,0,LOW
2026-08-19 04:59:36.462562,FARM_001,Tomato,21.86,72.32,44.22,0.0,34.8,31.2,0,MEDIUM
